moduleCode,category,screenName,isWidget,isPopup,isBase,isSubComponent,menuCd,layoutCategory,patternCode,rawPatternCode,subPattern,confidence,reason,components,apiCalls,callServices,spNames,lines,filePath,relativePath
baselineforecast,common,PopSelectItemLvItem,N,Y,N,N,,POPUP,popup,,popup_grid,high,Pop* file · grid=1,SearchArea:1;WorkArea:1;BaseGrid:1;InputField:2;PopupDialog:1,engine/dp/SRV_GET_UI_BF_00_POPUP_ITEM_Q1,,,147,/baselineforecast/common/PopSelectItemLvItem,view/baselineforecast/common/PopSelectItemLvItem.jsx
baselineforecast,common,PopSelectSalesLvAccount,N,Y,N,N,,POPUP,popup,,popup_grid,high,Pop* file · grid=1,SearchArea:1;WorkArea:1;BaseGrid:1;InputField:2;PopupDialog:1,engine/dp/SRV_GET_UI_BF_00_POPUP_ACCT_Q1,,,145,/baselineforecast/common/PopSelectSalesLvAccount,view/baselineforecast/common/PopSelectSalesLvAccount.jsx
baselineforecast,master,AbcAnalysis,N,N,N,N,UI_BF_17,LAYOUT_SINGLE,search_grid,P02_search_grid,,high,SearchArea + 1 BaseGrid,ContentInner:1;SearchArea:1;SearchRow:1;WorkArea:1;BaseGrid:1;InputField:4;PlanScope:1,baselineforecast/master/getHeatMapLevelsByPlanScope;engine/bf/UpdateHeatSimulation;engine/bf/DoHeatMapLoad;engine/bf/getAbcXyzThld;engine/bf/DoHeatMapReload;engine/bf/DoSaveAbcXyz;engine/bf/DoHeatMapGetTarget;baselineforecast/master/abcAnalysis;engine/dp/SRV_GET_SP_UI_DP_00_LV_CD_Q1,,SP_UI_DP_00_LV_CD_Q1,1541,/baselineforecast/master/AbcAnalysis,view/baselineforecast/master/abcanalysis/AbcAnalysis.jsx
baselineforecast,master,AbcXyzBox,N,N,N,Y,,SUBCOMPONENT,subcomponent,,form_part,high,sub-component folder,,,,,392,/baselineforecast/master/abcanalysis/component/AbcXyzBox,view/baselineforecast/master/abcanalysis/component/AbcXyzBox.jsx
baselineforecast,master,ActualSales,N,N,N,N,UI_BF_05,LAYOUT_SINGLE,search_grid,P02_search_grid,,high,SearchArea + 1 BaseGrid,ContentInner:1;SearchArea:1;SearchRow:1;WorkArea:1;BaseGrid:1;GridCnt:1;GridSaveButton:1;GridExcelExportButton:1;InputField:2;PlanScope:1;PopSelectItem:1;PopSelectAccount:1,engine/dp/SRV_GET_SP_UI_BF_05_Q1;common/json-save,,SP_UI_DP_00_CONF_Q1;SP_UI_DP_00_CONF_Q1_01;SP_UI_DP_00_CONF_Q1_02;SP_UI_DP_00_CONF_Q1_03;SP_UI_BF_05_Q1;SP_UI_BF_05_S1_J,420,/baselineforecast/master/ActualSales,view/baselineforecast/master/actualsales/ActualSales.jsx
baselineforecast,master,Config,N,N,N,N,UI_BF_01,LAYOUT_V2,v2_dual_grid,,,mid,2 BaseGrid no SplitPanel,ContentInner:1;SearchArea:1;SearchRow:1;WorkArea:1;BaseGrid:2;GridCnt:1;GridAddRowButton:1;GridDeleteRowButton:2;GridSaveButton:2;InputField:2;PlanScope:1,engine/dp/SRV_SET_SP_UI_DP_01_;engine/dp/SRV_GET_,,SP_UI_DP_01_,756,/baselineforecast/master/Config,view/baselineforecast/master/config/Config.jsx
baselineforecast,master,DateFactor,N,N,N,N,UI_BF_06,LAYOUT_SINGLE,search_grid,P02_search_grid,,high,SearchArea + 1 BaseGrid,ContentInner:1;SearchArea:1;SearchRow:1;WorkArea:1;BaseGrid:1;GridCnt:1;GridAddRowButton:1;GridDeleteRowButton:1;GridSaveButton:1;GridExcelExportButton:1;InputField:2;PlanScope:1;PopPersonalize:1,engine/dp/SRV_GET_SP_UI_BF_06_Q1;engine/dp/SRV_SET_SP_UI_BF_06_D1;common/json-save,,SP_UI_BF_06_Q1;SP_UI_BF_06_D1;SP_UI_BF_06_D1_P_RT_MSG;SP_UI_BF_06_S1_J,393,/baselineforecast/master/DateFactor,view/baselineforecast/master/datefactor/DateFactor.jsx
baselineforecast,master,Factor,N,N,N,N,UI_BF_09,LAYOUT_SINGLE,search_grid,P02_search_grid,,high,SearchArea + 1 BaseGrid,ContentInner:1;SearchArea:1;SearchRow:1;WorkArea:1;BaseGrid:1;GridCnt:1;GridSaveButton:1;InputField:2;PlanScope:1,engine/dp/SRV_GET_SP_UI_BF_09_Q1;engine/dp/SRV_SET_SP_UI_BF_09_D1,,SP_UI_BF_09_Q1;SP_UI_BF_09_D1;SP_UI_BF_09_D1_P_RT_MSG;SP_UI_BF_09_S1,320,/baselineforecast/master/Factor,view/baselineforecast/master/factor/Factor.jsx
baselineforecast,master,ForecastTarget,N,N,N,N,UI_BF_13,LAYOUT_SINGLE,search_grid,P02_search_grid,,high,SearchArea + 1 BaseGrid,ContentInner:1;SearchArea:1;SearchRow:1;WorkArea:1;BaseGrid:1;GridAddRowButton:1;GridDeleteRowButton:1;GridSaveButton:1;GridExcelExportButton:1;InputField:1;PlanScope:1;PopSelectItem:1;PopSelectAccount:1,engine/dp/SRV_GET_SP_UI_BF_13_Q1;common/json-save;engine/dp/SRV_SET_SP_UI_BF_13_D1;engine/dp/SRV_SET_SP_UI_BF_13_M1,,SP_UI_BF_13_Q1;SP_UI_BF_13_S1_J;SP_UI_BF_13_D1;SP_UI_BF_13_M1,586,/baselineforecast/master/ForecastTarget,view/baselineforecast/master/forecasttarget/ForecastTarget.jsx
baselineforecast,master,heatmap,N,N,N,Y,,SUBCOMPONENT,subcomponent,,form_part,high,sub-component folder,,engine/bf/DoHeatMapDrag,,,810,/baselineforecast/master/abcanalysis/component/heatmap,view/baselineforecast/master/abcanalysis/component/heatmap.jsx
baselineforecast,master,ItemMapFLODiagram,N,N,N,N,,LAYOUT_ROUTELAYOUT,rl_layout_design,rl_layout,,high,route keyword · flo=1,FLODiagram:1,,,,72,/baselineforecast/master/newtargetsalesmap/ItemMapFLODiagram,view/baselineforecast/master/newtargetsalesmap/ItemMapFLODiagram.jsx
baselineforecast,master,NewTargetSalesMap,N,N,N,N,UI_BF_14,LAYOUT_V2,v2_dual_grid,,,mid,2 BaseGrid no SplitPanel,ContentInner:1;SearchArea:1;SearchRow:1;WorkArea:1;BaseGrid:2;GridCnt:1;GridAddRowButton:1;GridDeleteRowButton:1;GridSaveButton:1;GridExcelExportButton:1;InputField:1;PlanScope:1;PopSelectItem:2;PopSelectAccount:2,engine/dp/SRV_GET_SP_UI_BF_14_Q2;engine/dp/SRV_GET_SP_UI_BF_14_CHART_Q2;engine/dp/SRV_GET_SP_UI_BF_14_Q1;common/json-save;engine/dp/SRV_GET_SP_UI_BF_14_CHART_Q1;engine/dp/SRV_SET_SP_UI_BF_14_D1,,SP_UI_BF_14_Q2;SP_UI_BF_14_CHART_Q2;SP_UI_BF_14_Q1;SP_UI_BF_14_S2_J;SP_UI_BF_14_S2_J_P_RT_MSG;SP_UI_BF_14_CHART_Q1;SP_UI_BF_14_D1;SP_UI_BF_14_D1_P_RT_MSG;SP_UI_BF_14_S1_J,1532,/baselineforecast/master/NewTargetSalesMap,view/baselineforecast/master/newtargetsalesmap/NewTargetSalesMap.jsx
baselineforecast,master,SalesFactor,N,N,N,N,UI_BF_07,LAYOUT_SINGLE,search_grid,P02_search_grid,,high,SearchArea + 1 BaseGrid,ContentInner:1;SearchArea:1;SearchRow:1;WorkArea:1;BaseGrid:1;GridCnt:1;GridAddRowButton:1;GridDeleteRowButton:1;GridSaveButton:1;GridExcelExportButton:1;InputField:2;PlanScope:1;PopSelectItem:1;PopSelectAccount:1;PopPersonalize:1,engine/dp/SRV_GET_SP_UI_BF_07_Q1;engine/dp/SRV_SET_SP_UI_BF_07_D1;common/json-save,,SP_UI_BF_07_Q1;SP_UI_BF_07_D1;SP_UI_BF_07_D1_P_RT_MSG;SP_UI_BF_07_S1_J,513,/baselineforecast/master/SalesFactor,view/baselineforecast/master/salesfactor/SalesFactor.jsx
baselineforecast,master,Validation,N,N,N,N,UI_BF_00,LAYOUT_SINGLE,search_grid,P02_search_grid,,high,SearchArea + 1 BaseGrid,ContentInner:1;SearchArea:1;SearchRow:1;WorkArea:1;BaseGrid:1;PlanScope:1,common/data,,SP_UI_BF_DATA_VALIDATION,247,/baselineforecast/master/Validation,view/baselineforecast/master/validation/Validation.jsx
baselineforecast,master,ValidationAccordion,N,N,N,N,,LAYOUT_SINGLE,free_form,,,low,no recognized grid/chart/split components,,,,,59,/baselineforecast/master/validation/ValidationAccordion,view/baselineforecast/master/validation/ValidationAccordion.jsx
baselineforecast,report,Accuracy,N,N,N,N,UI_BF_55,LAYOUT_V2,grid_chart_stacked,v2_chart_grid,,mid,Chart=1 Grid=1,ContentInner:1;SearchArea:1;SearchRow:1;WorkArea:1;BaseGrid:1;ChartComponent:1;GridCnt:1;GridExcelExportButton:1;InputField:5;PlanScope:1;PopPersonalize:1,engine/dp/SRV_GET_SP_UI_BF_00_VERSION_Q1;engine/dp/SRV_GET_SP_UI_DP_00_LV_CD_Q1;engine/dp/SRV_GET_SP_UI_BF_55_Q1,,SP_UI_BF_00_VERSION_Q1;SP_UI_DP_00_LV_CD_Q1;SP_UI_BF_55_Q1,703,/baselineforecast/report/Accuracy,view/baselineforecast/report/accuracy/Accuracy.jsx
baselineforecast,report,AccuracyAnalysisReport,N,N,N,N,,LAYOUT_V2,grid_chart_stacked,v2_chart_grid,,mid,Chart=1 Grid=1,ContentInner:1;SearchArea:1;SearchRow:1;WorkArea:1;BaseGrid:1;ChartComponent:1;InputField:2;PlanScope:1,accuaryAnalysisReport/version;accuaryAnalysisReport/accuracyClick,,,996,/baselineforecast/report/AccuracyAnalysisReport,view/baselineforecast/report/accuracyanalysisreport/AccuracyAnalysisReport.jsx
baselineforecast,report,BaselineForecastBoard,N,N,N,N,UI_BF_BASELINE_FORECAST_STATE,LAYOUT_SINGLE,widget_dashboard,P01_widget_dashboard,,high,DashboardPanel=1,ContentInner:1;DashboardPanel:1,,,,74,/baselineforecast/report/BaselineForecastBoard,view/baselineforecast/report/baselineforecastboard/BaselineForecastBoard.jsx
baselineforecast,report,ErrorCompare,N,N,N,N,UI_BF_52,LAYOUT_V2,grid_chart_stacked,v2_chart_grid,,mid,Chart=1 Grid=1,ContentInner:1;SearchArea:1;SearchRow:1;WorkArea:1;BaseGrid:1;ChartComponent:1;GridCnt:1;GridExcelExportButton:1;InputField:4;PlanScope:1;PopPersonalize:1,engine/dp/SRV_GET_SP_UI_BF_00_VERSION_Q1;engine/dp/SRV_GET_SP_UI_BF_52_Q1;engine/dp/SRV_SP_UI_BF_52_Q2;engine/dp/SRV_GET_SP_UI_DP_00_LV_CD_Q1,,SP_UI_BF_00_VERSION_Q1;SP_UI_BF_52_Q1;SP_UI_DP_00_LV_CD_Q1,756,/baselineforecast/report/ErrorCompare,view/baselineforecast/report/errorcompare/ErrorCompare.jsx
baselineforecast,report,FactorAnalysis,N,N,N,N,UI_BF_57,LAYOUT_V2,grid_chart_stacked,v2_chart_grid,,mid,Chart=4 Grid=3,ContentInner:1;SearchArea:1;SearchRow:1;WorkArea:1;BaseGrid:3;ChartComponent:4;GridCnt:1;GridExcelExportButton:3;InputField:2;PlanScope:1;PopPersonalize:1,engine/dp/SRV_GET_SP_UI_DP_00_LV_CD_Q1;engine/bf/DoFctImpCorr;engine/bf/DoSalesFct;engine/dp/SRV_GET_SP_UI_BF_56_CHART_Q1;engine/dp/SRV_GET_SP_UI_BF_56_Q1,,SP_UI_DP_00_LV_CD_Q1;SP_UI_BF_56_CHART_Q1;SP_UI_BF_56_Q1,2059,/baselineforecast/report/FactorAnalysis,view/baselineforecast/report/factoranalysis/FactorAnalysis.jsx
baselineforecast,report,ForecastError,N,N,N,N,UI_BF_51,LAYOUT_SINGLE,search_grid,P02_search_grid,,high,SearchArea + 1 BaseGrid,ContentInner:1;SearchArea:1;SearchRow:1;WorkArea:1;BaseGrid:1;GridCnt:1;GridExcelExportButton:1;InputField:3;PlanScope:1,engine/dp/SRV_GET_SP_UI_BF_00_VERSION_Q1;engine/dp/SRV_GET_SP_UI_BF_51_Q1;engine/dp/SRV_GET_SP_UI_DP_00_LV_CD_Q1,,SP_UI_BF_00_VERSION_Q1;SP_UI_BF_51_Q1;SP_UI_DP_00_LV_CD_Q1,581,/baselineforecast/report/ForecastError,view/baselineforecast/report/forecasterror/ForecastError.jsx
baselineforecast,report,ForecastResult,N,N,N,N,UI_BF_50,LAYOUT_V2,grid_chart_stacked,v2_chart_grid,,mid,Chart=1 Grid=1,ContentInner:1;SearchArea:1;SearchRow:1;WorkArea:1;BaseGrid:1;ChartComponent:1;GridCnt:1;GridExcelExportButton:1;InputField:5;PlanScope:1;PopPersonalize:1,engine/dp/SRV_GET_SP_UI_BF_00_VERSION_Q1;engine/dp/SRV_GET_SP_UI_BF_50_Q1;engine/dp/SRV_GET_SP_UI_BF_50_CHART_Q1;engine/dp/SRV_GET_SP_UI_DP_00_LV_CD_Q1,,SP_UI_BF_00_VERSION_Q1;SP_UI_BF_50_Q1;SP_UI_BF_50_CHART_Q1;SP_UI_DP_00_LV_CD_Q1,1042,/baselineforecast/report/ForecastResult,view/baselineforecast/report/forecastresult/ForecastResult.jsx
baselineforecast,report,ForecastresultDrawer,N,N,N,N,,LAYOUT_SINGLE,free_form,,,low,no recognized grid/chart/split components,,,,,147,/baselineforecast/report/forecastresult/ForecastresultDrawer,view/baselineforecast/report/forecastresult/ForecastresultDrawer.jsx
baselineforecast,report,PopForecastResultAccount,N,Y,N,N,,POPUP,popup,,popup_grid,high,Pop* file · grid=1,SearchArea:1;BaseGrid:1;InputField:3;PopupDialog:1,engine/dp/SRV_GET_SP_UI_DP_00_USER_SALES_LV_Q1;engine/dp/SRV_GET_SP_UI_DP_00_POPUP_ACCOUNT_Q1,,SP_UI_DP_00_USER_SALES_LV_Q1;SP_UI_DP_00_POPUP_ACCOUNT_Q1,247,/baselineforecast/report/forecastresult/PopForecastResultAccount,view/baselineforecast/report/forecastresult/PopForecastResultAccount.jsx
baselineforecast,report,PopForecastResultItem,N,Y,N,N,,POPUP,popup,,popup_grid,high,Pop* file · grid=1,SearchArea:1;BaseGrid:1;InputField:3;PopupDialog:1,engine/dp/SRV_GET_SP_UI_DP_00_USER_ITEM_LV_Q1;/engine/dp/SRV_GET_SP_UI_DP_00_POPUP_ITEM_Q1,,SP_UI_DP_00_USER_ITEM_LV_Q1;SP_UI_DP_00_POPUP_ITEM_Q1,224,/baselineforecast/report/forecastresult/PopForecastResultItem,view/baselineforecast/report/forecastresult/PopForecastResultItem.jsx
baselineforecast,report,RiskAnalysis,N,N,N,N,,LAYOUT_V2,grid_chart_stacked,v2_chart_grid,,mid,Chart=1 Grid=1,ContentInner:1;SearchArea:1;SearchRow:1;WorkArea:1;BaseGrid:1;ChartComponent:1;InputField:2;PlanScope:1,engine/dp/SRV_GET_SP_UI_BF_60;engine/dp/SRV_GET_SP_UI_BF_60_CHART,,SP_UI_BF_60;SP_UI_BF_60_CHART,926,/baselineforecast/report/RiskAnalysis,view/baselineforecast/report/riskanalysis/RiskAnalysis.jsx
baselineforecast,report,SalesAnalysis,N,N,N,N,UI_BF_58,LAYOUT_V2,grid_chart_stacked,v2_chart_grid,,mid,Chart=2 Grid=1,ContentInner:1;SearchArea:1;SearchRow:1;WorkArea:1;BaseGrid:1;ChartComponent:2;GridCnt:1;GridExcelExportButton:1;InputField:7;PlanScope:1,common/json-save;engine/dp/SRV_GET_SP_UI_DP_00_LV_CD_Q1;engine/dp/SRV_GET_SP_UI_BF_58_CHART_Q1,,SP_UI_BF_05_S1_J;SP_UI_DP_00_LV_CD_Q1;SP_UI_BF_58_CHART_Q1,1485,/baselineforecast/report/SalesAnalysis,view/baselineforecast/report/salesanalysis/SalesAnalysis.jsx
baselineforecast,report,VersionCompare,N,N,N,N,UI_BF_53,LAYOUT_V2,grid_chart_stacked,v2_chart_grid,,mid,Chart=1 Grid=1,ContentInner:1;SearchArea:1;SearchRow:1;WorkArea:1;BaseGrid:1;ChartComponent:1;GridExcelExportButton:1;InputField:2;PlanScope:1;PopPersonalize:1,engine/dp/SRV_GET_SP_UI_BF_00_ENGINE_TP;engine/dp/SRV_GET_SP_UI_BF_53_Q0;engine/dp/SRV_GET_SP_UI_BF_53_Q1;engine/dp/SRV_GET_SP_UI_BF_53_CHART_Q1,,SP_UI_BF_00_ENGINE_TP;SP_UI_BF_53_Q0;SP_UI_BF_53_Q1;SP_UI_BF_53_CHART_Q1,540,/baselineforecast/report/VersionCompare,view/baselineforecast/report/versioncompare/VersionCompare.jsx
baselineforecast,report,VersionErrorCompare,N,N,N,N,UI_BF_54,LAYOUT_V2,grid_chart_stacked,v2_chart_grid,,mid,Chart=1 Grid=1,ContentInner:1;SearchArea:1;SearchRow:1;WorkArea:1;BaseGrid:1;ChartComponent:1;GridExcelExportButton:1;InputField:3;PlanScope:1,engine/dp/SRV_GET_SP_UI_BF_00_ENGINE_TP;engine/dp/SRV_GET_SP_UI_BF_53_Q0;engine/dp/SRV_GET_SP_UI_DP_00_CONF_Q1;engine/dp/SRV_GET_SP_UI_BF_54_Q1;engine/dp/SRV_GET_SP_UI_BF_54_CHART_Q1,,SP_UI_BF_00_ENGINE_TP;SP_UI_BF_53_Q0;SP_UI_DP_00_CONF_Q1_01;SP_UI_DP_00_CONF_Q1_02;SP_UI_DP_00_CONF_Q1_03;SP_UI_DP_00_CONF_Q1;SP_UI_BF_54_Q1;SP_UI_BF_54_CHART_Q1,601,/baselineforecast/report/VersionErrorCompare,view/baselineforecast/report/versionerrorcompare/VersionErrorCompare.jsx
baselineforecast,version,ControlBoard,N,N,N,N,UI_BF_16,LAYOUT_CONTROLBOARD,cb_master_dashboard,cb_master,,mid,controlboard match · chart=0 gantt=0,ContentInner:1;WorkArea:1;InputField:6,engine/dp/;engine/dp/SRV_BF_NEW_VERSION;engine/dp/GenerateBF,SRV_GET_BF_NEW_VER_INFO;SRV_GET_VERSION_STEP;SRV_GET_VERSION_OPTION;SRV_GET_VERSIONS_INFO;SRV_GET_BF_CONFIG;SRV_GET_DP_LEVEL;SRV_GET_DP_VER_BUKT;SRV_SELECT_BEST_VAL;SRV_CLOSE;UpdateBfOptions;UpdateBFMaster,SP_UI_BF_CONTROLBOARD_CLOSE_P_RT_MSG;SP_UI_BF_CONTROLBOARD_GEN_P_RT_MSG,1098,/baselineforecast/version/ControlBoard,view/baselineforecast/version/controlboard/ControlBoard.jsx
baselineforecast,version,IsControlBoard,N,N,N,N,,LAYOUT_CONTROLBOARD,cb_master_dashboard,cb_master,,mid,controlboard match · chart=0 gantt=0,ContentInner:1;WorkArea:1;InputField:6;PlanScope:1,engine/dp/;engine/bf/JobInvokeEngineService;engine/bf/UIInsightPredictCloseNetworkService;engine/dp/DeleteBF;engine/dp/SRV_BF_NEW_VERSION;engine/dp/GenerateBF,SRV_GET_BF_NEW_VER_INFO;SRV_GET_VERSION_STEP_INSIGHT;SRV_GET_VERSION_OPTION;SRV_GET_VERSIONS_INFO;SRV_GET_ENGINE_TYPE;SRV_GET_BF_CONFIG;SRV_GET_DP_LEVEL;SRV_GET_DP_VER_BUKT;UpdateBfOptions;UpdateBFMaster,SP_UI_BF_DELETE_VERSION_P_RT_MSG,1565,/baselineforecast/version/IsControlBoard,view/baselineforecast/version/iscontrolboard/IsControlBoard.jsx
baselineforecast,version,PopScenarioKpiWeightConfig,N,Y,N,N,,POPUP,popup,,popup_form,high,Pop* file · grid=0,InputField:1;PopupDialog:1,,,,155,/baselineforecast/version/scenario/PopScenarioKpiWeightConfig,view/baselineforecast/version/scenario/PopScenarioKpiWeightConfig.jsx
baselineforecast,version,Scenario,N,N,N,N,,LAYOUT_SINGLE,free_form,,,low,no recognized grid/chart/split components,ContentInner:1;SearchArea:1;SearchRow:1;WorkArea:1;InputField:1;PlanScope:1,engine/dp/SRV_GET_SP_UI_BF_KPI_SCENARIO_SELECT;engine/dp/SRV_GET_SP_UI_BF_19_LIST;engine/dp/SRV_GET_SP_UI_BF_19_KPI_SCORE;engine/dp/SRV_GET_SP_UI_BF_19_KPI_SCENARIO_FEATURE,,SP_UI_BF_KPI_SCENARIO_SELECT;SP_UI_BF_19_LIST;SP_UI_BF_19_KPI_SCORE;SP_UI_BF_19_KPI_SCENARIO_FEATURE,886,/baselineforecast/version/Scenario,view/baselineforecast/version/scenario/Scenario.jsx
baselineforecast,version,Setup,N,N,N,N,,LAYOUT_SINGLE,free_form,,,low,no recognized grid/chart/split components,InputField:5,,,,167,/baselineforecast/version/scenario/Setup,view/baselineforecast/version/scenario/Setup.jsx
baselineforecast,widgets,BestSelectModel,Y,N,N,N,,WIDGET,widget_chart,,,high,widget folder · chart=1 grid=0,ChartComponent:1,common/data,,SP_UI_SA_BF_BEST_MODEL,134,/baselineforecast/widgets/BestSelectModel,view/baselineforecast/widgets/bestselectmodel/BestSelectModel.jsx
baselineforecast,widgets,DataValidation,Y,N,N,N,,WIDGET,widget_misc,,,high,widget folder · chart=0 grid=0,,,,,96,/baselineforecast/widgets/DataValidation,view/baselineforecast/widgets/datavalidation/DataValidation.jsx
baselineforecast,widgets,DemandForecastResult,Y,N,N,N,,WIDGET,widget_chart,,,high,widget folder · chart=1 grid=0,ChartComponent:1,common/data,,SP_UI_SA_BF_FORECAST_RESULT,176,/baselineforecast/widgets/DemandForecastResult,view/baselineforecast/widgets/demandforecastresult/DemandForecastResult.jsx
baselineforecast,widgets,GroupAccuracy,Y,N,N,N,,WIDGET,widget_misc,,,high,widget folder · chart=0 grid=0,,common/data,,SP_UI_SA_BF_BEST_MODEL,109,/baselineforecast/widgets/GroupAccuracy,view/baselineforecast/widgets/groupaccuracy/GroupAccuracy.jsx
common,,CommonCodeSelect,N,N,N,N,,LAYOUT_SINGLE,search_grid,P02_search_grid,,high,SearchArea + 1 BaseGrid,SearchArea:1;WorkArea:1;BaseGrid:1;InputField:3;PopupDialog:1,system/common/codes,,,245,/common/CommonCodeSelect,view/common/CommonCodeSelect.jsx
common,,IconPicker,N,N,N,N,,LAYOUT_SINGLE,free_form,,,low,no recognized grid/chart/split components,PopupDialog:1,,,,47,/common/IconPicker,view/common/IconPicker.jsx
common,,LlmMarkdown,N,N,N,N,,LAYOUT_SINGLE,free_form,,,low,no recognized grid/chart/split components,,,,,109,/common/LlmMarkdown,view/common/LlmMarkdown.jsx
common,,LogPopup,N,N,N,N,,LAYOUT_SINGLE,free_form,,,low,no recognized grid/chart/split components,PopupDialog:1,common/log/logMessage,,,51,/common/LogPopup,view/common/LogPopup.jsx
common,,PopAccountMulti,N,Y,N,N,,POPUP,popup,,popup_grid,high,Pop* file · grid=1,SearchArea:1;WorkArea:1;BaseGrid:1;InputField:2;PopupDialog:1,engine/mp/SRV_GET_ACCOUNT_GRID_LIST,,,171,/common/PopAccountMulti,view/common/PopAccountMulti.jsx
common,,PopDepartment,N,Y,N,N,,POPUP,popup,,popup_grid,high,Pop* file · grid=1,SearchArea:1;WorkArea:1;BaseGrid:1;InputField:2;PopupDialog:1,,,,170,/common/PopDepartment,view/common/PopDepartment.jsx
common,,PopItemMulti,N,Y,N,N,,POPUP,popup,,popup_grid,high,Pop* file · grid=1,SearchArea:1;WorkArea:1;BaseGrid:1;InputField:4;PopupDialog:1,engine/mp/SRV_GET_COMBO_LIST;engine/mp/,,,166,/common/PopItemMulti,view/common/PopItemMulti.jsx
common,,PopKpiWeightConfig,N,Y,N,N,,POPUP,popup,,popup_form,high,Pop* file · grid=0,InputField:1;PopupDialog:1,,,,113,/common/PopKpiWeightConfig,view/common/PopKpiWeightConfig.jsx
common,,PopLocatMst,N,Y,N,N,,POPUP,popup,,popup_grid,high,Pop* file · grid=1,BaseGrid:1;PopupDialog:1,engine/mp/SRV_GET_LOCAT_MST_GRID_LIST,,,110,/common/PopLocatMst,view/common/PopLocatMst.jsx
common,,PopLocatTp,N,Y,N,N,,POPUP,popup,,popup_grid,high,Pop* file · grid=1,BaseGrid:1;PopupDialog:1,engine/mp/SRV_GET_LOCAT_GRID_LIST,,,124,/common/PopLocatTp,view/common/PopLocatTp.jsx
common,,PopLocatTpMulti,N,Y,N,N,,POPUP,popup,,popup_grid,high,Pop* file · grid=1,BaseGrid:1;PopupDialog:1,engine/mp/SRV_GET_LOCAT_GRID_LIST,,,127,/common/PopLocatTpMulti,view/common/PopLocatTpMulti.jsx
common,,PopPersonalize,N,Y,N,N,,POPUP,popup,,popup_grid,high,Pop* file · grid=1,SearchArea:1;BaseGrid:1;InputField:2;PopupDialog:1,system/users/preference-masters/code-name-maps;system/users/preference-details/groups;system/users/preferences/init;system/users/preferences,,,534,/common/PopPersonalize,view/common/PopPersonalize.jsx
common,,PopPersonalizeDp,N,Y,N,N,,POPUP,popup,,popup_grid,high,Pop* file · grid=2,SearchArea:1;BaseGrid:2;InputField:2;PopupDialog:1,system/users/preference-masters/code-name-maps;system/users/preference-details/groups;system/users/preferences/init;system/users/preferences,,,870,/common/PopPersonalizeDp,view/common/PopPersonalizeDp.jsx
common,,PopResourceMulti,N,Y,N,N,,POPUP,popup,,popup_grid,high,Pop* file · grid=1,BaseGrid:1;PopupDialog:1,engine/mp/SRV_GET_RES_GRID_LIST,,,131,/common/PopResourceMulti,view/common/PopResourceMulti.jsx
common,,PopRouteMulti,N,Y,N,N,,POPUP,popup,,popup_grid,high,Pop* file · grid=1,BaseGrid:1;PopupDialog:1,engine/mp/SRV_UI_MP_38_Q2,,,121,/common/PopRouteMulti,view/common/PopRouteMulti.jsx
common,,PopSelectAccount,N,Y,N,N,,POPUP,popup,,popup_grid,high,Pop* file · grid=1,SearchArea:1;WorkArea:1;BaseGrid:1;InputField:3;PopupDialog:1,engine/dp/SRV_GET_SP_UI_DP_00_POPUP_ACCOUNT_Q1,,SP_UI_DP_00_USER_SALES_LV_Q1;SP_UI_DP_00_POPUP_ACCOUNT_Q1,236,/common/PopSelectAccount,view/common/PopSelectAccount.jsx
common,,PopSelectItem,N,Y,N,N,,POPUP,popup,,popup_grid,high,Pop* file · grid=1,SearchArea:1;WorkArea:1;BaseGrid:1;InputField:3;PopupDialog:1,engine/dp/SRV_GET_SP_UI_DP_00_POPUP_ITEM_Q1,,SP_UI_DP_00_USER_ITEM_LV_Q1;SP_UI_DP_00_POPUP_ITEM_Q1,233,/common/PopSelectItem,view/common/PopSelectItem.jsx
common,,PopSelectLvlAndAcct,N,Y,N,N,,POPUP,popup,,popup_grid,high,Pop* file · grid=1,SearchArea:1;BaseGrid:1;InputField:1;PopupDialog:1,engine/dp/SRV_GET_SP_UI_DP_00_LV_CD_Q1;engine/dp/SRV_GET_SP_UI_DP_USER_LEVEL_MAP_POP_Q2,,SP_UI_DP_00_LV_CD_Q1;SP_UI_DP_USER_LEVEL_MAP_POP_Q2,213,/common/PopSelectLvlAndAcct,view/common/PopSelectLvlAndAcct.jsx
common,,PopSelectLvlAndItem,N,Y,N,N,,POPUP,popup,,popup_grid,high,Pop* file · grid=1,SearchArea:1;BaseGrid:1;InputField:1;PopupDialog:1,engine/dp/SRV_GET_SP_UI_DP_00_LV_CD_Q1;engine/dp/SRV_GET_SP_UI_DP_USER_LEVEL_MAP_POP_Q1,,SP_UI_DP_00_LV_CD_Q1;SP_UI_DP_USER_LEVEL_MAP_POP_Q1,210,/common/PopSelectLvlAndItem,view/common/PopSelectLvlAndItem.jsx
common,,SearchInputStyles,N,N,N,N,,LAYOUT_SINGLE,free_form,,,low,no recognized grid/chart/split components,,,,,78,/common/SearchInputStyles,view/common/SearchInputStyles.jsx
common,,SimulationAiPanel,N,N,N,N,,LAYOUT_SINGLE,free_form,,,low,no recognized grid/chart/split components,,,,,167,/common/SimulationAiPanel,view/common/SimulationAiPanel.jsx
common,,SimulationComparisonTable,N,N,N,N,,LAYOUT_SINGLE,free_form,,,low,no recognized grid/chart/split components,,,,,393,/common/SimulationComparisonTable,view/common/SimulationComparisonTable.jsx
dashboard,,InvenBoard,N,N,N,N,UI_DASH_INVENTORY_BOARD,LAYOUT_SINGLE,widget_dashboard,P01_widget_dashboard,,high,DashboardPanel=1,ContentInner:1;DashboardPanel:1,,,,52,/dashboard/InvenBoard,view/dashboard/invenboard/InvenBoard.jsx
dashboard,,KpiBoard,N,N,N,N,UI_DASH_KPI_BOARD,LAYOUT_SINGLE,widget_dashboard,P01_widget_dashboard,,high,DashboardPanel=1,ContentInner:1;DashboardPanel:1,,,,90,/dashboard/KpiBoard,view/dashboard/kpiboard/KpiBoard.jsx
dashboard,,Overview,N,N,N,N,UI_DASH_OVERVIEW,LAYOUT_SINGLE,widget_dashboard,P01_widget_dashboard,,high,DashboardPanel=1,ContentInner:1;DashboardPanel:1,,,,67,/dashboard/Overview,view/dashboard/overview/Overview.jsx
dashboard,,PsiBoard,N,N,N,N,UI_DASH_PSI_BOARD,LAYOUT_SINGLE,widget_dashboard,P01_widget_dashboard,,high,DashboardPanel=1,ContentInner:1;DashboardPanel:1,,,,76,/dashboard/PsiBoard,view/dashboard/psiboard/PsiBoard.jsx
dashboard,,SalesBoard,N,N,N,N,UI_DASH_SALES_BOARD,LAYOUT_SINGLE,widget_dashboard,P01_widget_dashboard,,high,DashboardPanel=1,ContentInner:1;DashboardPanel:1,,,,76,/dashboard/SalesBoard,view/dashboard/salesboard/SalesBoard.jsx
dashboard,,SupplyBoard,N,N,N,N,UI_DASH_SUPPLY_BOARD,LAYOUT_SINGLE,widget_dashboard,P01_widget_dashboard,,high,DashboardPanel=1,ContentInner:1;DashboardPanel:1,,,,59,/dashboard/SupplyBoard,view/dashboard/supplyboard/SupplyBoard.jsx
demandplan,common,AccountSearchInput,N,N,N,N,,LAYOUT_SINGLE,free_form,,,low,no recognized grid/chart/split components,InputField:1,,,,563,/demandplan/common/AccountSearchInput,view/demandplan/common/AccountSearchInput.jsx
demandplan,common,AntSwitch,N,N,N,N,,LAYOUT_SINGLE,free_form,,,low,no recognized grid/chart/split components,,,,,47,/demandplan/common/AntSwitch,view/demandplan/common/AntSwitch.jsx
demandplan,common,DrawerMemo,N,N,N,N,,LAYOUT_SINGLE,free_form,,,low,no recognized grid/chart/split components,,,,,243,/demandplan/common/DrawerMemo,view/demandplan/common/DrawerMemo.jsx
demandplan,common,GridSelectionInfoBox,N,N,N,N,,LAYOUT_SINGLE,free_form,,,low,no recognized grid/chart/split components,,,,,84,/demandplan/common/GridSelectionInfoBox,view/demandplan/common/GridSelectionInfoBox.jsx
demandplan,common,IconComponent,N,N,N,N,,LAYOUT_SINGLE,free_form,,,low,no recognized grid/chart/split components,,,,,22,/demandplan/common/IconComponent,view/demandplan/common/IconComponent.jsx
demandplan,common,IconSelectInput,N,N,N,N,,LAYOUT_SINGLE,free_form,,,low,no recognized grid/chart/split components,InputField:1,,,,100,/demandplan/common/IconSelectInput,view/demandplan/common/IconSelectInput.jsx
demandplan,common,ItemSearchInput,N,N,N,N,,LAYOUT_SINGLE,free_form,,,low,no recognized grid/chart/split components,InputField:3,,,,524,/demandplan/common/ItemSearchInput,view/demandplan/common/ItemSearchInput.jsx
demandplan,common,ItemSearchInputTree,N,N,N,N,,LAYOUT_SINGLE,free_form,,,low,no recognized grid/chart/split components,InputField:1,,,,398,/demandplan/common/ItemSearchInputTree,view/demandplan/common/ItemSearchInputTree.jsx
demandplan,common,MemoCard,N,N,N,N,,LAYOUT_SINGLE,free_form,,,low,no recognized grid/chart/split components,,,,,211,/demandplan/common/MemoCard,view/demandplan/common/MemoCard.jsx
demandplan,common,Pagination,N,N,N,N,,LAYOUT_SINGLE,free_form,,,low,no recognized grid/chart/split components,,,,,133,/demandplan/common/Pagination,view/demandplan/common/Pagination.jsx
demandplan,common,PlanScope,N,N,N,N,,LAYOUT_SINGLE,free_form,,,low,no recognized grid/chart/split components,InputField:1,,,,90,/demandplan/common/PlanScope,view/demandplan/common/PlanScope.jsx
demandplan,common,PopAccountLv,N,Y,N,N,,POPUP,popup,,popup_grid,high,Pop* file · grid=1,SearchArea:1;BaseGrid:1;InputField:3;PopupDialog:1,engine/dp/SRV_GET_SP_UI_DP_ACCOUNT_LV_CD_Q1;engine/dp/SRV_GET_SP_UI_DP_00_POPUP_ACCOUNT_Q2,,SP_UI_DP_ACCOUNT_LV_CD_Q1;SP_UI_DP_00_POPUP_ACCOUNT_Q2,252,/demandplan/common/PopAccountLv,view/demandplan/common/PopAccountLv.jsx
demandplan,common,PopAccountTree,N,Y,N,N,,POPUP,popup,,popup_grid,high,Pop* file · grid=1,SearchArea:2;WorkArea:2;BaseGrid:1;InputField:4;PopupDialog:1,engine/dp/SRV_GET_SP_UI_DP_00_CONF_Q1;engine/dp/SRV_UI_DP_00_POPUP_ACC_TREE_Q2;engine/dp/SRV_UI_DP_00_POPUP_ACC_TREE_Q1,,SP_UI_DP_00_CONF_Q1_01;SP_UI_DP_00_CONF_Q1_02;SP_UI_DP_00_CONF_Q1_03;SP_UI_DP_00_CONF_Q1_04;SP_UI_DP_00_CONF_Q1,389,/demandplan/common/PopAccountTree,view/demandplan/common/PopAccountTree.jsx
demandplan,common,PopItemLv,N,Y,N,N,,POPUP,popup,,popup_grid,high,Pop* file · grid=1,SearchArea:1;BaseGrid:1;InputField:3;PopupDialog:1,engine/dp/SRV_GET_SP_UI_DP_ITEM_LV_CD_Q1;engine/dp/SRV_GET_SP_UI_DP_00_POPUP_ITEM_Q3,,SP_UI_DP_ITEM_LV_CD_Q1;SP_UI_DP_00_POPUP_ITEM_Q3,340,/demandplan/common/PopItemLv,view/demandplan/common/PopItemLv.jsx
demandplan,common,PopItemTree,N,Y,N,N,,POPUP,popup,,popup_grid,high,Pop* file · grid=1,SearchArea:2;WorkArea:2;BaseGrid:1;InputField:4;PopupDialog:1,engine/dp/SRV_GET_SP_UI_DP_00_CONF_Q1;engine/dp/SRV_UI_DP_00_POPUP_ITEM_TREE_Q2;engine/dp/SRV_GET_SP_UI_DP_00_ITEM_TREE_LV_DATA_Q1,,SP_UI_DP_00_CONF_Q1_01;SP_UI_DP_00_CONF_Q1_02;SP_UI_DP_00_CONF_Q1_03;SP_UI_DP_00_CONF_Q1_04;SP_UI_DP_00_CONF_Q1;SP_UI_DP_00_ITEM_TREE_LV_DATA_Q1,388,/demandplan/common/PopItemTree,view/demandplan/common/PopItemTree.jsx
demandplan,common,PopItemTreeList,N,Y,N,N,,POPUP,popup,,popup_grid,high,Pop* file · grid=1,SearchArea:1;BaseGrid:1;InputField:4;PopupDialog:1,engine/dp/SRV_GET_SP_UI_DP_00_CONF_Q1;engine/dp/SRV_UI_DP_00_POPUP_ITEM_TREE_Q2;engine/dp/SRV_GET_SP_UI_DP_00_ITEM_TREE_LV_DATA_Q1,,SP_UI_DP_00_CONF_Q1_01;SP_UI_DP_00_CONF_Q1_02;SP_UI_DP_00_CONF_Q1_03;SP_UI_DP_00_CONF_Q1;SP_UI_DP_00_ITEM_TREE_LV_DATA_Q1,548,/demandplan/common/PopItemTreeList,view/demandplan/common/PopItemTreeList.jsx
demandplan,common,PopSelectUser,N,Y,N,N,,POPUP,popup,,popup_grid,high,Pop* file · grid=1,SearchArea:1;WorkArea:1;BaseGrid:1;InputField:2;PopupDialog:1,engine/dp/SRV_GET_SP_UI_DP_00_POPUP_USER_Q1,,SP_UI_DP_00_POPUP_USER_Q1,212,/demandplan/common/PopSelectUser,view/demandplan/common/PopSelectUser.jsx
demandplan,common,TreeListSelectInput,N,N,N,N,,LAYOUT_SINGLE,h2_tree_grid,P04_tree_grid,,high,TreeGrid=1,TreeGrid:1;InputField:1,,,,357,/demandplan/common/TreeListSelectInput,view/demandplan/common/TreeListSelectInput.jsx
demandplan,common,TreeSelectInput,N,N,N,N,,LAYOUT_SINGLE,h2_tree_grid,P04_tree_grid,,high,TreeGrid=1,TreeGrid:1;InputField:1,,,,311,/demandplan/common/TreeSelectInput,view/demandplan/common/TreeSelectInput.jsx
demandplan,common,UserInputField,N,N,N,N,,LAYOUT_SINGLE,free_form,,,low,no recognized grid/chart/split components,InputField:1,,,,70,/demandplan/common/UserInputField,view/demandplan/common/UserInputField.jsx
demandplan,common,UserSearchInput,N,N,N,N,,LAYOUT_SINGLE,free_form,,,low,no recognized grid/chart/split components,InputField:1,,,,151,/demandplan/common/UserSearchInput,view/demandplan/common/UserSearchInput.jsx
demandplan,common,ValueOptionSelector,N,N,N,N,,LAYOUT_SINGLE,free_form,,,low,no recognized grid/chart/split components,InputField:2,,,SP_UI_DP_00_CM_CD_Q1;SP_UI_DP_00_CM_CD_Q1_01;SP_UI_DP_00_CM_CD_Q1_02,99,/demandplan/common/ValueOptionSelector,view/demandplan/common/ValueOptionSelector.jsx
demandplan,dashboard,DemandPlanBoard,N,N,N,N,UI_DP_DEMAND_PLAN_STATE,LAYOUT_SINGLE,widget_dashboard,P01_widget_dashboard,,high,DashboardPanel=1,ContentInner:1;DashboardPanel:1,,,,193,/demandplan/dashboard/DemandPlanBoard,view/demandplan/dashboard/demandplanboard/DemandPlanBoard.jsx
demandplan,dashboard,SalesBoard,N,N,N,N,UI_DP_SALES_STATE,LAYOUT_SINGLE,widget_dashboard,P01_widget_dashboard,,high,DashboardPanel=1,ContentInner:1;DashboardPanel:1,common/data,,SP_UI_SA_SALES_DP,96,/demandplan/dashboard/SalesBoard,view/demandplan/dashboard/salesboard/SalesBoard.jsx
demandplan,developer,DevMakeData,N,N,N,N,,LAYOUT_SINGLE,search_grid,P02_search_grid,,high,SearchArea + 1 BaseGrid,ContentInner:1;SearchArea:1;SearchRow:1;WorkArea:1;BaseGrid:1;InputField:3,engine/dp/SRV_GET_DP_MAKE_EX_MEASURE;engine/dp/SRV_GET_DP_MAKE_ACTUAL_SALES;engine/dp/SRV_DP_MAKE_DIMENSTION_DATA;engine/dp/SRV_DP_MAKE_UNIT_PRICE,,SP_UI_DP_MAKE_MONTHLY_SALES_SUM_P_RT_MSG,276,/demandplan/developer/DevMakeData,view/demandplan/developer/devmakedata/DevMakeData.jsx
demandplan,entry,AllReport,N,N,N,N,UI_DP_96,LAYOUT_SINGLE,free_form,,,low,no recognized grid/chart/split components,,,,,7,/demandplan/entry/AllReport,view/demandplan/entry/allreport/AllReport.jsx
demandplan,entry,AllReportChart,N,N,N,N,UI_DP_96_CHART,LAYOUT_SINGLE,free_form,,,low,no recognized grid/chart/split components,,,,,7,/demandplan/entry/AllReportChart,view/demandplan/entry/allreportchart/AllReportChart.jsx
demandplan,entry,BaseAllReport,N,N,Y,N,,BASE,base_wrapper,,,high,Base*.jsx wrapper,ContentInner:1;SearchArea:1;SearchRow:1;WorkArea:1;BaseGrid:1;ChartComponent:1;GridCnt:1;GridExcelExportButton:1;InputField:4;PlanScope:1;PopPersonalize:1,engine/dp/GetDemand,,SP_UI_DP_00_CONF_Q1;SP_UI_DP_00_CONF_Q1_01;SP_UI_DP_00_CONF_Q1_02;SP_UI_DP_00_CONF_Q1_03;SP_UI_DP_00_CONF_Q1_04;SP_UI_DP_CURRENCY_COMBO,1065,/demandplan/entry/allreport/BaseAllReport,view/demandplan/entry/allreport/BaseAllReport.jsx
demandplan,entry,BaseEntry,N,N,Y,N,,BASE,base_wrapper,,,high,Base*.jsx wrapper,ContentInner:1;SearchArea:1;SearchRow:1;WorkArea:1;BaseGrid:2;ChartComponent:1;GridCnt:1;GridExcelExportButton:2;GridExcelImportButton:1;InputField:4;PlanScope:1;PopPersonalize:1,engine/dp/CancelApproval;engine/dp/Approve;engine/dp/GetDemand;engineexcel/dp/GetDemand;engine/dp/SetDemand,,SP_UI_DP_00_CONF_Q1;SP_UI_DP_00_CONF_Q1_01;SP_UI_DP_00_CONF_Q1_02;SP_UI_DP_00_CONF_Q1_03;SP_UI_DP_00_CONF_Q1_04;SP_UI_DP_CURRENCY_COMBO;SP_UI_DP_AUTH_DIS_OPT_COMBO_Q1,3108,/demandplan/entry/entry/BaseEntry,view/demandplan/entry/entry/BaseEntry.jsx
demandplan,entry,Entry,N,N,N,N,UI_DP_95,LAYOUT_SINGLE,free_form,,,low,no recognized grid/chart/split components,,,,,7,/demandplan/entry/Entry,view/demandplan/entry/entry/Entry.jsx
demandplan,entry,EntryChart,N,N,N,N,UI_DP_95_CHART,LAYOUT_SINGLE,free_form,,,low,no recognized grid/chart/split components,,,,,7,/demandplan/entry/EntryChart,view/demandplan/entry/entrychart/EntryChart.jsx
demandplan,entry,EntryExtra,N,N,N,N,,LAYOUT_SINGLE,search_grid,P02_search_grid,,high,SearchArea + 1 BaseGrid,ContentInner:1;SearchArea:1;SearchRow:1;WorkArea:1;BaseGrid:1;GridCnt:1;GridExcelExportButton:1;GridExcelImportButton:1;InputField:4;PlanScope:1;PopPersonalize:1,engine/dp/CancelApproval;engine/dp/Approve;engine/dp/GetDemand;engineexcel/dp/GetDemand;engine/dp/SetDemand,,SP_UI_DP_00_CONF_Q1;SP_UI_DP_00_CONF_Q1_01;SP_UI_DP_00_CONF_Q1_02;SP_UI_DP_00_CONF_Q1_03;SP_UI_DP_00_CONF_Q1_04;SP_UI_DP_CURRENCY_COMBO;SP_UI_DP_AUTH_DIS_OPT_COMBO_Q1,2757,/demandplan/entry/EntryExtra,view/demandplan/entry/entryextra/EntryExtra.jsx
demandplan,entry,EntryNotify,N,N,N,N,UI_DP_ENTRY_NOTIFY,LAYOUT_V2,grid_chart_stacked,v2_chart_grid,,mid,Chart=1 Grid=1,ContentInner:1;SearchArea:1;SearchRow:1;WorkArea:1;BaseGrid:1;ChartComponent:1;GridCnt:1;InputField:3;PlanScope:1;PopPersonalize:1,engine/dp/GetDemand;engine/dp/SetDemand;engine/dp/,SRV_GET_SP_UI_DP_00_CONF_Q1;GetEntryNotifyChart;GetEntryNotifyGrid,SP_UI_DP_00_CONF_Q1;SP_UI_DP_00_CONF_Q1_01;SP_UI_DP_00_CONF_Q1_02;SP_UI_DP_00_CONF_Q1_03;SP_UI_DP_AUTH_DIS_OPT_COMBO_Q1,1016,/demandplan/entry/EntryNotify,view/demandplan/entry/entrynotify/EntryNotify.jsx
demandplan,entry,EntryReportDrawer,N,N,N,N,,LAYOUT_SINGLE,free_form,,,low,no recognized grid/chart/split components,,,,,452,/demandplan/entry/entry/EntryReportDrawer,view/demandplan/entry/entry/EntryReportDrawer.jsx
demandplan,entry,IssueReciver,N,N,N,N,,LAYOUT_SINGLE,free_form,,,low,no recognized grid/chart/split components,InputField:2,system/users/groups,,,202,/demandplan/entry/entry/IssueReciver,view/demandplan/entry/entry/IssueReciver.jsx
demandplan,entry,PopComment,N,Y,N,N,,POPUP,popup,,popup_form,high,Pop* file · grid=0,InputField:1;PopupDialog:1,,,,96,/demandplan/entry/entry/PopComment,view/demandplan/entry/entry/PopComment.jsx
demandplan,entry,PopExtraParam,N,Y,N,N,,POPUP,popup,,popup_form,high,Pop* file · grid=0,InputField:8;PopupDialog:1,,,,90,/demandplan/entry/entry/PopExtraParam,view/demandplan/entry/entry/PopExtraParam.jsx
demandplan,entry,PopMeasureCopy,N,Y,N,N,,POPUP,popup,,popup_form,high,Pop* file · grid=0,InputField:6;PopupDialog:1,,,,146,/demandplan/entry/entry/PopMeasureCopy,view/demandplan/entry/entry/PopMeasureCopy.jsx
demandplan,entry,PopMeasureFormula,N,Y,N,N,,POPUP,popup,,popup_form,high,Pop* file · grid=0,InputField:5;PopupDialog:1,,,,329,/demandplan/entry/entry/PopMeasureFormula,view/demandplan/entry/entry/PopMeasureFormula.jsx
demandplan,master,Account,N,N,N,N,UI_DP_11,LAYOUT_SINGLE,search_grid,P02_search_grid,,high,SearchArea + 1 BaseGrid,ContentInner:1;SearchArea:1;SearchRow:2;WorkArea:1;BaseGrid:1;GridCnt:1;GridAddRowButton:1;GridDeleteRowButton:1;GridSaveButton:1;InputField:7;PlanScope:1;PopPersonalize:1,engine/dp/SRV_GET_SP_UI_DP_11_Q1;engine/dp/SRV_SET_SP_UI_DP_11_D1,,SP_UI_DP_00_SALES_LV_DATA_Q1;SP_UI_DP_00_CONF_Q1;SP_UI_DP_00_CONF_Q1_01;SP_UI_DP_00_CONF_Q1_02;SP_UI_DP_00_CONF_Q1_03;SP_UI_DP_00_CM_CD_Q1;SP_UI_DP_00_CM_CD_Q1_01;SP_UI_DP_00_CM_CD_Q1_02;SP_UI_DP_11_Q1;SP_UI_DP_11_D1;SP_UI_DP_11_D1_P_RT_MSG;SP_UI_DP_11_S1;SP_UI_DP_11_S1_P_RT_MSG,655,/demandplan/master/Account,view/demandplan/master/account/Account.jsx
demandplan,master,ActualSales,N,N,N,N,UI_DP_42,LAYOUT_SINGLE,search_grid,P02_search_grid,,high,SearchArea + 1 BaseGrid,ContentInner:1;SearchArea:1;SearchRow:1;WorkArea:1;BaseGrid:1;GridCnt:1;GridAddRowButton:1;GridDeleteRowButton:1;GridSaveButton:1;InputField:3;PlanScope:1;PopSelectItem:1;PopSelectAccount:1;PopPersonalize:1,dp/actualsales;engine/dp/SRV_SET_SP_UI_DP_42_D1,,SP_UI_DP_00_CONF_Q1;SP_UI_DP_00_CONF_Q1_01;SP_UI_DP_00_CONF_Q1_02;SP_UI_DP_00_CONF_Q1_03;SP_UI_DP_42_S1_J;SP_UI_DP_42_D1;SP_UI_DP_42_D1_P_RT_MSG,463,/demandplan/master/ActualSales,view/demandplan/master/actualsales/ActualSales.jsx
demandplan,master,DimData,N,N,N,N,UI_DP_16,LAYOUT_SINGLE,search_grid,P02_search_grid,,high,SearchArea + 1 BaseGrid,ContentInner:1;SearchArea:1;SearchRow:1;WorkArea:1;BaseGrid:1;GridCnt:1;GridAddRowButton:1;GridDeleteRowButton:1;GridSaveButton:1;InputField:1;PlanScope:1;PopSelectItem:1;PopSelectAccount:1,engine/dp/SRV_GET_SP_UI_DP_16_DIM_Q1;engine/dp/SRV_SET_SP_UI_DP_16_D1;dp/dimdata,,SP_UI_DP_16_S1_J;SP_UI_DP_16_DIM_Q1;SP_UI_DP_16_D1,419,/demandplan/master/DimData,view/demandplan/master/dimdata/DimData.jsx
demandplan,master,ExchangeRate,N,N,N,N,UI_DP_07,LAYOUT_V2,v2_dual_grid,,,mid,2 BaseGrid no SplitPanel,ContentInner:1;SearchArea:1;SearchRow:1;WorkArea:1;BaseGrid:2;GridCnt:1;GridAddRowButton:1;GridDeleteRowButton:1;GridSaveButton:1;InputField:4;PlanScope:1;PopPersonalize:1,engine/dp/SRV_GET_SP_UI_DP_07_Q1;engine/dp/SRV_GET_SP_UI_DP_07_Q2;engine/dp/SRV_SET_SP_UI_DP_07_D1,,SP_UI_DP_00_CM_CD_Q1;SP_UI_DP_00_CM_CD_Q1_01;SP_UI_DP_00_CM_CD_Q1_02;SP_UI_DP_00_CONF_Q1;SP_UI_DP_00_CONF_Q1_01;SP_UI_DP_00_CONF_Q1_02;SP_UI_DP_00_CONF_Q1_03;SP_UI_DP_07_Q1_01;SP_UI_DP_07_Q1_02;SP_UI_DP_07_Q1_03;SP_UI_DP_07_Q1_04;SP_UI_DP_07_Q1_05;SP_UI_DP_07_Q1_06;SP_UI_DP_07_Q1_07;SP_UI_DP_07_Q1;SP_UI_DP_07_Q2_01;SP_UI_DP_07_Q2_02;SP_UI_DP_07_Q2_03;SP_UI_DP_07_Q2_04;SP_UI_DP_07_Q2_05;SP_UI_DP_07_Q2_06;SP_UI_DP_07_Q2;SP_UI_DP_07_D1;SP_UI_DP_07_D1_P_RT_MSG;SP_UI_DP_07_S1_J,578,/demandplan/master/ExchangeRate,view/demandplan/master/exchangerate/ExchangeRate.jsx
demandplan,master,Item,N,N,N,N,UI_DP_09,LAYOUT_SINGLE,search_grid,P02_search_grid,,high,SearchArea + 1 BaseGrid,ContentInner:1;SearchArea:1;SearchRow:3;WorkArea:1;BaseGrid:1;GridCnt:1;GridAddRowButton:1;GridDeleteRowButton:1;GridSaveButton:1;InputField:9;PlanScope:1;PopPersonalize:1,engine/dp/SRV_GET_SP_UI_DP_09_Q1;engine/dp/SRV_SET_SP_UI_DP_09_D1,,SP_UI_DP_00_ITEM_LV_DATA_Q1;SP_UI_DP_00_ITEM_LV_DATA_Q1_01;SP_UI_DP_00_ITEM_LV_DATA_Q1_02;SP_UI_DP_00_ITEM_LV_DATA_Q1_03;SP_UI_DP_00_ITEM_LV_DATA_Q1_04;SP_UI_DP_00_CM_CD_Q1;SP_UI_DP_00_CM_CD_Q1_01;SP_UI_DP_00_CM_CD_Q1_02;SP_UI_DP_09_Q1;SP_UI_DP_09_D1;SP_UI_DP_09_D1_P_RT_MSG;SP_UI_DP_09_S1;SP_UI_DP_09_S1_P_RT_MSG,647,/demandplan/master/Item,view/demandplan/master/item/Item.jsx
demandplan,master,ItemHierarchy,N,N,N,N,UI_DP_08,LAYOUT_ROUTELAYOUT,rl_layout_design,rl_layout,,high,route keyword · flo=1,ContentInner:1;SearchArea:1;SearchRow:1;WorkArea:1;TreeGrid:1;TabContainer:1;FLODiagram:1;GridCnt:1;GridAddRowButton:1;GridDeleteRowButton:1;GridSaveButton:1;InputField:3;PlanScope:1,engine/dp/SRV_GET_SP_UI_DP_08_Q1;engine/dp/SRV_SET_SP_UI_DP_08_D1,,SP_UI_DP_00_CONF_Q1;SP_UI_DP_00_CONF_Q1_01;SP_UI_DP_00_CONF_Q1_02;SP_UI_DP_00_CONF_Q1_03;SP_UI_DP_00_CONF_Q1_04;SP_UI_DP_00_LV_CD_Q1;SP_UI_DP_08_Q1_01;SP_UI_DP_08_Q1_02;SP_UI_DP_08_Q1_03;SP_UI_DP_08_Q1_04;SP_UI_DP_08_Q1;SP_UI_DP_08_D1;SP_UI_DP_08_D1_P_RT_MSG;SP_UI_DP_08_S1;SP_UI_DP_08_S1_P_RT_MSG,634,/demandplan/master/ItemHierarchy,view/demandplan/master/itemhierarchy/ItemHierarchy.jsx
demandplan,master,Level,N,N,N,N,UI_DP_02,LAYOUT_V2,v2_dual_grid,,,mid,2 BaseGrid no SplitPanel,ContentInner:1;SearchArea:1;BaseGrid:2;GridAddRowButton:2;GridDeleteRowButton:2;GridSaveButton:2;PlanScope:1,engine/dp/SRV_GET_SP_UI_DP_02_NQ1;engine/dp/SRV_SET_SP_UI_DP_02_ND1,,SP_UI_DP_00_CONF_Q1;SP_UI_DP_00_CONF_Q1_01;SP_UI_DP_00_CONF_Q1_02;SP_UI_DP_00_CONF_Q1_03;SP_UI_DP_00_CONF_Q1_04;SP_UI_DP_02_NQ1;SP_UI_DP_02_ND1;SP_UI_DP_02_ND1_P_RT_MSG;SP_UI_DP_02_S1;SP_UI_DP_02_S1_P_RT_MSG,550,/demandplan/master/Level,view/demandplan/master/level/Level.jsx
demandplan,master,MeasureData,N,N,N,N,UI_DP_41,LAYOUT_SINGLE,search_grid,P02_search_grid,,high,SearchArea + 1 BaseGrid,ContentInner:1;SearchArea:1;SearchRow:1;WorkArea:1;BaseGrid:1;GridCnt:1;GridAddRowButton:1;GridDeleteRowButton:1;GridSaveButton:1;InputField:2;PlanScope:1;PopSelectItem:1;PopSelectAccount:1,engine/dp/SRV_SET_SP_UI_DP_41_D1;dp/measuredata,,SP_UI_DP_41_S1_J;SP_UI_DP_41_D1;SP_UI_DP_41_D1_P_RT_MSG;SP_UI_DP_41_POP_Q1,421,/demandplan/master/MeasureData,view/demandplan/master/measuredata/MeasureData.jsx
demandplan,master,PopMapUserTransfer,N,Y,N,N,,POPUP,popup,,popup_form,high,Pop* file · grid=0,InputField:6,engine/dp/SRV_SET_SP_UI_DP_15_S3,,SP_UI_DP_00_EMP_AUTH_TP_Q1;SP_UI_DP_00_EMP_AUTH_TP_Q1_01;SP_UI_DP_00_EMP_AUTH_TP_Q1_02;SP_UI_DP_00_EMP_AUTH_TP_Q1_03;SP_UI_DP_15_S3;SP_UI_DP_15_S3_P_RT_MSG,227,/demandplan/master/useritemaccountmap/PopMapUserTransfer,view/demandplan/master/useritemaccountmap/PopMapUserTransfer.jsx
demandplan,master,PopMeasure,N,Y,N,N,,POPUP,popup,,popup_grid,high,Pop* file · grid=1,BaseGrid:1;GridAddRowButton:1;GridSaveButton:1;InputField:2;PopupDialog:1,engine/dp/SRV_GET_SP_UI_DP_41_POP_Q1;engine/dp/SRV_SET_SP_UI_DP_41_POP_D1;engine/dp/SRV_SET_SP_UI_DP_41_POP_S2,,SP_UI_DP_41_POP_Q1;SP_UI_DP_41_POP_D1;SP_UI_DP_41_POP_D1_P_RT_MSG;SP_UI_DP_41_POP_S1;SP_UI_DP_41_POP_S1_P_RT_MSG;SP_UI_DP_41_POP_S2,270,/demandplan/master/measuredata/PopMeasure,view/demandplan/master/measuredata/PopMeasure.jsx
demandplan,master,PopMultiMap,N,Y,N,N,,POPUP,popup,,popup_grid,high,Pop* file · grid=2,SearchArea:1;BaseGrid:2;InputField:6;PopSelectAccount:1;PopupDialog:1,engine/dp/SRV_GET_SP_UI_DP_00_POPUP_ITEM_Q1;engine/dp/SRV_SET_SP_UI_DP_15_S1,,SP_UI_DP_00_USER_ITEM_LV_Q1;SP_UI_DP_00_POPUP_ITEM_Q1;SP_UI_DP_15_S1;SP_UI_DP_15_S1_P_RT_MSG,272,/demandplan/master/useritemaccountmap/PopMultiMap,view/demandplan/master/useritemaccountmap/PopMultiMap.jsx
demandplan,master,PopNewItemAccountMap,N,Y,N,N,,POPUP,popup,,popup_grid,high,Pop* file · grid=3,SearchArea:1;BaseGrid:3;InputField:7;PopupDialog:1,engine/dp/SRV_GET_SP_UI_DP_00_POPUP_ITEM_Q1;engine/dp/SRV_GET_SP_UI_DP_00_POPUP_ACCOUNT_Q1,,SP_UI_DP_00_EMP_AUTH_TP_Q1;SP_UI_DP_00_EMP_AUTH_TP_Q1_01;SP_UI_DP_00_EMP_AUTH_TP_Q1_02;SP_UI_DP_00_EMP_AUTH_TP_Q1_03;SP_UI_DP_00_USER_ITEM_LV_Q1;SP_UI_DP_00_USER_SALES_LV_Q1;SP_UI_DP_00_POPUP_ITEM_Q1;SP_UI_DP_00_POPUP_ACCOUNT_Q1;SP_UI_DP_15_S1_J,397,/demandplan/master/useritemaccountmap/PopNewItemAccountMap,view/demandplan/master/useritemaccountmap/PopNewItemAccountMap.jsx
demandplan,master,PopNewMap,N,Y,N,N,,POPUP,popup,,popup_grid,high,Pop* file · grid=2,SearchArea:1;BaseGrid:2;GridDeleteRowButton:1;InputField:4;PopupDialog:1,engine/dp/SRV_GET_UI_DP_15_POP_NEW_Q1;engine/dp/SRV_SET_SP_UI_DP_15_POP_Q1,,SP_UI_DP_00_EMP_AUTH_TP_Q1;SP_UI_DP_00_EMP_AUTH_TP_Q1_01;SP_UI_DP_00_EMP_AUTH_TP_Q1_02;SP_UI_DP_00_EMP_AUTH_TP_Q1_03;SP_UI_DP_00_USER_ITEM_LV_Q1;SP_UI_DP_15_POP_Q1;SP_UI_DP_15_S1_J,323,/demandplan/master/useritemaccountmap/PopNewMap,view/demandplan/master/useritemaccountmap/PopNewMap.jsx
demandplan,master,SalesAuthMap,N,N,N,N,UI_DP_12,LAYOUT_V2,v2_dual_grid,,,mid,2 BaseGrid no SplitPanel,ContentInner:1;SearchArea:1;SearchRow:1;WorkArea:1;BaseGrid:2;GridCnt:1;GridAddRowButton:1;GridDeleteRowButton:1;GridSaveButton:1;InputField:1;PlanScope:1,engine/dp/SRV_GET_SP_UI_DP_12_Q1;engine/dp/SRV_GET_SP_UI_DP_12_Q2;engine/dp/SRV_SET_SP_UI_DP_12_D2,,SP_UI_DP_00_LV_CD_Q1;SP_UI_DP_12_Q1_01;SP_UI_DP_12_Q1_02;SP_UI_DP_12_Q1_03;SP_UI_DP_12_Q1;SP_UI_DP_12_Q2_01;SP_UI_DP_12_Q2_02;SP_UI_DP_12_Q2;SP_UI_DP_12_D2;SP_UI_DP_12_D2_P_RT_MSG;SP_UI_DP_12_S2;SP_UI_DP_12_S2_P_RT_MSG,453,/demandplan/master/SalesAuthMap,view/demandplan/master/salesauthmap/SalesAuthMap.jsx
demandplan,master,SalesHierarchy,N,N,N,N,UI_DP_10,LAYOUT_ROUTELAYOUT,rl_layout_design,rl_layout,,high,route keyword · flo=1,ContentInner:1;SearchArea:1;SearchRow:1;WorkArea:1;TreeGrid:1;TabContainer:1;FLODiagram:1;GridCnt:1;GridAddRowButton:1;GridDeleteRowButton:1;GridSaveButton:1;InputField:3;PlanScope:1,engine/dp/SRV_GET_SP_UI_DP_10_Q1;engine/dp/SRV_SET_SP_UI_DP_10_D1,,SP_UI_DP_00_CONF_Q1;SP_UI_DP_00_CONF_Q1_01;SP_UI_DP_00_CONF_Q1_02;SP_UI_DP_00_CONF_Q1_03;SP_UI_DP_00_CONF_Q1_04;SP_UI_DP_00_LV_CD_Q1;SP_UI_DP_10_Q1_01;SP_UI_DP_10_Q1_02;SP_UI_DP_10_Q1_03;SP_UI_DP_10_Q1_04;SP_UI_DP_10_Q1_05;SP_UI_DP_10_Q1;SP_UI_DP_10_D1;SP_UI_DP_10_D1_P_RT_MSG;SP_UI_DP_10_S1;SP_UI_DP_10_S1_P_RT_MSG,642,/demandplan/master/SalesHierarchy,view/demandplan/master/saleshierarchy/SalesHierarchy.jsx
demandplan,master,SalesPrice,N,N,N,N,UI_DP_21,LAYOUT_V2,v2_dual_grid,,,mid,2 BaseGrid no SplitPanel,ContentInner:1;SearchArea:1;SearchRow:1;WorkArea:1;BaseGrid:2;GridCnt:1;GridAddRowButton:1;GridDeleteRowButton:1;GridSaveButton:1;InputField:4;PlanScope:1;PopSelectItem:1;PopSelectAccount:1;PopPersonalize:1,engine/dp/;engine/dp/SRV_SET_SP_UI_DP_21_D1,,SP_UI_DP_00_CONF_Q1;SP_UI_DP_00_CONF_Q1_01;SP_UI_DP_00_CONF_Q1_02;SP_UI_DP_00_CONF_Q1_03;SP_UI_DP_21_Q1;SP_UI_DP_20_Q1;SP_UI_DP_21_Q2;SP_UI_DP_20_Q2;SP_UI_DP_21_D1;SP_UI_DP_21_D1_P_RT_MSG;SP_UI_DP_20_S1_J,706,/demandplan/master/SalesPrice,view/demandplan/master/salesprice/SalesPrice.jsx
demandplan,master,UserItemAccountMap,N,N,N,N,UI_DP_15,LAYOUT_SINGLE,search_grid,P02_search_grid,,high,SearchArea + 1 BaseGrid,ContentInner:1;SearchArea:1;SearchRow:1;WorkArea:1;BaseGrid:1;GridCnt:1;GridAddRowButton:1;GridDeleteRowButton:1;GridSaveButton:1;InputField:2;PlanScope:1;PopSelectItem:1;PopSelectAccount:1,engine/dp/SRV_GET_SP_UI_DP_15_Q1;engine/dp/SRV_SET_SP_UI_DP_15_D1,,SP_UI_DP_00_LV_CD_Q1;SP_UI_DP_00_EMP_AUTH_TP_Q1;SP_UI_DP_00_EMP_AUTH_TP_Q1_01;SP_UI_DP_00_EMP_AUTH_TP_Q1_02;SP_UI_DP_00_EMP_AUTH_TP_Q1_03;SP_UI_DP_15_Q1;SP_UI_DP_15_D1;SP_UI_DP_15_D1_P_RT_MSG;SP_UI_DP_15_S1;SP_UI_DP_15_S1_P_RT_MSG,575,/demandplan/master/UserItemAccountMap,view/demandplan/master/useritemaccountmap/UserItemAccountMap.jsx
demandplan,master,UserLevelMap,N,N,N,N,UI_DP_USER_LEVEL_MAP,LAYOUT_V3,v3_multi_grid,,,mid,3 BaseGrid no SplitPanel,ContentInner:1;SearchArea:1;SearchRow:1;WorkArea:1;BaseGrid:3;GridAddRowButton:3;GridDeleteRowButton:3;GridSaveButton:3;InputField:1;PlanScope:1,engine/dp/SRV_GET_SP_UI_DP_USER_LEVEL_MAP_Q1;engine/dp/SRV_GET_SP_UI_DP_USER_LEVEL_MAP_D1;engine/dp/SRV_GET_SP_UI_DP_USER_LEVEL_MAP_Q2;engine/dp/SRV_GET_SP_UI_DP_USER_LEVEL_MAP_D2;engine/dp/SRV_GET_SP_UI_DP_USER_LEVEL_MAP_Q3;engine/dp/SRV_GET_SP_UI_DP_USER_LEVEL_MAP_D3,,SP_UI_DP_00_EMP_AUTH_TP_Q1;SP_UI_DP_00_EMP_AUTH_TP_Q1_01;SP_UI_DP_00_EMP_AUTH_TP_Q1_02;SP_UI_DP_00_EMP_AUTH_TP_Q1_03;SP_UI_DP_USER_LEVEL_MAP_Q1;SP_UI_DP_USER_LEVEL_MAP_S1;SP_UI_DP_USER_LEVEL_MAP_S1_P_RT_MSG;SP_UI_DP_USER_LEVEL_MAP_D1;SP_UI_DP_USER_LEVEL_MAP_D1_P_RT_MSG;SP_UI_DP_USER_LEVEL_MAP_Q2;SP_UI_DP_USER_LEVEL_MAP_S2;SP_UI_DP_USER_LEVEL_MAP_S2_P_RT_MSG;SP_UI_DP_USER_LEVEL_MAP_D2;SP_UI_DP_USER_LEVEL_MAP_D2_P_RT_MSG;SP_UI_DP_USER_LEVEL_MAP_Q3;SP_UI_DP_USER_LEVEL_MAP_S3;SP_UI_DP_USER_LEVEL_MAP_S3_P_RT_MSG;SP_UI_DP_USER_LEVEL_MAP_D3;SP_UI_DP_USER_LEVEL_MAP_D3_P_RT_MSG,803,/demandplan/master/UserLevelMap,view/demandplan/master/userlevelmap/UserLevelMap.jsx
demandplan,master,UserSalesMap,N,N,N,N,,LAYOUT_V2,v2_dual_grid,,,mid,2 BaseGrid no SplitPanel,ContentInner:1;SearchArea:1;SearchRow:1;WorkArea:1;BaseGrid:2;GridAddRowButton:2;GridDeleteRowButton:2;GridSaveButton:2;InputField:1,engine/dp/SRV_GET_SP_UI_DP_USER_LEVEL_MAP_Q1;engine/dp/SRV_GET_SP_UI_DP_USER_LEVEL_MAP_D1;engine/dp/SRV_GET_SP_UI_DP_USER_LEVEL_MAP_Q2;engine/dp/SRV_GET_SP_UI_DP_USER_LEVEL_MAP_D2,,SP_UI_DP_00_EMP_AUTH_TP_Q1;SP_UI_DP_00_EMP_AUTH_TP_Q1_01;SP_UI_DP_00_EMP_AUTH_TP_Q1_02;SP_UI_DP_USER_LEVEL_MAP_Q1;SP_UI_DP_USER_LEVEL_MAP_S1;SP_UI_DP_USER_LEVEL_MAP_S1_P_RT_MSG;SP_UI_DP_USER_LEVEL_MAP_D1;SP_UI_DP_USER_LEVEL_MAP_D1_P_RT_MSG;SP_UI_DP_USER_LEVEL_MAP_Q2;SP_UI_DP_USER_LEVEL_MAP_S2;SP_UI_DP_USER_LEVEL_MAP_S2_P_RT_MSG;SP_UI_DP_USER_LEVEL_MAP_D2;SP_UI_DP_USER_LEVEL_MAP_D2_P_RT_MSG;SP_UI_DP_00_LV_CD_Q1,524,/demandplan/master/UserSalesMap,view/demandplan/master/usersalesmap/UserSalesMap.jsx
demandplan,master,Validation,N,N,N,N,UI_DP_05,LAYOUT_SINGLE,P02b_grid_only,,,mid,1 BaseGrid no SearchArea,ContentInner:1;WorkArea:1;BaseGrid:1;PlanScope:1,engine/dp/GetValidation,,,245,/demandplan/master/Validation,view/demandplan/master/validation/Validation.jsx
demandplan,master,ValidationAccordion,N,N,N,N,,LAYOUT_SINGLE,free_form,,,low,no recognized grid/chart/split components,,,,,59,/demandplan/master/validation/ValidationAccordion,view/demandplan/master/validation/ValidationAccordion.jsx
demandplan,report,CompareSalesDp,N,N,N,N,UI_DP_30,LAYOUT_V2,grid_chart_stacked,v2_chart_grid,,mid,Chart=1 Grid=1,ContentInner:1;SearchArea:1;SearchRow:1;WorkArea:1;BaseGrid:1;ChartComponent:1;GridCnt:1;GridExcelExportButton:1;InputField:2;PlanScope:1;PopPersonalize:1,engine/dp/GetReport,,,736,/demandplan/report/CompareSalesDp,view/demandplan/report/comparesalesdp/CompareSalesDp.jsx
demandplan,report,CompareVerProgress,N,N,N,N,UI_DP_VER_COMP_PROG,LAYOUT_V2,grid_chart_stacked,v2_chart_grid,,mid,Chart=1 Grid=1,ContentInner:1;BaseGrid:1;ChartComponent:1;GridCnt:1;PlanScope:1;PopPersonalize:1,/system/users/;engine/dp/;engine/dp/GetReport,GetVersionSummary;GetVersionTotalData,,600,/demandplan/report/CompareVerProgress,view/demandplan/report/compareverprogress/CompareVerProgress.jsx
demandplan,report,CompareVersion,N,N,N,N,UI_DP_40,LAYOUT_SINGLE,search_grid,P02_search_grid,,high,SearchArea + 1 BaseGrid,ContentInner:1;SearchArea:1;SearchRow:1;WorkArea:1;BaseGrid:1;GridCnt:1;InputField:2;PlanScope:1;PopPersonalize:1,/system/users/;engine/dp/GetReport,,,405,/demandplan/report/CompareVersion,view/demandplan/report/compareversion/CompareVersion.jsx
demandplan,report,DemandOrder,N,N,N,N,,LAYOUT_SINGLE,free_form,,,low,no recognized grid/chart/split components,,,,,7,/demandplan/report/DemandOrder,view/demandplan/report/demandorder/DemandOrder.jsx
demandplan,report,PlanCheckItem,N,N,N,N,UI_DP_33,LAYOUT_MIXED,mix_split,,,mid,splits=1 dirs=[unknown] tabs=0,ContentInner:1;SearchArea:1;SearchRow:1;WorkArea:1;BaseGrid:2;SplitPanel:1;VLayoutBox:2;GridCnt:1;InputField:2;PlanScope:1;PopPersonalize:1,engine/dp/SRV_GET_SP_UI_DP_33_Q1;engine/dp/SRV_GET_SP_UI_DP_33_Q2,,SP_UI_DP_33_Q1;SP_UI_DP_33_Q2,373,/demandplan/report/PlanCheckItem,view/demandplan/report/plancheckitem/PlanCheckItem.jsx
demandplan,report,PlanCheckSales,N,N,N,N,UI_DP_32,LAYOUT_V2,v2_dual_grid,,,mid,2 BaseGrid no SplitPanel,ContentInner:1;SearchArea:1;SearchRow:1;WorkArea:1;BaseGrid:2;GridCnt:1;InputField:1;PlanScope:1;PopPersonalize:1,engine/dp/SRV_GET_SP_UI_DP_32_Q1;engine/dp/SRV_GET_SP_UI_DP_32_Q2,,SP_UI_DP_32_Q1;SP_UI_DP_32_Q2,375,/demandplan/report/PlanCheckSales,view/demandplan/report/planchecksales/PlanCheckSales.jsx
demandplan,report,RtfAnalysis,N,N,N,N,UI_DP_31,LAYOUT_V2,grid_chart_stacked,v2_chart_grid,,mid,Chart=2 Grid=1,ContentInner:1;SearchArea:1;SearchRow:1;WorkArea:1;BaseGrid:1;ChartComponent:2;GridCnt:1;GridExcelExportButton:1;InputField:1;PlanScope:1;PopPersonalize:1,engine/dp/GetReport,,,897,/demandplan/report/RtfAnalysis,view/demandplan/report/rtfanalysis/RtfAnalysis.jsx
demandplan,report,SalesPerformance,N,N,N,N,UI_DP_28,LAYOUT_V2,grid_chart_stacked,v2_chart_grid,,mid,Chart=4 Grid=1,ContentInner:1;SearchArea:1;SearchRow:1;WorkArea:1;BaseGrid:1;ChartComponent:4;GridCnt:1;GridExcelExportButton:1;InputField:2;PlanScope:1;PopPersonalize:1,engine/dp/GetReport;engine/dp/SRV_GET_SP_UI_DP_28_CHART_Q,,SP_UI_DP_28_CHART_Q,939,/demandplan/report/SalesPerformance,view/demandplan/report/salesperformance/SalesPerformance.jsx
demandplan,setting,BaseControlBoardMaster,N,N,Y,N,,BASE,base_wrapper,,,high,Base*.jsx wrapper,ContentInner:1;WorkArea:1;BaseGrid:1;GridAddRowButton:1;GridDeleteRowButton:1;GridSaveButton:1;InputField:4;PlanScope:1,engine/dp/;engine/dp/SRV_GET_SP_UI_DP_CONBD_MASTER_MAIL_INFO;engine/dp/SRV_GET_SP_UI_DP_00_LV_CD_Q1;engine/dp/DeleteDPStepGrid;engine/dp/SetDPStepGrid;engine/dp/GeneratePreference,GetConBoardMasterInit;GetDPStepGrid;SetConBoardInitMaster;SetDPStepDetail;SetDPStepMail;SetCloseSetting,SP_UI_DP_00_CONF_Q1;SP_UI_DP_00_CONF_Q1_01;SP_UI_DP_00_CONF_Q1_02;SP_UI_DP_00_CONF_Q1_03;SP_UI_DP_CONF_COMBO;SP_UI_DP_00_LV_CD_Q1;SP_UI_DP_CONBD_MASTER_MAIL_INFO;SP_UI_DP_PERSON_AUTH_LV_COMBO,1077,/demandplan/setting/controlboardmaster/BaseControlBoardMaster,view/demandplan/setting/controlboardmaster/BaseControlBoardMaster.jsx
demandplan,setting,BasePlanPolicy,N,N,Y,N,,BASE,base_wrapper,,,high,Base*.jsx wrapper,ContentInner:1;SearchArea:1;SearchRow:1;WorkArea:1;BaseGrid:1;GridCnt:1;InputField:1;PlanScope:1,engine/dp/SRV_GET_SP_UI_DP_36_Q1;engine/dp/SRV_SET_SP_UI_DP_36_S1,,SP_UI_DP_00_CONF_Q1;SP_UI_DP_00_CONF_Q1_01;SP_UI_DP_00_CONF_Q1_02;SP_UI_DP_00_CONF_Q1_03;SP_UI_DP_00_CONF_Q1_04;SP_UI_DP_36_Q1;SP_UI_DP_36_S1;SP_UI_DP_36_S1_P_RT_MSG,394,/demandplan/setting/planpolicy/BasePlanPolicy,view/demandplan/setting/planpolicy/BasePlanPolicy.jsx
demandplan,setting,Config,N,N,N,N,UI_DP_01,LAYOUT_V2,v2_dual_grid,,,mid,2 BaseGrid no SplitPanel,ContentInner:1;SearchArea:1;SearchRow:1;WorkArea:1;BaseGrid:2;GridCnt:1;GridAddRowButton:2;GridDeleteRowButton:2;GridSaveButton:2;InputField:2;PlanScope:1,engine/dp/SRV_SET_SP_UI_DP_01_;engine/dp/SRV_GET_,,SP_UI_DP_01_;SP_UI_DP_00_CM_CD_Q1;SP_UI_DP_00_CM_CD_Q1_01;SP_UI_DP_00_CM_CD_Q1_02,661,/demandplan/setting/Config,view/demandplan/setting/config/Config.jsx
demandplan,setting,ControlBoardMaster,N,N,N,N,UI_DP_22,LAYOUT_SINGLE,free_form,,,low,no recognized grid/chart/split components,,,,,7,/demandplan/setting/ControlBoardMaster,view/demandplan/setting/controlboardmaster/ControlBoardMaster.jsx
demandplan,setting,DimensionSet,N,N,N,N,UI_DP_18,LAYOUT_SINGLE,search_grid,P02_search_grid,,high,SearchArea + 1 BaseGrid,ContentInner:1;SearchArea:1;SearchRow:1;WorkArea:1;BaseGrid:1;GridCnt:1;GridAddRowButton:1;GridDeleteRowButton:1;GridSaveButton:1;InputField:5;PlanScope:1;PopPersonalize:1,engine/dp/SRV_GET_SP_UI_DP_18_DIMENS_COL_COMBO;engine/dp/SRV_GET_SP_UI_DP_18_Q1;engine/dp/SRV_SET_SP_UI_DP_18_D1;engine/dp/SRV_MAKE_DP_DIMENS_AUTO;engine/dp/SRV_MAKE_PERSON_AUTO_DP_DIMENS,,SP_UI_DP_00_USER_GRP_Q1;SP_UI_DP_00_CONF_Q1;SP_UI_DP_00_CONF_Q1_01;SP_UI_DP_00_CONF_Q1_02;SP_UI_DP_00_CONF_Q1_03;SP_UI_DP_00_CONF_Q1_04;SP_UI_DP_18_DIMENS_COL_COMBO;SP_UI_DP_18_Q1;SP_UI_DP_18_S1;SP_UI_DP_18_S1_P_RT_MSG;SP_UI_DP_18_D1;SP_UI_DP_18_D1_P_RT_MSG,471,/demandplan/setting/DimensionSet,view/demandplan/setting/dimensionset/DimensionSet.jsx
demandplan,setting,Measure,N,N,N,N,UI_DP_17,LAYOUT_SINGLE,search_grid,P02_search_grid,,high,SearchArea + 1 BaseGrid,ContentInner:1;SearchArea:1;SearchRow:1;WorkArea:1;BaseGrid:1;GridCnt:1;GridAddRowButton:1;GridDeleteRowButton:1;GridSaveButton:1;InputField:3,engine/dp/SRV_SET_SP_UI_DP_17_D1;engine/dp/SRV_GET_SP_UI_DP_17_Q1;engine/dp/SRV_GET_SP_UI_DP_17_MEASURE_TP_COMBO,,SP_UI_DP_17_D1;SP_UI_DP_17_D1_P_RT_MSG;SP_UI_DP_17_S1;SP_UI_DP_17_S1_P_RT_MSG;SP_UI_DP_17_Q1_01;SP_UI_DP_17_Q1_02;SP_UI_DP_17_Q1_03;SP_UI_DP_17_Q1_04;SP_UI_DP_17_Q1;SP_UI_DP_17_MEASURE_TP_COMBO,307,/demandplan/setting/Measure,view/demandplan/setting/measure/Measure.jsx
demandplan,setting,MeasureSet,N,N,N,N,UI_DP_19,LAYOUT_SINGLE,search_grid,P02_search_grid,,high,SearchArea + 1 BaseGrid,ContentInner:1;SearchArea:1;SearchRow:1;WorkArea:1;BaseGrid:1;GridCnt:1;GridAddRowButton:1;GridDeleteRowButton:1;GridSaveButton:1;InputField:3;PlanScope:1,engine/dp/SRV_GET_SP_UI_DP_19_MEASURE_TP_COMBO;engine/dp/SRV_GET_SP_UI_DP_19_Q1;engine/dp/SRV_SET_SP_UI_DP_19_D1;engine/dp/SRV_MAKE_DP_MEASURE_AUTO;engine/dp/SRV_MAKE_PERSON_AUTO_DP_MEASURE,,SP_UI_DP_00_USER_GRP_Q1;SP_UI_DP_00_CONF_Q1;SP_UI_DP_00_CONF_Q1_01;SP_UI_DP_00_CONF_Q1_02;SP_UI_DP_00_CONF_Q1_03;SP_UI_DP_19_MEASURE_TP_COMBO;SP_UI_DP_19_Q1_01;SP_UI_DP_19_Q1_02;SP_UI_DP_19_Q1_03;SP_UI_DP_19_Q1;SP_UI_DP_19_D1;SP_UI_DP_19_D1_P_RT_MSG;SP_UI_DP_19_S1;SP_UI_DP_19_S1_P_RT_MSG,514,/demandplan/setting/MeasureSet,view/demandplan/setting/measureset/MeasureSet.jsx
demandplan,setting,PlanPolicy,N,N,N,N,UI_DP_36,LAYOUT_SINGLE,free_form,,,low,no recognized grid/chart/split components,,,,,7,/demandplan/setting/PlanPolicy,view/demandplan/setting/planpolicy/PlanPolicy.jsx
demandplan,version,BaseControlBoard,N,N,Y,N,,BASE,base_wrapper,,,high,Base*.jsx wrapper,ContentInner:1;WorkArea:1;InputField:7;PlanScope:1,engine/dp/;engine/dp/GetApprovalSteps;engine/dp/SRV_GET_SP_UI_DP_CONTROLBOARD_MAIL_INFO;engine/dp/SRV_GET_SP_UI_DP_CONBD_MASTER_MAIL_INFO,GenerateDP;GetVersionHistory;SRV_SP_DP_NEW_VERSION;GetDPNewVersionSetting;CopyDP;ReleaseVersion;ApproveAll;CancelAll;SRV_GET_SP_UI_DP_00_CONF_Q1;GetDPVersionInfo;DeleteDP;SET_CONTROLBOARD_CLOSE_STEP;SET_CONTROLBOARD_APPROVE_STEP,SP_UI_DP_CONTROLBOARD_GEN_P_RT_MSG;SP_UI_DP_CONF_COMBO;SP_UI_DP_PERSON_AUTH_LV_COMBO;SP_UI_DP_VER_CLOSE_P_RT_MSG;SP_UI_DP_VER_CLOSE_Y_P_RT_MSG;SP_UI_DP_00_CONF_Q1;SP_UI_DP_00_CONF_Q1_01;SP_UI_DP_00_CONF_Q1_02;SP_UI_DP_00_CONF_Q1_03;SP_UI_DP_00_CONF_Q1_04;SP_UI_DP_CONTROLBOARD_MAIL_INFO;SP_UI_DP_CONBD_MASTER_MAIL_INFO,1604,/demandplan/version/controlboard/BaseControlBoard,view/demandplan/version/controlboard/BaseControlBoard.jsx
demandplan,version,BaseProcessStatus,N,N,Y,N,,BASE,base_wrapper,,,high,Base*.jsx wrapper,ContentInner:1;SearchArea:1;SearchRow:1;WorkArea:1;TreeGrid:1;GridCnt:1;InputField:3;PlanScope:1,engine/dp/GetStatus;engine/dp/GetApprovalSteps,,SP_UI_DP_00_EMP_AUTH_TP_Q1;SP_UI_DP_00_EMP_AUTH_TP_Q1_01;SP_UI_DP_00_EMP_AUTH_TP_Q1_02;SP_UI_DP_00_EMP_AUTH_TP_Q1_03;SP_UI_DP_00_CONF_Q1;SP_UI_DP_00_CONF_Q1_01;SP_UI_DP_00_CONF_Q1_02;SP_UI_DP_00_CONF_Q1_03,362,/demandplan/version/processstatus/BaseProcessStatus,view/demandplan/version/processstatus/BaseProcessStatus.jsx
demandplan,version,ControlBoard,N,N,N,N,UI_DP_93,LAYOUT_CONTROLBOARD,cb_master_dashboard,cb_master,,mid,controlboard match · chart=0 gantt=0,,,,,9,/demandplan/version/ControlBoard,view/demandplan/version/controlboard/ControlBoard.jsx
demandplan,version,EntryLog,N,N,N,N,,LAYOUT_SINGLE,search_grid,P02_search_grid,,high,SearchArea + 1 BaseGrid,ContentInner:1;SearchArea:1;SearchRow:1;WorkArea:1;BaseGrid:1;GridCnt:1;InputField:3;PlanScope:1;PopPersonalize:1,engine/dp/GetEntryLog,,,257,/demandplan/version/EntryLog,view/demandplan/version/entrylog/EntryLog.jsx
demandplan,version,ProcessStatus,N,N,N,N,UI_DP_94,LAYOUT_SINGLE,free_form,,,low,no recognized grid/chart/split components,,,,,11,/demandplan/version/ProcessStatus,view/demandplan/version/processstatus/ProcessStatus.jsx
demandplan,widgets,Accuracy,Y,N,N,N,,WIDGET,widget_misc,,,high,widget folder · chart=0 grid=0,,common/data,,SP_UI_SA_SALES_DP,130,/demandplan/widgets/Accuracy,view/demandplan/widgets/accuracy/Accuracy.jsx
demandplan,widgets,DpPlanStatusY,Y,N,N,N,,WIDGET,widget_chart,,,high,widget folder · chart=1 grid=0,ChartComponent:1,,,,542,/demandplan/widgets/DpPlanStatusY,view/demandplan/widgets/dpplanstatusy/DpPlanStatusY.jsx
demandplan,widgets,DpTopSalesAccount,Y,N,N,N,,WIDGET,widget_misc,,,high,widget folder · chart=0 grid=0,WorkArea:1,common/data,,SP_UI_SA_SALES_DP,279,/demandplan/widgets/DpTopSalesAccount,view/demandplan/widgets/dptopsalesaccount/DpTopSalesAccount.jsx
demandplan,widgets,DpTopSalesItem,Y,N,N,N,,WIDGET,widget_misc,,,high,widget folder · chart=0 grid=0,,common/data,,SP_UI_SA_SALES_DP,90,/demandplan/widgets/DpTopSalesItem,view/demandplan/widgets/dptopsalesitem/DpTopSalesItem.jsx
demandplan,widgets,DpTopSalesItemgrp,Y,N,N,N,,WIDGET,widget_chart,,,high,widget folder · chart=1 grid=0,ChartComponent:1,common/data,,SP_UI_SA_SALES_DP,468,/demandplan/widgets/DpTopSalesItemgrp,view/demandplan/widgets/dptopsalesitemgrp/DpTopSalesItemgrp.jsx
demandplan,widgets,DpTopSalesMap,Y,N,N,N,,WIDGET,widget_misc,,,high,widget folder · chart=0 grid=0,,,,,157,/demandplan/widgets/dptopsalesaccount/DpTopSalesMap,view/demandplan/widgets/dptopsalesaccount/DpTopSalesMap.jsx
demandplan,widgets,DpYearActualSales,Y,N,N,N,,WIDGET,widget_chart,,,high,widget folder · chart=1 grid=0,ChartComponent:1,common/data,,SP_UI_SA_SALES_DP,196,/demandplan/widgets/DpYearActualSales,view/demandplan/widgets/dpyearactualsales/DpYearActualSales.jsx
demandplan,widgets,DpYearTargetSales,Y,N,N,N,,WIDGET,widget_chart,,,high,widget folder · chart=1 grid=0,ChartComponent:1,common/data,,SP_UI_SA_SALES_DP,197,/demandplan/widgets/DpYearTargetSales,view/demandplan/widgets/dpyeartargetsales/DpYearTargetSales.jsx
demandplan,widgets,ForecastPlan,Y,N,N,N,,WIDGET,widget_chart,,,high,widget folder · chart=1 grid=0,ChartComponent:1,common/data,,SP_UI_SA_SALES_DP,283,/demandplan/widgets/ForecastPlan,view/demandplan/widgets/forecastplan/ForecastPlan.jsx
demandplan,widgets,PlanProgress,Y,N,N,N,,WIDGET,widget_misc,,,high,widget folder · chart=0 grid=0,,engine/dp/GetApprovalSteps,,,166,/demandplan/widgets/PlanProgress,view/demandplan/widgets/planprogress/PlanProgress.jsx
demandplan,widgets,PlanStatus,Y,N,N,N,,WIDGET,widget_chart,,,high,widget folder · chart=1 grid=0,ChartComponent:1,common/data,,SP_UI_SA_SALES_DP,262,/demandplan/widgets/PlanStatus,view/demandplan/widgets/planstatus/PlanStatus.jsx
demandplan,widgets,SalesAlerts,Y,N,N,N,,WIDGET,widget_misc,,,high,widget folder · chart=0 grid=0,,common/data,,SP_UI_SA_SALES_DP,120,/demandplan/widgets/SalesAlerts,view/demandplan/widgets/salesalerts/SalesAlerts.jsx
demandplan,widgets,SalesPlanDistribution,Y,N,N,N,,WIDGET,widget_chart,,,high,widget folder · chart=2 grid=0,ChartComponent:2,common/data,,SP_UI_SA_SALES_DP,272,/demandplan/widgets/SalesPlanDistribution,view/demandplan/widgets/salesplandistribution/SalesPlanDistribution.jsx
demandplan,widgets,SalesProgress,Y,N,N,N,,WIDGET,widget_chart,,,high,widget folder · chart=1 grid=0,ChartComponent:1,common/data,,SP_UI_SA_SALES_DP,195,/demandplan/widgets/SalesProgress,view/demandplan/widgets/salesprogress/SalesProgress.jsx
demandplan,widgets,SupplySufRate,Y,N,N,N,,WIDGET,widget_chart,,,high,widget folder · chart=1 grid=0,ChartComponent:1,common/data,,SP_UI_SA_MP_DASHBOARD,361,/demandplan/widgets/SupplySufRate,view/demandplan/widgets/supplysufrate/SupplySufRate.jsx
demandplan,widgets,TeamSalesPlan,Y,N,N,N,,WIDGET,widget_chart,,,high,widget folder · chart=1 grid=0,ChartComponent:1,common/data,,SP_UI_SA_SALES_DP,236,/demandplan/widgets/TeamSalesPlan,view/demandplan/widgets/teamsalesplan/TeamSalesPlan.jsx
demandplan,yearlyplan,AllReport,N,N,N,N,UI_BP_96,LAYOUT_SINGLE,free_form,,,low,no recognized grid/chart/split components,,,,,7,/demandplan/yearlyplan/AllReport,view/demandplan/yearlyplan/allreport/AllReport.jsx
demandplan,yearlyplan,AllReportChart,N,N,N,N,UI_BP_96_CHART,LAYOUT_SINGLE,free_form,,,low,no recognized grid/chart/split components,,,,,7,/demandplan/yearlyplan/AllReportChart,view/demandplan/yearlyplan/allreportchart/AllReportChart.jsx
demandplan,yearlyplan,ControlBoard,N,N,N,N,UI_BP_93,LAYOUT_CONTROLBOARD,cb_master_dashboard,cb_master,,mid,controlboard match · chart=0 gantt=0,,,,,9,/demandplan/yearlyplan/ControlBoard,view/demandplan/yearlyplan/controlboard/ControlBoard.jsx
demandplan,yearlyplan,Entry,N,N,N,N,UI_BP_95,LAYOUT_SINGLE,free_form,,,low,no recognized grid/chart/split components,,,,,7,/demandplan/yearlyplan/Entry,view/demandplan/yearlyplan/entry/Entry.jsx
demandplan,yearlyplan,EntryChart,N,N,N,N,UI_BP_95_CHART,LAYOUT_SINGLE,free_form,,,low,no recognized grid/chart/split components,,,,,7,/demandplan/yearlyplan/EntryChart,view/demandplan/yearlyplan/entrychart/EntryChart.jsx
demandplan,yearlyplan,ProcessStatus,N,N,N,N,UI_BP_94,LAYOUT_SINGLE,free_form,,,low,no recognized grid/chart/split components,,,,,11,/demandplan/yearlyplan/ProcessStatus,view/demandplan/yearlyplan/processstatus/ProcessStatus.jsx
factoryorder,,Mrp,N,N,N,N,UI_FO_MRP,LAYOUT_SINGLE,search_grid,P02_search_grid,,high,SearchArea + 1 BaseGrid,ContentInner:1;SearchArea:1;SearchRow:1;WorkArea:1;BaseGrid:1;InputField:3,factoryorder/mrp;factoryorder/versions,,,416,/factoryorder/Mrp,view/factoryorder/mrp/Mrp.jsx
factoryorder,,OrderAdjustment,N,N,N,N,UI_FO_ORDER_ADJUSTMENT,LAYOUT_SINGLE,search_grid,P02_search_grid,,high,SearchArea + 1 BaseGrid,ContentInner:1;SearchArea:1;SearchRow:1;WorkArea:1;BaseGrid:1;InputField:5,factoryorder/versions;factoryorder/adjustorders,,,694,/factoryorder/OrderAdjustment,view/factoryorder/orderadjustment/OrderAdjustment.jsx
factoryorder,,OrderCreation,N,N,N,N,UI_FO_ORDER_CREATION,LAYOUT_SINGLE,free_form,,,low,no recognized grid/chart/split components,ContentInner:1;WorkArea:1;InputField:5,factoryorder/versions;factoryorder/actions/convert,,,411,/factoryorder/OrderCreation,view/factoryorder/ordercreation/OrderCreation.jsx
factoryorder,,RequestAnalysis,N,N,N,N,UI_FO_REQUEST_ANALYSIS,LAYOUT_SINGLE,search_grid,P02_search_grid,,high,SearchArea + 1 BaseGrid,ContentInner:1;SearchArea:1;SearchRow:1;WorkArea:1;BaseGrid:1;InputField:5,factoryorder/versions;factoryorder/requestorders,,,473,/factoryorder/RequestAnalysis,view/factoryorder/requestanalysis/RequestAnalysis.jsx
factoryorder,mrp,MrpChart,N,N,N,N,,LAYOUT_SINGLE,P09_chart_view,,,mid,Chart=1,ChartComponent:1,,,,63,/factoryorder/mrp/MrpChart,view/factoryorder/mrp/MrpChart.jsx
factoryorder,orderadjustment,OrderAdjustmentChart,N,N,N,N,,LAYOUT_SINGLE,P09_chart_view,,,mid,Chart=1,ChartComponent:1,,,,84,/factoryorder/orderadjustment/OrderAdjustmentChart,view/factoryorder/orderadjustment/OrderAdjustmentChart.jsx
factoryorder,orderadjustment,OrderConversionPopup,N,N,N,N,,LAYOUT_SINGLE,free_form,,,low,no recognized grid/chart/split components,InputField:2;PopupDialog:1,factoryorder/actions/adjust,,,98,/factoryorder/orderadjustment/popup/OrderConversionPopup,view/factoryorder/orderadjustment/popup/OrderConversionPopup.jsx
factoryorder,orderadjustment,OrderDetailAdjustmentPopup,N,N,N,N,,LAYOUT_SINGLE,P02b_grid_only,,,mid,1 BaseGrid no SearchArea,BaseGrid:1;PopupDialog:1,factoryorder/adjustorders/split-orders,,,313,/factoryorder/orderadjustment/popup/OrderDetailAdjustmentPopup,view/factoryorder/orderadjustment/popup/OrderDetailAdjustmentPopup.jsx
factoryorder,requestanalysis,RequestAnalysisChart,N,N,N,N,,LAYOUT_SINGLE,P09_chart_view,,,mid,Chart=1,ChartComponent:1,,,,84,/factoryorder/requestanalysis/RequestAnalysisChart,view/factoryorder/requestanalysis/RequestAnalysisChart.jsx
factoryplan,analysis,DeliveryDelayStatus,N,N,N,N,,LAYOUT_SINGLE,P09_chart_view,,,mid,Chart=1,ChartComponent:1,,,,100,/factoryplan/analysis/planproblem/details/DeliveryDelayStatus,view/factoryplan/analysis/planproblem/details/DeliveryDelayStatus.jsx
factoryplan,analysis,DeliveryShortStatus,N,N,N,N,,LAYOUT_SINGLE,P09_chart_view,,,mid,Chart=1,ChartComponent:1,,,,99,/factoryplan/analysis/planproblem/details/DeliveryShortStatus,view/factoryplan/analysis/planproblem/details/DeliveryShortStatus.jsx
factoryplan,analysis,DeliveryStatus,N,N,N,N,,LAYOUT_SINGLE,h2_tree_grid,P04_tree_grid,,high,TreeGrid=1,ContentInner:1;SearchArea:1;SearchRow:1;WorkArea:1;TreeGrid:1;GridExcelExportButton:1;InputField:1,factoryplan/analysis/delivery-status,,,361,/factoryplan/analysis/DeliveryStatus,view/factoryplan/analysis/deliverystatus/DeliveryStatus.jsx
factoryplan,analysis,DeliveryStatusSummary,N,N,N,N,,LAYOUT_SINGLE,P09_chart_view,,,mid,Chart=1,ChartComponent:1,,,,67,/factoryplan/analysis/planproblem/details/DeliveryStatusSummary,view/factoryplan/analysis/planproblem/details/DeliveryStatusSummary.jsx
factoryplan,analysis,DetailGrid,N,N,N,N,,LAYOUT_SINGLE,P02b_grid_only,,,mid,1 BaseGrid no SearchArea,BaseGrid:1;GridExcelExportButton:1,factoryplan/analysis/stock-result/stock-outputs/consumption,,,110,/factoryplan/analysis/stockresult/grid/DetailGrid,view/factoryplan/analysis/stockresult/grid/DetailGrid.jsx
factoryplan,analysis,DispatchList,N,N,N,N,,LAYOUT_SINGLE,search_grid,P02_search_grid,,high,SearchArea + 1 BaseGrid,ContentInner:1;SearchArea:1;SearchRow:1;WorkArea:1;BaseGrid:1;GridExcelExportButton:1,factoryplan/analysis/dispatch-list,,,262,/factoryplan/analysis/DispatchList,view/factoryplan/analysis/dispatchlist/DispatchList.jsx
factoryplan,analysis,InoutStatus,N,N,N,N,,LAYOUT_SINGLE,search_grid,P02_search_grid,,high,SearchArea + 1 BaseGrid,ContentInner:1;SearchArea:1;SearchRow:1;WorkArea:1;BaseGrid:1,factoryplan/analysis/inout-status,,,538,/factoryplan/analysis/InoutStatus,view/factoryplan/analysis/inoutstatus/InoutStatus.jsx
factoryplan,analysis,InoutStatusChart,N,N,N,N,,LAYOUT_SINGLE,P09_chart_view,,,mid,Chart=1,ChartComponent:1,,,,71,/factoryplan/analysis/inoutstatus/InoutStatusChart,view/factoryplan/analysis/inoutstatus/InoutStatusChart.jsx
factoryplan,analysis,ItemLeadTime,N,N,N,N,UI_FP_ITEM_LEAD_TIME,LAYOUT_SINGLE,search_grid,P02_search_grid,,high,SearchArea + 1 BaseGrid,ContentInner:1;SearchArea:1;SearchRow:1;WorkArea:1;BaseGrid:1;InputField:3,factoryplan/analysis/item-lead-time,,,531,/factoryplan/analysis/ItemLeadTime,view/factoryplan/analysis/itemleadtime/ItemLeadTime.jsx
factoryplan,analysis,ItemLeadTimeChart,N,N,N,N,,LAYOUT_SINGLE,P09_chart_view,,,mid,Chart=1,ChartComponent:1,,,,70,/factoryplan/analysis/itemleadtime/ItemLeadTimeChart,view/factoryplan/analysis/itemleadtime/ItemLeadTimeChart.jsx
factoryplan,analysis,JobChangeTimeInfo,N,N,N,N,UI_FP_JC_TIME_INFO,LAYOUT_SINGLE,search_grid,P02_search_grid,,high,SearchArea + 1 BaseGrid,ContentInner:1;SearchArea:1;SearchRow:1;WorkArea:1;BaseGrid:1,factoryplan/analysis/job-change-time,,,462,/factoryplan/analysis/JobChangeTimeInfo,view/factoryplan/analysis/jobchangetimeinfo/JobChangeTimeInfo.jsx
factoryplan,analysis,JobChangeTimeInfoChart,N,N,N,N,,LAYOUT_SINGLE,P09_chart_view,,,mid,Chart=1,ChartComponent:1,,,,71,/factoryplan/analysis/jobchangetimeinfo/JobChangeTimeInfoChart,view/factoryplan/analysis/jobchangetimeinfo/JobChangeTimeInfoChart.jsx
factoryplan,analysis,MainGrid,N,N,N,N,,LAYOUT_SINGLE,P02b_grid_only,,,mid,1 BaseGrid no SearchArea,BaseGrid:1;GridExcelExportButton:1,factoryplan/analysis/stock-result/stock-outputs/supply,,,161,/factoryplan/analysis/stockresult/grid/MainGrid,view/factoryplan/analysis/stockresult/grid/MainGrid.jsx
factoryplan,analysis,MaterialPsi,N,N,N,N,UI_FP_MATERIAL_PSI,LAYOUT_SINGLE,search_grid,P02_search_grid,,high,SearchArea + 1 BaseGrid,ContentInner:1;SearchArea:1;SearchRow:1;WorkArea:1;BaseGrid:1,factoryplan/analysis/mrp/psi,,,478,/factoryplan/analysis/MaterialPsi,view/factoryplan/analysis/materialpsi/MaterialPsi.jsx
factoryplan,analysis,MaterialPsiChart,N,N,N,N,,LAYOUT_SINGLE,P09_chart_view,,,mid,Chart=1,ChartComponent:1,,,,71,/factoryplan/analysis/materialpsi/MaterialPsiChart,view/factoryplan/analysis/materialpsi/MaterialPsiChart.jsx
factoryplan,analysis,OrderGantt,N,N,N,N,UI_FP_GANTT_ORDER,LAYOUT_SINGLE,gantt_view,,,mid,GanttChart=1,ContentInner:1;SearchArea:1;SearchRow:1;WorkArea:1;GanttChart:1;InputField:2,factoryplan/analysis/order-gantt/activities;common/search-option/data,,,582,/factoryplan/analysis/OrderGantt,view/factoryplan/analysis/ordergantt/OrderGantt.jsx
factoryplan,analysis,OrderTracking,N,N,N,N,UI_FP_ORDER_TRACKING,LAYOUT_SINGLE,h2_tree_grid,P04_tree_grid,,high,TreeGrid=1,ContentInner:1;SearchArea:1;SearchRow:1;WorkArea:1;TreeGrid:1,factoryplan/analysis/order-tracking/orders,,,337,/factoryplan/analysis/OrderTracking,view/factoryplan/analysis/ordertracking/OrderTracking.jsx
factoryplan,analysis,OrderTrackingDiagram,N,N,N,N,,LAYOUT_ROUTELAYOUT,rl_layout_design,rl_layout,,high,route keyword · flo=1,FLODiagram:1,,,,260,/factoryplan/analysis/ordertracking/OrderTrackingDiagram,view/factoryplan/analysis/ordertracking/OrderTrackingDiagram.jsx
factoryplan,analysis,PlanDetail,N,N,N,N,,LAYOUT_SINGLE,search_grid,P02_search_grid,,high,SearchArea + 1 BaseGrid,ContentInner:1;SearchArea:1;SearchRow:1;WorkArea:1;BaseGrid:1;GridExcelExportButton:1,factoryplan/analysis/fp-plan-detail,,,278,/factoryplan/analysis/PlanDetail,view/factoryplan/analysis/plandetail/PlanDetail.jsx
factoryplan,analysis,PlanProblem,N,N,N,N,UI_FP_PLAN_PROBLEM,LAYOUT_SINGLE,search_grid,P02_search_grid,,high,SearchArea + 1 BaseGrid,ContentInner:1;SearchArea:1;SearchRow:1;WorkArea:1;BaseGrid:1,,,,239,/factoryplan/analysis/PlanProblem,view/factoryplan/analysis/planproblem/PlanProblem.jsx
factoryplan,analysis,PlanResult,N,N,N,N,UI_FP_PLAN_RESULT,LAYOUT_SINGLE,search_grid,P02_search_grid,,high,SearchArea + 1 BaseGrid,ContentInner:1;SearchArea:1;SearchRow:1;WorkArea:1;BaseGrid:1,factoryplan/analysis/plan-result,,,463,/factoryplan/analysis/PlanResult,view/factoryplan/analysis/planresult/PlanResult.jsx
factoryplan,analysis,PlanResultChart,N,N,N,N,,LAYOUT_SINGLE,P09_chart_view,,,mid,Chart=1,ChartComponent:1,,,,71,/factoryplan/analysis/planresult/PlanResultChart,view/factoryplan/analysis/planresult/PlanResultChart.jsx
factoryplan,analysis,ProdCustomer,N,N,N,N,,LAYOUT_SINGLE,search_grid,P02_search_grid,,high,SearchArea + 1 BaseGrid,ContentInner:1;SearchArea:1;SearchRow:1;WorkArea:1;BaseGrid:1,factoryplan/analysis/plan-production,,,486,/factoryplan/analysis/ProdCustomer,view/factoryplan/analysis/prodcustomer/ProdCustomer.jsx
factoryplan,analysis,ProdCustomerChart,N,N,N,N,,LAYOUT_SINGLE,P09_chart_view,,,mid,Chart=1,ChartComponent:1,,,,71,/factoryplan/analysis/prodcustomer/ProdCustomerChart,view/factoryplan/analysis/prodcustomer/ProdCustomerChart.jsx
factoryplan,analysis,ProdSalesStockStatus,N,N,N,N,,LAYOUT_SINGLE,search_grid,P02_search_grid,,high,SearchArea + 1 BaseGrid,ContentInner:1;SearchArea:1;SearchRow:1;WorkArea:1;BaseGrid:1;InputField:1,factoryplan/analysis/prod-sales-stock-status,,,524,/factoryplan/analysis/ProdSalesStockStatus,view/factoryplan/analysis/prodsalesstockstatus/ProdSalesStockStatus.jsx
factoryplan,analysis,ProdSalesStockStatusChart,N,N,N,N,,LAYOUT_SINGLE,P09_chart_view,,,mid,Chart=1,ChartComponent:1,,,,71,/factoryplan/analysis/prodsalesstockstatus/ProdSalesStockStatusChart,view/factoryplan/analysis/prodsalesstockstatus/ProdSalesStockStatusChart.jsx
factoryplan,analysis,PsiDetail,N,N,N,N,,LAYOUT_SINGLE,search_grid,P02_search_grid,,high,SearchArea + 1 BaseGrid,ContentInner:1;SearchArea:1;SearchRow:1;WorkArea:1;BaseGrid:1;InputField:1,factoryplan/analysis/prod-sales-stock-status/detail,,,548,/factoryplan/analysis/PsiDetail,view/factoryplan/analysis/psidetail/PsiDetail.jsx
factoryplan,analysis,PsiDetailChart,N,N,N,N,,LAYOUT_SINGLE,P09_chart_view,,,mid,Chart=1,ChartComponent:1,,,,71,/factoryplan/analysis/psidetail/PsiDetailChart,view/factoryplan/analysis/psidetail/PsiDetailChart.jsx
factoryplan,analysis,ResourceGantt,N,N,N,N,UI_FP_GANTT_RESOURCE,LAYOUT_SINGLE,search_tab,P03_search_tabs,tabs=1,high,TabContainer=1,ContentInner:1;SearchArea:1;SearchRow:1;WorkArea:1;TabContainer:1;GanttChart:1;InputField:1,factoryplan/analysis/resource-gantt/activity-relations;factoryplan/analysis/resource-gantt/short-activities;factoryplan/analysis/resource-gantt/activities;factoryplan/analysis/resource-gantt/activity/detail;factoryplan/adjustment/alt-resources;factoryplan/resources;common/search-option/data,,,1067,/factoryplan/analysis/ResourceGantt,view/factoryplan/analysis/resourcegantt/ResourceGantt.jsx
factoryplan,analysis,ResourcePlanDetailTab,N,N,N,N,,LAYOUT_SINGLE,P02b_grid_only,,,mid,1 BaseGrid no SearchArea,BaseGrid:1,,,,149,/factoryplan/analysis/resourcegantt/tabs/ResourcePlanDetailTab,view/factoryplan/analysis/resourcegantt/tabs/ResourcePlanDetailTab.jsx
factoryplan,analysis,ResourceUtilization,N,N,N,N,UI_FP_RESRC_UTILIZATION,LAYOUT_SINGLE,search_grid,P02_search_grid,,high,SearchArea + 1 BaseGrid,ContentInner:1;SearchArea:1;SearchRow:1;WorkArea:1;BaseGrid:1,factoryplan/analysis/resource-utilization/utilization,,,531,/factoryplan/analysis/ResourceUtilization,view/factoryplan/analysis/resourceutilization/ResourceUtilization.jsx
factoryplan,analysis,ResProdPlan,N,N,N,N,,LAYOUT_SINGLE,search_grid,P02_search_grid,,high,SearchArea + 1 BaseGrid,ContentInner:1;SearchArea:1;SearchRow:1;WorkArea:1;BaseGrid:1;GridExcelExportButton:1,factoryplan/analysis/res-prod-plan/grid;factoryplan/analysis/res-prod-plan/item-chart;factoryplan/analysis/res-prod-plan/res-chart,,,601,/factoryplan/analysis/ResProdPlan,view/factoryplan/analysis/resprodplan/ResProdPlan.jsx
factoryplan,analysis,ResProdPlanChart,N,N,N,N,,LAYOUT_SINGLE,P09_chart_view,,,mid,Chart=1,ChartComponent:1,,,,116,/factoryplan/analysis/resprodplan/ResProdPlanChart,view/factoryplan/analysis/resprodplan/ResProdPlanChart.jsx
factoryplan,analysis,ShortageDetailTab,N,N,N,N,,LAYOUT_SINGLE,P02b_grid_only,,,mid,1 BaseGrid no SearchArea,BaseGrid:1,,,,81,/factoryplan/analysis/resourcegantt/tabs/ShortageDetailTab,view/factoryplan/analysis/resourcegantt/tabs/ShortageDetailTab.jsx
factoryplan,analysis,StockResult,N,N,N,N,UI_FP_STOCK_RESULT,LAYOUT_SINGLE,free_form,,,low,no recognized grid/chart/split components,ContentInner:1;SearchArea:1;SearchRow:1;WorkArea:1;InputField:1,,,,153,/factoryplan/analysis/StockResult,view/factoryplan/analysis/stockresult/StockResult.jsx
factoryplan,analysis,UtilizationChart,N,N,N,N,,LAYOUT_SINGLE,P09_chart_view,,,mid,Chart=1,ChartComponent:1,,,,71,/factoryplan/analysis/resourceutilization/UtilizationChart,view/factoryplan/analysis/resourceutilization/UtilizationChart.jsx
factoryplan,analysis,WipProfile,N,N,N,N,,LAYOUT_SINGLE,search_grid,P02_search_grid,,high,SearchArea + 1 BaseGrid,ContentInner:1;SearchArea:1;SearchRow:1;WorkArea:1;BaseGrid:1,factoryplan/analysis/wip-profile,,,537,/factoryplan/analysis/WipProfile,view/factoryplan/analysis/wipprofile/WipProfile.jsx
factoryplan,analysis,WipProfileChart,N,N,N,N,,LAYOUT_SINGLE,P09_chart_view,,,mid,Chart=1,ChartComponent:1,,,,71,/factoryplan/analysis/wipprofile/WipProfileChart,view/factoryplan/analysis/wipprofile/WipProfileChart.jsx
factoryplan,common,ActualSearchCondition,N,N,N,Y,,SUBCOMPONENT,subcomponent,,form_part,high,sub-component folder,InputField:7;PlanScope:1,common/actual/codes,,,217,/factoryplan/common/component/ActualSearchCondition,view/factoryplan/common/component/ActualSearchCondition.jsx
factoryplan,common,ClickableListPanel,N,N,N,Y,,SUBCOMPONENT,subcomponent,,form_part,high,sub-component folder,,,,,43,/factoryplan/common/component/ClickableListPanel,view/factoryplan/common/component/ClickableListPanel.jsx
factoryplan,common,CustomerPopup,N,N,N,N,,LAYOUT_SINGLE,P02b_grid_only,,,mid,1 BaseGrid no SearchArea,BaseGrid:1;PopupDialog:1,factoryplan/customers,,,117,/factoryplan/common/popup/CustomerPopup,view/factoryplan/common/popup/CustomerPopup.jsx
factoryplan,common,DemandPopup,N,N,N,N,,LAYOUT_SINGLE,P02b_grid_only,,,mid,1 BaseGrid no SearchArea,BaseGrid:1;PopupDialog:1,factoryplan/demands,,,125,/factoryplan/common/popup/DemandPopup,view/factoryplan/common/popup/DemandPopup.jsx
factoryplan,common,DetailCard,N,N,N,Y,,SUBCOMPONENT,subcomponent,,form_part,high,sub-component folder,,,,,58,/factoryplan/common/component/DetailCard,view/factoryplan/common/component/DetailCard.jsx
factoryplan,common,DetailsSplitArea,N,N,N,Y,,SUBCOMPONENT,subcomponent,,form_part,high,sub-component folder,,,,,57,/factoryplan/common/component/DetailsSplitArea,view/factoryplan/common/component/DetailsSplitArea.jsx
factoryplan,common,EngineRun,N,N,N,N,,LAYOUT_SINGLE,free_form,,,low,no recognized grid/chart/split components,,,,,85,/factoryplan/common/drawer/EngineRun,view/factoryplan/common/drawer/EngineRun.jsx
factoryplan,common,InventoryPopup,N,N,N,N,,LAYOUT_SINGLE,P02b_grid_only,,,mid,1 BaseGrid no SearchArea,BaseGrid:1;PopupDialog:1,factoryplan/inventories,,,100,/factoryplan/common/popup/InventoryPopup,view/factoryplan/common/popup/InventoryPopup.jsx
factoryplan,common,ItemGroupPopup,N,N,N,N,,LAYOUT_SINGLE,P02b_grid_only,,,mid,1 BaseGrid no SearchArea,BaseGrid:1;PopupDialog:1,factoryplan/itemGroups,,,119,/factoryplan/common/popup/ItemGroupPopup,view/factoryplan/common/popup/ItemGroupPopup.jsx
factoryplan,common,ItemPopup,N,N,N,N,,LAYOUT_SINGLE,P02b_grid_only,,,mid,1 BaseGrid no SearchArea,BaseGrid:1;PopupDialog:1,factoryplan/items,,,133,/factoryplan/common/popup/ItemPopup,view/factoryplan/common/popup/ItemPopup.jsx
factoryplan,common,OrderPopup,N,N,N,N,,LAYOUT_SINGLE,P02b_grid_only,,,mid,1 BaseGrid no SearchArea,BaseGrid:1;PopupDialog:1,factoryplan/orders,,,103,/factoryplan/common/popup/OrderPopup,view/factoryplan/common/popup/OrderPopup.jsx
factoryplan,common,OrderTypePopup,N,N,N,N,,LAYOUT_SINGLE,P02b_grid_only,,,mid,1 BaseGrid no SearchArea,BaseGrid:1;PopupDialog:1,factoryplan/ordertypes,,,122,/factoryplan/common/popup/OrderTypePopup,view/factoryplan/common/popup/OrderTypePopup.jsx
factoryplan,common,PeriodSearchGroup,N,N,N,Y,,SUBCOMPONENT,subcomponent,,form_part,high,sub-component folder,InputField:5,,,,199,/factoryplan/common/component/PeriodSearchGroup,view/factoryplan/common/component/PeriodSearchGroup.jsx
factoryplan,common,PlanScope,N,N,N,Y,,SUBCOMPONENT,subcomponent,,form_part,high,sub-component folder,InputField:2,factoryplan/examples,,,159,/factoryplan/common/component/PlanScope,view/factoryplan/common/component/PlanScope.jsx
factoryplan,common,PopGeneralConfig,N,Y,N,N,,POPUP,popup,,popup_grid,high,Pop* file · grid=2,BaseGrid:2;GridSaveButton:1;InputField:1;PopupDialog:1,common/search-option/save;common/search-option/group;common/search-option/srh-options;common/search-option/detail;common/search-option/psnl,,,453,/factoryplan/common/popup/PopGeneralConfig,view/factoryplan/common/popup/PopGeneralConfig.jsx
factoryplan,common,PopPlanScope,N,Y,N,N,,POPUP,popup,,popup_grid,high,Pop* file · grid=1,SearchArea:1;WorkArea:1;BaseGrid:1;InputField:4;PopupDialog:1,,,,91,/factoryplan/common/popup/PopPlanScope,view/factoryplan/common/popup/PopPlanScope.jsx
factoryplan,common,PsnlItems,N,N,N,Y,,SUBCOMPONENT,subcomponent,,form_part,high,sub-component folder,,,,,74,/factoryplan/common/component/PsnlItems,view/factoryplan/common/component/PsnlItems.jsx
factoryplan,common,ResourcePopup,N,N,N,N,,LAYOUT_SINGLE,P02b_grid_only,,,mid,1 BaseGrid no SearchArea,BaseGrid:1;PopupDialog:1,factoryplan/resources,,,114,/factoryplan/common/popup/ResourcePopup,view/factoryplan/common/popup/ResourcePopup.jsx
factoryplan,common,ResourceRouteGroupPopup,N,N,N,N,,LAYOUT_SINGLE,P02b_grid_only,,,mid,1 BaseGrid no SearchArea,BaseGrid:1;PopupDialog:1,factoryplan/routegroups,,,123,/factoryplan/common/popup/ResourceRouteGroupPopup,view/factoryplan/common/popup/ResourceRouteGroupPopup.jsx
factoryplan,common,ResourceRoutePopup,N,N,N,N,,LAYOUT_SINGLE,P02b_grid_only,,,mid,1 BaseGrid no SearchArea,BaseGrid:1;PopupDialog:1,factoryplan/bors,,,123,/factoryplan/common/popup/ResourceRoutePopup,view/factoryplan/common/popup/ResourceRoutePopup.jsx
factoryplan,common,RouteGroupPopup,N,N,N,N,,LAYOUT_ROUTELAYOUT,rl_layout_design,rl_layout,,mid,route keyword · flo=0,BaseGrid:1;PopupDialog:1,factoryplan/routegroups,,,113,/factoryplan/common/popup/RouteGroupPopup,view/factoryplan/common/popup/RouteGroupPopup.jsx
factoryplan,common,RoutePopup,N,N,N,N,,LAYOUT_ROUTELAYOUT,rl_layout_design,rl_layout,,mid,route keyword · flo=0,BaseGrid:1;PopupDialog:1,factoryplan/producingroutes,,,144,/factoryplan/common/popup/RoutePopup,view/factoryplan/common/popup/RoutePopup.jsx
factoryplan,common,SearchOptsGroup,N,N,N,Y,,SUBCOMPONENT,subcomponent,,form_part,high,sub-component folder,InputField:2,,,,161,/factoryplan/common/component/SearchOptsGroup,view/factoryplan/common/component/SearchOptsGroup.jsx
factoryplan,common,StagePopup,N,N,N,N,,LAYOUT_SINGLE,h2_tree_grid,P04_tree_grid,,high,TreeGrid=1,TreeGrid:1;PopupDialog:1,factoryplan/stages-tree,,,115,/factoryplan/common/popup/StagePopup,view/factoryplan/common/popup/StagePopup.jsx
factoryplan,common,UrgencyOrder,N,N,N,N,,LAYOUT_SINGLE,free_form,,,low,no recognized grid/chart/split components,,,,,85,/factoryplan/common/drawer/UrgencyOrder,view/factoryplan/common/drawer/UrgencyOrder.jsx
factoryplan,common,VersionPlantSearchCondition,N,N,N,Y,,SUBCOMPONENT,subcomponent,,form_part,high,sub-component folder,InputField:3;PlanScope:1,,,,222,/factoryplan/common/component/VersionPlantSearchCondition,view/factoryplan/common/component/VersionPlantSearchCondition.jsx
factoryplan,common,VersionSearchGroup,N,N,N,Y,,SUBCOMPONENT,subcomponent,,form_part,high,sub-component folder,InputField:4;PlanScope:1,,,,327,/factoryplan/common/component/VersionSearchGroup,view/factoryplan/common/component/VersionSearchGroup.jsx
factoryplan,common,VerticalGridChartBox,N,N,N,Y,,SUBCOMPONENT,subcomponent,,form_part,high,sub-component folder,GridExcelExportButton:1,,,,46,/factoryplan/common/component/VerticalGridChartBox,view/factoryplan/common/component/VerticalGridChartBox.jsx
factoryplan,common,WipLocationPopup,N,N,N,N,,LAYOUT_SINGLE,P02b_grid_only,,,mid,1 BaseGrid no SearchArea,BaseGrid:1;PopupDialog:1,factoryplan/bors,,,101,/factoryplan/common/popup/WipLocationPopup,view/factoryplan/common/popup/WipLocationPopup.jsx
factoryplan,common,WorkOrderPopup,N,N,N,N,,LAYOUT_SINGLE,P02b_grid_only,,,mid,1 BaseGrid no SearchArea,BaseGrid:1;PopupDialog:1,factoryplan/work-orders,,,93,/factoryplan/common/popup/WorkOrderPopup,view/factoryplan/common/popup/WorkOrderPopup.jsx
factoryplan,dashboard,FpVersusPerformance,N,N,N,N,,LAYOUT_SINGLE,widget_dashboard,P01_widget_dashboard,,high,DashboardPanel=1,ContentInner:1;DashboardPanel:1,,,,90,/factoryplan/dashboard/FpVersusPerformance,view/factoryplan/dashboard/fpversusperformance/FpVersusPerformance.jsx
factoryplan,dashboard,InOutStatusDashboard,N,N,N,N,,LAYOUT_SINGLE,widget_dashboard,P01_widget_dashboard,,high,DashboardPanel=1,ContentInner:1;SearchArea:1;SearchRow:1;DashboardPanel:1;InputField:1;PlanScope:1,factoryplan/dashboard/inout-status/route-grp/target-actl;factoryplan/dashboard/inout-status/shipment-status;factoryplan/dashboard/inout-status;factoryplan/dashboard/inout-status/weekly-shipment,,,215,/factoryplan/dashboard/InOutStatusDashboard,view/factoryplan/dashboard/inoutstatusdashboard/InOutStatusDashboard.jsx
factoryplan,dashboard,InOutStatusDetailDashboard,N,N,N,N,,LAYOUT_SINGLE,widget_dashboard,P01_widget_dashboard,,high,DashboardPanel=1,ContentInner:1;SearchArea:1;SearchRow:1;DashboardPanel:1;InputField:1;PlanScope:1,factoryplan/dashboard/inout-status-detail/output-status;factoryplan/dashboard/inout-status-detail/input-status;factoryplan/dashboard/inout-status-detail/input-trend,,,189,/factoryplan/dashboard/InOutStatusDetailDashboard,view/factoryplan/dashboard/inoutstatusdetaildashboard/InOutStatusDetailDashboard.jsx
factoryplan,dashboard,InputOrderBoard,N,N,N,N,,LAYOUT_SINGLE,widget_dashboard,P01_widget_dashboard,,high,DashboardPanel=1,ContentInner:1;DashboardPanel:1,,,,66,/factoryplan/dashboard/InputOrderBoard,view/factoryplan/dashboard/inputorderboard/InputOrderBoard.jsx
factoryplan,dashboard,PlanAgainstPrfmDashboard,N,N,N,N,,LAYOUT_SINGLE,widget_dashboard,P01_widget_dashboard,,high,DashboardPanel=1,ContentInner:1;DashboardPanel:1,factoryplan/dashboard/plan-against-prfm/stack;factoryplan/dashboard/plan-against-prfm/prod-prbm-item-grp-circular;factoryplan/dashboard/plan-against-prfm/prod-prbm-item-grp-stack;factoryplan/dashboard/plan-against-prfm;factoryplan/dashboard/plan-against-prfm/prbm-list;factoryplan/dashboard/plan-against-prfm/prbm-list-stack,,,235,/factoryplan/dashboard/PlanAgainstPrfmDashboard,view/factoryplan/dashboard/planagainstprfmdashboard/PlanAgainstPrfmDashboard.jsx
factoryplan,dashboard,PlanAgainstPrfmDetailDashboard,N,N,N,N,,LAYOUT_SINGLE,widget_dashboard,P01_widget_dashboard,,high,DashboardPanel=1,ContentInner:1;SearchArea:1;SearchRow:1;DashboardPanel:1;InputField:1,factoryplan/dashboard/plan-against-prfm-detail,,,138,/factoryplan/dashboard/PlanAgainstPrfmDetailDashboard,view/factoryplan/dashboard/planagainstprfmdetaildashboard/PlanAgainstPrfmDetailDashboard.jsx
factoryplan,dashboard,PlanProblemDashboard,N,N,N,N,,LAYOUT_SINGLE,widget_dashboard,P01_widget_dashboard,,high,DashboardPanel=1,ContentInner:1;SearchArea:1;SearchRow:1;DashboardPanel:1,,,,220,/factoryplan/dashboard/PlanProblemDashboard,view/factoryplan/dashboard/planproblemdashboard/PlanProblemDashboard.jsx
factoryplan,dashboard,ProductionPerformance,N,N,N,N,,LAYOUT_SINGLE,widget_dashboard,P01_widget_dashboard,,high,DashboardPanel=1,ContentInner:1;DashboardPanel:1,,,,71,/factoryplan/dashboard/ProductionPerformance,view/factoryplan/dashboard/productionperformance/ProductionPerformance.jsx
factoryplan,dashboard,SimulationKPIDashboard,N,N,N,N,,LAYOUT_SINGLE,widget_dashboard,P01_widget_dashboard,,high,DashboardPanel=1,ContentInner:1;SearchArea:1;SearchRow:1;DashboardPanel:1,factoryplan/simulation/simulation-kpi/ful-fill-rate;factoryplan/simulation/simulation-kpi/on-time-rate;factoryplan/simulation/simulation-kpi/lead-time;factoryplan/simulation/simulation-kpi/used-rate/bed;factoryplan/simulation/simulation-kpi/used-rate/worker,,,244,/factoryplan/dashboard/SimulationKPIDashboard,view/factoryplan/dashboard/simulationkpidashboard/SimulationKPIDashboard.jsx
factoryplan,dashboard,WipEohOutDashboard,N,N,N,N,,LAYOUT_SINGLE,widget_dashboard,P01_widget_dashboard,,high,DashboardPanel=1,ContentInner:1;DashboardPanel:1,factoryplan/dashboard/wip-eoh-out/route-output;factoryplan/dashboard/wip-eoh-out/route-wip,,,148,/factoryplan/dashboard/WipEohOutDashboard,view/factoryplan/dashboard/wipeohoutdashboard/WipEohOutDashboard.jsx
factoryplan,insight,ChartDateRange,N,N,N,Y,,SUBCOMPONENT,subcomponent,,form_part,high,sub-component folder,,,,,147,/factoryplan/insight/common/component/ChartDateRange,view/factoryplan/insight/common/component/ChartDateRange.jsx
factoryplan,insight,ChartWithDateRange,N,N,N,Y,,SUBCOMPONENT,subcomponent,,chart_part,high,sub-component folder,ChartComponent:1,,,,102,/factoryplan/insight/common/component/ChartWithDateRange,view/factoryplan/insight/common/component/ChartWithDateRange.jsx
factoryplan,insight,CommonActiveScreen,N,N,N,Y,,SUBCOMPONENT,subcomponent,,form_part,high,sub-component folder,TabContainer:1,,,,119,/factoryplan/insight/common/component/CommonActiveScreen,view/factoryplan/insight/common/component/CommonActiveScreen.jsx
factoryplan,insight,insightPlanProblem,N,N,N,N,,LAYOUT_SINGLE,free_form,,,low,no recognized grid/chart/split components,,,,,849,/factoryplan/insight/simulation/planproblem/insightPlanProblem,view/factoryplan/insight/simulation/planproblem/insightPlanProblem.jsx
factoryplan,insight,insightSimulationCompare,N,N,N,N,,LAYOUT_SINGLE,free_form,,,low,no recognized grid/chart/split components,,,,,638,/factoryplan/insight/simulation/simulationcompare/insightSimulationCompare,view/factoryplan/insight/simulation/simulationcompare/insightSimulationCompare.jsx
factoryplan,insight,PopFpInsightFeature,N,Y,N,N,,POPUP,popup,,popup_form,high,Pop* file · grid=0,PopupDialog:1,,,,104,/factoryplan/insight/common/popup/PopFpInsightFeature,view/factoryplan/insight/common/popup/PopFpInsightFeature.jsx
factoryplan,master,Bom,N,N,N,N,UI_FP_BOM,LAYOUT_SINGLE,search_tab,P03_search_tabs,tabs=1,high,TabContainer=1,ContentInner:1;SearchArea:1;SearchRow:1;WorkArea:1;BaseGrid:1;TreeGrid:1;TabContainer:1;InputField:2;PlanScope:1,factoryplan/items;common/codes,,,431,/factoryplan/master/Bom,view/factoryplan/master/bom/Bom.jsx
factoryplan,master,BomDiagram,N,N,N,N,,LAYOUT_ROUTELAYOUT,rl_layout_design,rl_layout,,high,route keyword · flo=1,FLODiagram:1,,,,193,/factoryplan/master/bom/BomDiagram,view/factoryplan/master/bom/BomDiagram.jsx
factoryplan,master,Bor,N,N,N,N,UI_FP_BOR,LAYOUT_SINGLE,search_tab,P03_search_tabs,tabs=1,high,TabContainer=1,ContentInner:1;SearchArea:1;SearchRow:1;WorkArea:1;TabContainer:1;PlanScope:1,,,,173,/factoryplan/master/Bor,view/factoryplan/master/bor/Bor.jsx
factoryplan,master,BorSetTab,N,N,N,N,,LAYOUT_V3,v3_multi_grid,,,mid,3 BaseGrid no SplitPanel,BaseGrid:3;GridDeleteRowButton:1;InputField:1,factoryplan/master/bor/bors;factoryplan/master/bor/borsets;factoryplan/master/bor/borsets/save,,,443,/factoryplan/master/bor/BorSetTab,view/factoryplan/master/bor/BorSetTab.jsx
factoryplan,master,BorTab,N,N,N,N,,LAYOUT_SINGLE,P02b_grid_only,,,mid,1 BaseGrid no SearchArea,BaseGrid:1;GridAddRowButton:1;GridDeleteRowButton:1;GridSaveButton:1;GridExcelExportButton:1,factoryplan/master/bor/bors;factoryplan/master/bor/bors/save,,,256,/factoryplan/master/bor/BorTab,view/factoryplan/master/bor/BorTab.jsx
factoryplan,master,Byproduct,N,N,N,N,,LAYOUT_SINGLE,h2_tree_grid,P04_tree_grid,,high,TreeGrid=1,ContentInner:1;SearchArea:1;SearchRow:1;WorkArea:1;TreeGrid:1;GridAddRowButton:1;GridDeleteRowButton:1;GridSaveButton:1;PlanScope:1,factoryplan/master/byproduct/byproducts,,,556,/factoryplan/master/Byproduct,view/factoryplan/master/byproduct/Byproduct.jsx
factoryplan,master,ByproductDiagram,N,N,N,N,,LAYOUT_ROUTELAYOUT,rl_layout_design,rl_layout,,high,route keyword · flo=1,FLODiagram:1,factoryplan/master/byproduct/byproducts/route-flo,,,238,/factoryplan/master/byproduct/ByproductDiagram,view/factoryplan/master/byproduct/ByproductDiagram.jsx
factoryplan,master,CalendarCopyPopup,N,N,N,N,,LAYOUT_SINGLE,P02b_grid_only,,,mid,1 BaseGrid no SearchArea,BaseGrid:1;PopupDialog:1,factoryplan/master/resource/resources;factoryplan/master/resource-calendar/copy,,,126,/factoryplan/master/resourcecalendar/CalendarCopyPopup,view/factoryplan/master/resourcecalendar/CalendarCopyPopup.jsx
factoryplan,master,CalendarCopyPopup,N,N,N,N,,LAYOUT_SINGLE,P02b_grid_only,,,mid,1 BaseGrid no SearchArea,BaseGrid:1;PopupDialog:1,factoryplan/master/resource/resources;/factoryplan/master/resource-downtime/copy,,,141,/factoryplan/master/resourcedowntime/CalendarCopyPopup,view/factoryplan/master/resourcedowntime/CalendarCopyPopup.jsx
factoryplan,master,CustomComponent,N,N,N,N,,LAYOUT_SINGLE,free_form,,,low,no recognized grid/chart/split components,,,,,113,/factoryplan/master/resourcecalendar/CustomComponent,view/factoryplan/master/resourcecalendar/CustomComponent.jsx
factoryplan,master,CustomComponent,N,N,N,N,,LAYOUT_SINGLE,free_form,,,low,no recognized grid/chart/split components,,,,,97,/factoryplan/master/resourcedowntime/CustomComponent,view/factoryplan/master/resourcedowntime/CustomComponent.jsx
factoryplan,master,CustomerMasterPopup,N,N,N,N,,LAYOUT_SINGLE,P02b_grid_only,,,mid,1 BaseGrid no SearchArea,BaseGrid:1;GridAddRowButton:1;GridDeleteRowButton:1;GridSaveButton:1;PopupDialog:1,factoryplan/customers;factoryplan/master/order/customers/save,,,129,/factoryplan/master/order/CustomerMasterPopup,view/factoryplan/master/order/CustomerMasterPopup.jsx
factoryplan,master,DemandTab,N,N,N,N,,LAYOUT_SINGLE,P02b_grid_only,,,mid,1 BaseGrid no SearchArea,BaseGrid:1;GridCnt:1;GridAddRowButton:1;GridDeleteRowButton:1;GridSaveButton:1;GridExcelExportButton:1,factoryplan/master/order/demands;factoryplan/master/order/demands/save,,,265,/factoryplan/master/order/DemandTab,view/factoryplan/master/order/DemandTab.jsx
factoryplan,master,EditEventDialog,N,N,N,N,,LAYOUT_SINGLE,free_form,,,low,no recognized grid/chart/split components,,,,,222,/factoryplan/master/resourcecalendar/EditEventDialog,view/factoryplan/master/resourcecalendar/EditEventDialog.jsx
factoryplan,master,EditEventDialog,N,N,N,N,,LAYOUT_SINGLE,free_form,,,low,no recognized grid/chart/split components,,,,,198,/factoryplan/master/resourcedowntime/EditEventDialog,view/factoryplan/master/resourcedowntime/EditEventDialog.jsx
factoryplan,master,Flo,N,N,N,N,,LAYOUT_ROUTELAYOUT,rl_layout_design,rl_layout,,high,route keyword · flo=1,ContentInner:1;SearchArea:1;SearchRow:1;WorkArea:1;FLODiagram:1;InputField:1;PlanScope:1,factoryplan/master/bom/flo,,,291,/factoryplan/master/Flo,view/factoryplan/master/flo/Flo.jsx
factoryplan,master,FpConfiguration,N,N,N,N,,LAYOUT_V2,v2_dual_grid,,,mid,2 BaseGrid no SplitPanel,ContentInner:1;SearchArea:1;SearchRow:1;WorkArea:1;BaseGrid:2;GridAddRowButton:1;GridDeleteRowButton:1;GridSaveButton:1;InputField:3;PlanScope:1,factoryplan/master/fpconfig-grp;factoryplan/master/fpconfig-codes;common/setting/fpconfig-save;common/setting/fpconfig-delete,,,715,/factoryplan/master/FpConfiguration,view/factoryplan/master/fpconfiguration/FpConfiguration.jsx
factoryplan,master,InventoryTab,N,N,N,N,,LAYOUT_SINGLE,P02b_grid_only,,,mid,1 BaseGrid no SearchArea,BaseGrid:1;GridCnt:1;GridAddRowButton:1;GridDeleteRowButton:1;GridSaveButton:1;GridExcelExportButton:1,factoryplan/master/item/inventories,,,281,/factoryplan/master/item/InventoryTab,view/factoryplan/master/item/InventoryTab.jsx
factoryplan,master,Item,N,N,N,N,UI_FP_ITEM,LAYOUT_SINGLE,search_tab,P03_search_tabs,tabs=1,high,TabContainer=1,ContentInner:1;SearchArea:1;SearchRow:1;WorkArea:1;TabContainer:1;PlanScope:1,,,,156,/factoryplan/master/Item,view/factoryplan/master/item/Item.jsx
factoryplan,master,ItemGroupJobChangeTab,N,N,N,N,,LAYOUT_SINGLE,P02b_grid_only,,,mid,1 BaseGrid no SearchArea,BaseGrid:1;GridCnt:1;GridAddRowButton:1;GridDeleteRowButton:1;GridSaveButton:1;GridExcelExportButton:1,factoryplan/master/jobchange/jctimeitemgroups;factoryplan/master/jobchange/jctimeitemgroups/save,,,283,/factoryplan/master/jobchangetime/ItemGroupJobChangeTab,view/factoryplan/master/jobchangetime/ItemGroupJobChangeTab.jsx
factoryplan,master,ItemGroupMasterPopup,N,N,N,N,,LAYOUT_SINGLE,P02b_grid_only,,,mid,1 BaseGrid no SearchArea,BaseGrid:1;GridAddRowButton:1;GridDeleteRowButton:1;GridSaveButton:1;PopupDialog:1,factoryplan/master/item/itemgroups,,,133,/factoryplan/master/item/ItemGroupMasterPopup,view/factoryplan/master/item/ItemGroupMasterPopup.jsx
factoryplan,master,ItemJobChangeTab,N,N,N,N,,LAYOUT_SINGLE,P02b_grid_only,,,mid,1 BaseGrid no SearchArea,BaseGrid:1;GridAddRowButton:1;GridDeleteRowButton:1;GridSaveButton:1;GridExcelExportButton:1,factoryplan/master/jobchange/jctimeitems;factoryplan/master/jobchange/jctimeitems/save,,,277,/factoryplan/master/jobchangetime/ItemJobChangeTab,view/factoryplan/master/jobchangetime/ItemJobChangeTab.jsx
factoryplan,master,ItemTab,N,N,N,N,,LAYOUT_SINGLE,P02b_grid_only,,,mid,1 BaseGrid no SearchArea,BaseGrid:1;GridCnt:1;GridAddRowButton:1;GridDeleteRowButton:1;GridSaveButton:1;GridExcelExportButton:1,factoryplan/master/item/items,,,229,/factoryplan/master/item/ItemTab,view/factoryplan/master/item/ItemTab.jsx
factoryplan,master,JobChangeTime,N,N,N,N,UI_FP_JC_TIME,LAYOUT_SINGLE,search_tab,P03_search_tabs,tabs=1,high,TabContainer=1,ContentInner:1;SearchArea:1;SearchRow:1;WorkArea:1;TabContainer:1;PlanScope:1,,,,200,/factoryplan/master/JobChangeTime,view/factoryplan/master/jobchangetime/JobChangeTime.jsx
factoryplan,master,Order,N,N,N,N,UI_FP_ORDER,LAYOUT_SINGLE,search_tab,P03_search_tabs,tabs=1,high,TabContainer=1,ContentInner:1;SearchArea:1;SearchRow:1;WorkArea:1;TabContainer:1;PlanScope:1,,,,234,/factoryplan/master/Order,view/factoryplan/master/order/Order.jsx
factoryplan,master,OrderTypeMasterPopup,N,N,N,N,,LAYOUT_SINGLE,P02b_grid_only,,,mid,1 BaseGrid no SearchArea,BaseGrid:1;GridAddRowButton:1;GridDeleteRowButton:1;GridSaveButton:1;PopupDialog:1,factoryplan/ordertypes;factoryplan/master/order/ordertypes/save,,,148,/factoryplan/master/order/OrderTypeMasterPopup,view/factoryplan/master/order/OrderTypeMasterPopup.jsx
factoryplan,master,Resource,N,N,N,N,UI_FP_RESOURCE,LAYOUT_SINGLE,search_grid,P02_search_grid,,high,SearchArea + 1 BaseGrid,ContentInner:1;SearchArea:1;SearchRow:1;WorkArea:1;BaseGrid:1;GridCnt:1;GridAddRowButton:1;GridDeleteRowButton:1;GridSaveButton:1;GridExcelExportButton:1;PlanScope:1,factoryplan/master/resource/resources,,,350,/factoryplan/master/Resource,view/factoryplan/master/resource/Resource.jsx
factoryplan,master,ResourceCalendar,N,N,N,N,UI_FP_RESOURCE_CALENDAR,LAYOUT_SINGLE,free_form,,,low,no recognized grid/chart/split components,ContentInner:1;SearchArea:1;SearchRow:1;WorkArea:1;InputField:1;PlanScope:1,factoryplan/master/resource/resources;factoryplan/master/resource-calendar/events;factoryplan/master/resource-calendar/events/delete,,,364,/factoryplan/master/ResourceCalendar,view/factoryplan/master/resourcecalendar/ResourceCalendar.jsx
factoryplan,master,ResourceDownTime,N,N,N,N,,LAYOUT_SINGLE,search_tab,P03_search_tabs,tabs=1,high,TabContainer=1,ContentInner:1;SearchArea:1;SearchRow:1;WorkArea:1;TabContainer:1;InputField:4;PlanScope:1,factoryplan/master/resource/resources,,,167,/factoryplan/master/ResourceDownTime,view/factoryplan/master/resourcedowntime/ResourceDownTime.jsx
factoryplan,master,ResourceDownTimeCalendarTab,N,N,N,N,,LAYOUT_SINGLE,free_form,,,low,no recognized grid/chart/split components,,factoryplan/master/resource-downtime;/factoryplan/master/resource-downtime/delete;/factoryplan/master/resource-downtime/save,,,257,/factoryplan/master/resourcedowntime/ResourceDownTimeCalendarTab,view/factoryplan/master/resourcedowntime/ResourceDownTimeCalendarTab.jsx
factoryplan,master,ResourceDownTimeMasterTab,N,N,N,N,,LAYOUT_SINGLE,P02b_grid_only,,,mid,1 BaseGrid no SearchArea,BaseGrid:1;GridAddRowButton:1;GridDeleteRowButton:1;GridSaveButton:1;GridExcelExportButton:1,factoryplan/master/resource-downtime;/factoryplan/master/resource-downtime/import,,,269,/factoryplan/master/resourcedowntime/ResourceDownTimeMasterTab,view/factoryplan/master/resourcedowntime/ResourceDownTimeMasterTab.jsx
factoryplan,master,ResourceJobChangeTab,N,N,N,N,,LAYOUT_SINGLE,P02b_grid_only,,,mid,1 BaseGrid no SearchArea,BaseGrid:1;GridCnt:1;GridSaveButton:1;GridExcelExportButton:1,factoryplan/master/jobchange/resources;factoryplan/master/jobchange/resources/save,,,162,/factoryplan/master/jobchangetime/ResourceJobChangeTab,view/factoryplan/master/jobchangetime/ResourceJobChangeTab.jsx
factoryplan,master,Route,N,N,N,N,UI_FP_ROUTE,LAYOUT_ROUTELAYOUT,rl_layout_design,rl_layout,,mid,route keyword · flo=0,ContentInner:1;SearchArea:1;SearchRow:1;WorkArea:1;BaseGrid:1;GridCnt:1;GridAddRowButton:1;GridDeleteRowButton:1;GridSaveButton:1;GridExcelExportButton:1;PlanScope:1,factoryplan/master/route/routes;factoryplan/master/route/routes/save,,,327,/factoryplan/master/Route,view/factoryplan/master/route/Route.jsx
factoryplan,master,RouteGroupJobChangeTab,N,N,N,N,,LAYOUT_ROUTELAYOUT,rl_layout_design,rl_layout,,mid,route keyword · flo=0,BaseGrid:1;GridCnt:1;GridAddRowButton:1;GridDeleteRowButton:1;GridSaveButton:1;GridExcelExportButton:1,factoryplan/master/jobchange/jctimegroups;factoryplan/master/jobchange/jctimegroups/save,,,295,/factoryplan/master/jobchangetime/RouteGroupJobChangeTab,view/factoryplan/master/jobchangetime/RouteGroupJobChangeTab.jsx
factoryplan,master,RouteGroupMasterPopup,N,N,N,N,,LAYOUT_ROUTELAYOUT,rl_layout_design,rl_layout,,mid,route keyword · flo=0,BaseGrid:1;GridAddRowButton:1;GridDeleteRowButton:1;GridSaveButton:1;PopupDialog:1,factoryplan/master/route/routegroups;factoryplan/master/route/routegroups/save,,,126,/factoryplan/master/route/RouteGroupMasterPopup,view/factoryplan/master/route/RouteGroupMasterPopup.jsx
factoryplan,master,RouteJobChangeTab,N,N,N,N,,LAYOUT_ROUTELAYOUT,rl_layout_design,rl_layout,,mid,route keyword · flo=0,BaseGrid:1;GridCnt:1;GridAddRowButton:1;GridDeleteRowButton:1;GridSaveButton:1;GridExcelExportButton:1,factoryplan/master/jobchange/jctimes;factoryplan/master/jobchange/jctimes/save,,,293,/factoryplan/master/jobchangetime/RouteJobChangeTab,view/factoryplan/master/jobchangetime/RouteJobChangeTab.jsx
factoryplan,master,Stock,N,N,N,N,UI_FP_STOCK,LAYOUT_SINGLE,search_grid,P02_search_grid,,high,SearchArea + 1 BaseGrid,ContentInner:1;SearchArea:1;SearchRow:1;WorkArea:1;BaseGrid:1;GridCnt:1;GridAddRowButton:1;GridDeleteRowButton:1;GridSaveButton:1;GridExcelExportButton:1;PlanScope:1,factoryplan/master/stock/stocks;factoryplan/master/stock/stocks/save,,,352,/factoryplan/master/Stock,view/factoryplan/master/stock/Stock.jsx
factoryplan,master,ToolSettingTab,N,N,N,N,,LAYOUT_V2,v2_dual_grid,,,mid,2 BaseGrid no SplitPanel,BaseGrid:2;GridDeleteRowButton:1;GridSaveButton:1,factoryplan/master/bor/borsettools;factoryplan/master/resource/resources;factoryplan/master/bor/borsettools/save,,,333,/factoryplan/master/bor/ToolSettingTab,view/factoryplan/master/bor/ToolSettingTab.jsx
factoryplan,master,ToolSupplyTab,N,N,N,N,,LAYOUT_V2,v2_dual_grid,,,mid,2 BaseGrid no SplitPanel,BaseGrid:2;GridAddRowButton:1,factoryplan/master/resource/resources;factoryplan/master/bor/toolsupplies;factoryplan/master/bor/toolsupplies/delete;factoryplan/master/bor/toolsupplies/save,,,404,/factoryplan/master/bor/ToolSupplyTab,view/factoryplan/master/bor/ToolSupplyTab.jsx
factoryplan,master,ToolSupplyTabChart,N,N,N,N,,LAYOUT_SINGLE,P09_chart_view,,,mid,Chart=1,ChartComponent:1,,,,90,/factoryplan/master/bor/ToolSupplyTabChart,view/factoryplan/master/bor/ToolSupplyTabChart.jsx
factoryplan,master,Validation,N,N,N,N,UI_FP_VALIDATION,LAYOUT_SINGLE,search_grid,P02_search_grid,,high,SearchArea + 1 BaseGrid,ContentInner:1;SearchArea:1;SearchRow:1;WorkArea:1;BaseGrid:1;InputField:1;PlanScope:1,factoryplan/master/validation/validations;common/codes,,,211,/factoryplan/master/Validation,view/factoryplan/master/validation/Validation.jsx
factoryplan,master,ValidationAccordion,N,N,N,N,,LAYOUT_SINGLE,free_form,,,low,no recognized grid/chart/split components,,,,,62,/factoryplan/master/validation/ValidationAccordion,view/factoryplan/master/validation/ValidationAccordion.jsx
factoryplan,master,Wip,N,N,N,N,UI_FP_WIP,LAYOUT_SINGLE,search_grid,P02_search_grid,,high,SearchArea + 1 BaseGrid,ContentInner:1;SearchArea:1;SearchRow:1;WorkArea:1;BaseGrid:1;GridCnt:1;GridAddRowButton:1;GridDeleteRowButton:1;GridSaveButton:1;GridExcelExportButton:1;PlanScope:1,factoryplan/master/wip/wips;factoryplan/master/wip/wips/save,,,302,/factoryplan/master/Wip,view/factoryplan/master/wip/Wip.jsx
factoryplan,master,WorkOrderTab,N,N,N,N,,LAYOUT_SINGLE,P02b_grid_only,,,mid,1 BaseGrid no SearchArea,BaseGrid:1;GridCnt:1;GridAddRowButton:1;GridDeleteRowButton:1;GridSaveButton:1;GridExcelExportButton:1,factoryplan/master/order/workorders;factoryplan/master/order/workorders/save,,,287,/factoryplan/master/order/WorkOrderTab,view/factoryplan/master/order/WorkOrderTab.jsx
factoryplan,simulation,AdjustDetailTab,N,N,N,N,,LAYOUT_SINGLE,free_form,,,low,no recognized grid/chart/split components,InputField:8,,,,347,/factoryplan/simulation/adjustmentgantt/adjustmentUtils/tabs/AdjustDetailTab,view/factoryplan/simulation/adjustmentgantt/adjustmentUtils/tabs/AdjustDetailTab.jsx
factoryplan,simulation,AdjustmentGantt,N,N,N,N,,LAYOUT_SINGLE,search_tab,P03_search_tabs,tabs=1,high,TabContainer=1,ContentInner:1;SearchArea:1;SearchRow:1;WorkArea:1;TabContainer:1;GanttChart:1;InputField:3,factoryplan/adjustment/alt-resources;factoryplan/resources;factoryplan/adjustment/gantt/activities;common/planscope/modules/module;common/search-option/data,,,1079,/factoryplan/simulation/AdjustmentGantt,view/factoryplan/simulation/adjustmentgantt/AdjustmentGantt.jsx
factoryplan,simulation,AdjustmentGrid1,N,N,N,N,,LAYOUT_V2,v2_dual_grid,,,mid,2 BaseGrid no SplitPanel,ContentInner:1;SearchArea:1;SearchRow:1;WorkArea:1;BaseGrid:2;GridSaveButton:2;InputField:3,factoryplan/master/resource/resources;factoryplan/adjustment/grid1,,,338,/factoryplan/simulation/AdjustmentGrid1,view/factoryplan/simulation/adjustmentgrid1/AdjustmentGrid1.jsx
factoryplan,simulation,AdjustmentGrid2,N,N,N,N,,LAYOUT_SINGLE,search_grid,P02_search_grid,,high,SearchArea + 1 BaseGrid,ContentInner:1;SearchArea:1;SearchRow:1;WorkArea:1;BaseGrid:1;GridExcelExportButton:1,factoryplan/adjustment/grid2,,,768,/factoryplan/simulation/AdjustmentGrid2,view/factoryplan/simulation/adjustmentgrid2/AdjustmentGrid2.jsx
factoryplan,simulation,AdjustmentGrid3,N,N,N,N,,LAYOUT_SINGLE,search_tab,P03_search_tabs,tabs=1,high,TabContainer=1,ContentInner:1;SearchArea:1;SearchRow:1;WorkArea:1;BaseGrid:1;TabContainer:1;GridExcelExportButton:1;InputField:2,factoryplan/adjustment/alt-resources;factoryplan/analysis/resource-gantt/activity/detail;factoryplan/adjustment/grid3;factoryplan/adjustment/grid3/arranged-activities;factoryplan/resources,,,822,/factoryplan/simulation/AdjustmentGrid3,view/factoryplan/simulation/adjustmentgrid3/AdjustmentGrid3.jsx
factoryplan,simulation,AdjustQtyPopup,N,N,N,N,,LAYOUT_SINGLE,free_form,,,low,no recognized grid/chart/split components,InputField:5;PopupDialog:1,,,,109,/factoryplan/simulation/adjustmentgrid3/AdjustQtyPopup,view/factoryplan/simulation/adjustmentgrid3/AdjustQtyPopup.jsx
factoryplan,simulation,AdjustResourcePlanDetailTab,N,N,N,N,,LAYOUT_SINGLE,P02b_grid_only,,,mid,1 BaseGrid no SearchArea,BaseGrid:1,,,,153,/factoryplan/simulation/adjustmentgantt/adjustmentUtils/tabs/AdjustResourcePlanDetailTab,view/factoryplan/simulation/adjustmentgantt/adjustmentUtils/tabs/AdjustResourcePlanDetailTab.jsx
factoryplan,simulation,LeadTime,N,N,N,N,,LAYOUT_SINGLE,P09_chart_view,,,mid,Chart=1,ChartComponent:1,,,,85,/factoryplan/simulation/simulationkpi/details/LeadTime,view/factoryplan/simulation/simulationkpi/details/LeadTime.jsx
factoryplan,simulation,OnTimeRate,N,N,N,N,,LAYOUT_SINGLE,free_form,,,low,no recognized grid/chart/split components,,,,,74,/factoryplan/simulation/simulationkpi/details/OnTimeRate,view/factoryplan/simulation/simulationkpi/details/OnTimeRate.jsx
factoryplan,simulation,ProdDisruptionChart,N,N,N,N,,LAYOUT_SINGLE,P09_chart_view,,,mid,Chart=1,ChartComponent:1,,,,90,/factoryplan/simulation/proddisruptionmonitoring/ProdDisruptionChart,view/factoryplan/simulation/proddisruptionmonitoring/ProdDisruptionChart.jsx
factoryplan,simulation,ProdDisruptionMonitoring,N,N,N,N,,LAYOUT_MONITORING,mn_grid_alert,,,high,monitoring match · chart=0 grid=1,ContentInner:1;SearchArea:1;SearchRow:1;WorkArea:1;BaseGrid:1;GridSaveButton:1;InputField:1,factoryplan/analysis/prod-disruption-monitoring/chart;factoryplan/analysis/prod-disruption-monitoring/grid,,,452,/factoryplan/simulation/ProdDisruptionMonitoring,view/factoryplan/simulation/proddisruptionmonitoring/ProdDisruptionMonitoring.jsx
factoryplan,simulation,PsiTab,N,N,N,N,,LAYOUT_SINGLE,P02b_grid_only,,,mid,1 BaseGrid no SearchArea,BaseGrid:1,factoryplan/analysis/prod-sales-stock-status,,,176,/factoryplan/simulation/adjustmentgrid3/PsiTab,view/factoryplan/simulation/adjustmentgrid3/PsiTab.jsx
factoryplan,simulation,ScenarioComparePanel,N,N,N,N,,LAYOUT_SINGLE,free_form,,,low,no recognized grid/chart/split components,,,,,528,/factoryplan/simulation/simulationcompare/ScenarioComparePanel,view/factoryplan/simulation/simulationcompare/ScenarioComparePanel.jsx
factoryplan,simulation,ScenarioScriptPopup,N,N,N,N,,LAYOUT_SINGLE,free_form,,,low,no recognized grid/chart/split components,PopupDialog:1,,,,147,/factoryplan/simulation/simulationscenario/ScenarioScriptPopup,view/factoryplan/simulation/simulationscenario/ScenarioScriptPopup.jsx
factoryplan,simulation,Simulation,N,N,N,N,UI_FP_SIMULATION,LAYOUT_SINGLE,free_form,,,low,no recognized grid/chart/split components,ContentInner:1;SearchArea:1;SearchRow:1;WorkArea:1;PlanScope:1,,,,72,/factoryplan/simulation/Simulation,view/factoryplan/simulation/simulation/Simulation.jsx
factoryplan,simulation,SimulationCompare,N,N,N,N,UI_FP_SIMUL_COMPARE,LAYOUT_SINGLE,free_form,,,low,no recognized grid/chart/split components,ContentInner:1;SearchArea:1;SearchRow:1;WorkArea:1;InputField:1;PlanScope:1;PopKpiWeightConfig:1,factoryplan/versions/plan-dts;factoryplan/simulation/simulation-compare/versions;factoryplan/simulation/simulation-compare/confirm,,,369,/factoryplan/simulation/SimulationCompare,view/factoryplan/simulation/simulationcompare/SimulationCompare.jsx
factoryplan,simulation,SimulationDetails,N,N,N,N,,LAYOUT_SINGLE,P02b_grid_only,,,mid,1 BaseGrid no SearchArea,BaseGrid:1,factoryplan/simulation/is-engine-running;factoryplan/plan-policy;factoryplan/simulation/simulation/details;factoryplan/simulation/simulation/plan-versions/save;factoryplan/simulation/simulation/plan-versions/options/save,,,575,/factoryplan/simulation/simulation/details/SimulationDetails,view/factoryplan/simulation/simulation/details/SimulationDetails.jsx
factoryplan,simulation,SimulationHistory,N,N,N,N,,LAYOUT_SINGLE,P02b_grid_only,,,mid,1 BaseGrid no SearchArea,BaseGrid:1,,,,202,/factoryplan/simulation/simulation/details/SimulationHistory,view/factoryplan/simulation/simulation/details/SimulationHistory.jsx
factoryplan,simulation,SimulationOptionPopup,N,N,N,N,,LAYOUT_SINGLE,free_form,,,low,no recognized grid/chart/split components,InputField:2;PopupDialog:1,factoryplan/simulation/simulation/plan-versions/options,,,375,/factoryplan/simulation/simulation/SimulationOptionPopup,view/factoryplan/simulation/simulation/SimulationOptionPopup.jsx
factoryplan,simulation,SimulationScenario,N,N,N,N,UI_FP_SIMUL_SCENARIO,LAYOUT_SINGLE,free_form,,,low,no recognized grid/chart/split components,ContentInner:1;SearchArea:1;SearchRow:1;WorkArea:1;InputField:2;PlanScope:1,factoryplan/plan-policy;factoryplan/plan-policy-detail;factoryplan/simulation/simulation-scenario/policy-dtls;common/codes,,,488,/factoryplan/simulation/SimulationScenario,view/factoryplan/simulation/simulationscenario/SimulationScenario.jsx
factoryplan,simulation,SimulationStep,N,N,N,N,UI_FP_SIMUL_STEP,LAYOUT_SINGLE,search_grid,P02_search_grid,,high,SearchArea + 1 BaseGrid,ContentInner:1;SearchArea:1;SearchRow:1;WorkArea:1;BaseGrid:1;GridAddRowButton:1;PlanScope:1,factoryplan/plan-steps;factoryplan/simulation/simulation-step/step-seqs;factoryplan/simulation/simulation-step/step-seqs/save;common/codes,,,426,/factoryplan/simulation/SimulationStep,view/factoryplan/simulation/simulationstep/SimulationStep.jsx
factoryplan,simulation,VersionCreation,N,N,N,N,,LAYOUT_SINGLE,free_form,,,low,no recognized grid/chart/split components,InputField:4,factoryplan/simulation/simulation/main-versions/default;factoryplan/plan-steps;factoryplan/simulation/simulation/main-versions,,,304,/factoryplan/simulation/simulation/details/VersionCreation,view/factoryplan/simulation/simulation/details/VersionCreation.jsx
factoryplan,simulation,VersionGroupInputField,N,N,N,N,,LAYOUT_SINGLE,free_form,,,low,no recognized grid/chart/split components,InputField:1,,,,135,/factoryplan/simulation/simulationcompare/VersionGroupInputField,view/factoryplan/simulation/simulationcompare/VersionGroupInputField.jsx
factoryplan,widgets,DailyProductionPerformanceByProduct,Y,N,N,N,,WIDGET,widget_chart,,,high,widget folder · chart=1 grid=0,ChartComponent:1,common/data,,SP_UI_SA_FP_DASHBOARD,216,/factoryplan/widgets/DailyProductionPerformanceByProduct,view/factoryplan/widgets/dailyproductionperformancebyproduct/DailyProductionPerformanceByProduct.jsx
factoryplan,widgets,factoryStock,Y,N,N,N,,WIDGET,widget_grid,,,high,widget folder · chart=0 grid=1,BaseGrid:1,common/data,,SP_UI_SA_FP_DASHBOARD,109,/factoryplan/widgets/factoryStock,view/factoryplan/widgets/factorystock/factoryStock.jsx
factoryplan,widgets,FpBar,Y,N,N,N,,WIDGET,widget_chart,,,high,widget folder · chart=1 grid=0,ChartComponent:1,,,,89,/factoryplan/widgets/FpBar,view/factoryplan/widgets/fpbar/FpBar.jsx
factoryplan,widgets,FpBarLine,Y,N,N,N,,WIDGET,widget_chart,,,high,widget folder · chart=1 grid=0,ChartComponent:1,,,,198,/factoryplan/widgets/FpBarLine,view/factoryplan/widgets/fpbarline/FpBarLine.jsx
factoryplan,widgets,FpBarStack,Y,N,N,N,,WIDGET,widget_chart,,,high,widget folder · chart=1 grid=0,ChartComponent:1,,,,155,/factoryplan/widgets/FpBarStack,view/factoryplan/widgets/fpbarstack/FpBarStack.jsx
factoryplan,widgets,FpBarStackLine,Y,N,N,N,,WIDGET,widget_chart,,,high,widget folder · chart=1 grid=0,ChartComponent:1,,,,538,/factoryplan/widgets/FpBarStackLine,view/factoryplan/widgets/fpbarstackline/FpBarStackLine.jsx
factoryplan,widgets,FpCircularSum,Y,N,N,N,,WIDGET,widget_chart,,,high,widget folder · chart=1 grid=0,ChartComponent:1,,,,91,/factoryplan/widgets/FpCircularSum,view/factoryplan/widgets/fpcircularsum/FpCircularSum.jsx
factoryplan,widgets,FpCumulativeBarLine,Y,N,N,N,,WIDGET,widget_chart,,,high,widget folder · chart=1 grid=0,ChartComponent:1,,,,125,/factoryplan/widgets/FpCumulativeBarLine,view/factoryplan/widgets/fpcumulativebarline/FpCumulativeBarLine.jsx
factoryplan,widgets,InOutStatus,Y,N,N,N,,WIDGET,widget_misc,,,high,widget folder · chart=0 grid=0,,,,,39,/factoryplan/widgets/InOutStatus,view/factoryplan/widgets/inoutstatus/InOutStatus.jsx
factoryplan,widgets,InputDelayedProductionOrder,Y,N,N,N,,WIDGET,widget_grid,,,high,widget folder · chart=0 grid=2,BaseGrid:2;GridAddRowButton:2;GridDeleteRowButton:2;GridSaveButton:2,,,,377,/factoryplan/widgets/InputDelayedProductionOrder,view/factoryplan/widgets/inputdelayedproductionorder/InputDelayedProductionOrder.jsx
factoryplan,widgets,InputPlanComplianceRate,Y,N,N,N,,WIDGET,widget_misc,,,high,widget folder · chart=0 grid=0,,common/data,,SP_UI_SA_FP_DASHBOARD,97,/factoryplan/widgets/InputPlanComplianceRate,view/factoryplan/widgets/inputplancompliancerate/InputPlanComplianceRate.jsx
factoryplan,widgets,InputStatus,Y,N,N,N,,WIDGET,widget_grid,,,high,widget folder · chart=0 grid=1,WorkArea:1;BaseGrid:1,,,,203,/factoryplan/widgets/InputStatus,view/factoryplan/widgets/inputstatus/InputStatus.jsx
factoryplan,widgets,InputTrend,Y,N,N,N,,WIDGET,widget_misc,,,high,widget folder · chart=0 grid=0,,,,,38,/factoryplan/widgets/InputTrend,view/factoryplan/widgets/inputtrend/InputTrend.jsx
factoryplan,widgets,InventoryStatusByProduct,Y,N,N,N,,WIDGET,widget_grid,,,high,widget folder · chart=0 grid=1,BaseGrid:1,common/data,,SP_UI_SA_FP_DASHBOARD,109,/factoryplan/widgets/InventoryStatusByProduct,view/factoryplan/widgets/inventorystatusbyproduct/InventoryStatusByProduct.jsx
factoryplan,widgets,KpiPlanResultDeliveryStatusSummary,Y,N,N,N,,WIDGET,widget_misc,,,high,widget folder · chart=0 grid=0,,,,,21,/factoryplan/widgets/KpiPlanResultDeliveryStatusSummary,view/factoryplan/widgets/kpiplanresultdeliverystatussummary/KpiPlanResultDeliveryStatusSummary.jsx
factoryplan,widgets,KpiProblemDetailGrid,Y,N,N,N,,WIDGET,widget_grid,,,high,widget folder · chart=0 grid=1,BaseGrid:1,,,,148,/factoryplan/widgets/KpiProblemDetailGrid,view/factoryplan/widgets/kpiproblemdetailgrid/KpiProblemDetailGrid.jsx
factoryplan,widgets,OutputStatus,Y,N,N,N,,WIDGET,widget_grid,,,high,widget folder · chart=0 grid=1,WorkArea:1;BaseGrid:1,,,,190,/factoryplan/widgets/OutputStatus,view/factoryplan/widgets/outputstatus/OutputStatus.jsx
factoryplan,widgets,PlanAgainstPerformance,Y,N,N,N,,WIDGET,widget_misc,,,high,widget folder · chart=0 grid=0,,,,,41,/factoryplan/widgets/PlanAgainstPerformance,view/factoryplan/widgets/planagainstperformance/PlanAgainstPerformance.jsx
factoryplan,widgets,PlanAgainstPerformanceStack,Y,N,N,N,,WIDGET,widget_misc,,,high,widget folder · chart=0 grid=0,,,,,41,/factoryplan/widgets/PlanAgainstPerformanceStack,view/factoryplan/widgets/planagainstperformancestack/PlanAgainstPerformanceStack.jsx
factoryplan,widgets,PlanAgainstPrfmPrbm,Y,N,N,N,,WIDGET,widget_misc,,,high,widget folder · chart=0 grid=0,,,,,90,/factoryplan/widgets/PlanAgainstPrfmPrbm,view/factoryplan/widgets/planagainstprfmprbm/PlanAgainstPrfmPrbm.jsx
factoryplan,widgets,PlanAgainstPrfmPrbmStack,Y,N,N,N,,WIDGET,widget_misc,,,high,widget folder · chart=0 grid=0,,,,,50,/factoryplan/widgets/PlanAgainstPrfmPrbmStack,view/factoryplan/widgets/planagainstprfmprbmstack/PlanAgainstPrfmPrbmStack.jsx
factoryplan,widgets,PlanAgainstPrfmProdPrbmItemGrp,Y,N,N,N,,WIDGET,widget_misc,,,high,widget folder · chart=0 grid=0,,,,,76,/factoryplan/widgets/PlanAgainstPrfmProdPrbmItemGrp,view/factoryplan/widgets/planagainstprfmprodprbmitemgrp/PlanAgainstPrfmProdPrbmItemGrp.jsx
factoryplan,widgets,PlanAgainstPrfmProdPrbmStack,Y,N,N,N,,WIDGET,widget_misc,,,high,widget folder · chart=0 grid=0,,,,,37,/factoryplan/widgets/PlanAgainstPrfmProdPrbmStack,view/factoryplan/widgets/planagainstprfmprodprbmstack/PlanAgainstPrfmProdPrbmStack.jsx
factoryplan,widgets,PlanResultDeliveryDelayStatus,Y,N,N,N,,WIDGET,widget_misc,,,high,widget folder · chart=0 grid=0,,,,,22,/factoryplan/widgets/PlanResultDeliveryDelayStatus,view/factoryplan/widgets/planresultdeliverydelaystatus/PlanResultDeliveryDelayStatus.jsx
factoryplan,widgets,PlanResultDeliveryShortStatus,Y,N,N,N,,WIDGET,widget_misc,,,high,widget folder · chart=0 grid=0,,,,,22,/factoryplan/widgets/PlanResultDeliveryShortStatus,view/factoryplan/widgets/planresultdeliveryshortstatus/PlanResultDeliveryShortStatus.jsx
factoryplan,widgets,PlanResultDeliveryStatusSummary,Y,N,N,N,,WIDGET,widget_misc,,,high,widget folder · chart=0 grid=0,,,,,22,/factoryplan/widgets/PlanResultDeliveryStatusSummary,view/factoryplan/widgets/planresultdeliverystatussummary/PlanResultDeliveryStatusSummary.jsx
factoryplan,widgets,PlanResultSummaryDeliveryRate,Y,N,N,N,,WIDGET,widget_misc,,,high,widget folder · chart=0 grid=0,,,,,33,/factoryplan/widgets/PlanResultSummaryDeliveryRate,view/factoryplan/widgets/planresultsummarydeliveryrate/PlanResultSummaryDeliveryRate.jsx
factoryplan,widgets,PlanResultSummaryOrderCount,Y,N,N,N,,WIDGET,widget_misc,,,high,widget folder · chart=0 grid=0,,,,,33,/factoryplan/widgets/PlanResultSummaryOrderCount,view/factoryplan/widgets/planresultsummaryordercount/PlanResultSummaryOrderCount.jsx
factoryplan,widgets,PlanVsActualDetailGrid,Y,N,N,N,,WIDGET,widget_grid,,,high,widget folder · chart=0 grid=1,WorkArea:1;BaseGrid:1,factoryplan/dashboard/plan-against-prfm-detail/chart,,,209,/factoryplan/widgets/PlanVsActualDetailGrid,view/factoryplan/widgets/planvsactualdetailgrid/PlanVsActualDetailGrid.jsx
factoryplan,widgets,POFinishFpPlanPerformance,Y,N,N,N,,WIDGET,widget_grid,,,high,widget folder · chart=0 grid=1,BaseGrid:1,common/data,,SP_UI_SA_FP_DASHBOARD,134,/factoryplan/widgets/POFinishFpPlanPerformance,view/factoryplan/widgets/pofinishfpplanperformance/POFinishFpPlanPerformance.jsx
factoryplan,widgets,POInputPlanPerformance,Y,N,N,N,,WIDGET,widget_grid,,,high,widget folder · chart=0 grid=1,BaseGrid:1,common/data,,SP_UI_SA_FP_DASHBOARD,136,/factoryplan/widgets/POInputPlanPerformance,view/factoryplan/widgets/poinputplanperformance/POInputPlanPerformance.jsx
factoryplan,widgets,ProblemDetailGrid,Y,N,N,N,,WIDGET,widget_grid,,,high,widget folder · chart=0 grid=1,BaseGrid:1,,,,146,/factoryplan/widgets/ProblemDetailGrid,view/factoryplan/widgets/problemdetailgrid/ProblemDetailGrid.jsx
factoryplan,widgets,ProdCompletComplianceRate,Y,N,N,N,,WIDGET,widget_misc,,,high,widget folder · chart=0 grid=0,,common/data,,SP_UI_SA_FP_DASHBOARD,93,/factoryplan/widgets/ProdCompletComplianceRate,view/factoryplan/widgets/prodcompletcompliancerate/ProdCompletComplianceRate.jsx
factoryplan,widgets,RouteGrpTargetActl,Y,N,N,N,,WIDGET,widget_grid,,,high,widget folder · chart=0 grid=1,WorkArea:1;BaseGrid:1,,,,213,/factoryplan/widgets/RouteGrpTargetActl,view/factoryplan/widgets/routegrptargetactl/RouteGrpTargetActl.jsx
factoryplan,widgets,RouteOutChart,Y,N,N,N,,WIDGET,widget_misc,,,high,widget folder · chart=0 grid=0,,,,,30,/factoryplan/widgets/RouteOutChart,view/factoryplan/widgets/routeoutchart/RouteOutChart.jsx
factoryplan,widgets,RouteOutGrid,Y,N,N,N,,WIDGET,widget_grid,,,high,widget folder · chart=0 grid=1,WorkArea:1;BaseGrid:1,,,,134,/factoryplan/widgets/RouteOutGrid,view/factoryplan/widgets/routeoutgrid/RouteOutGrid.jsx
factoryplan,widgets,RouteWip,Y,N,N,N,,WIDGET,widget_grid,,,high,widget folder · chart=0 grid=1,WorkArea:1;BaseGrid:1,,,,148,/factoryplan/widgets/RouteWip,view/factoryplan/widgets/routewip/RouteWip.jsx
factoryplan,widgets,ScheduledInputProductionOrder,Y,N,N,N,,WIDGET,widget_grid,,,high,widget folder · chart=0 grid=1,BaseGrid:1,,,,96,/factoryplan/widgets/ScheduledInputProductionOrder,view/factoryplan/widgets/scheduledinputproductionorder/ScheduledInputProductionOrder.jsx
factoryplan,widgets,ScheduledOrderToCompleteProduction,Y,N,N,N,,WIDGET,widget_grid,,,high,widget folder · chart=0 grid=1,BaseGrid:1,,,,100,/factoryplan/widgets/ScheduledOrderToCompleteProduction,view/factoryplan/widgets/scheduledordertocompleteproduction/ScheduledOrderToCompleteProduction.jsx
factoryplan,widgets,ShipmentStatus,Y,N,N,N,,WIDGET,widget_misc,,,high,widget folder · chart=0 grid=0,,,,,46,/factoryplan/widgets/ShipmentStatus,view/factoryplan/widgets/shipmentstatus/ShipmentStatus.jsx
factoryplan,widgets,SimulationKpiBedResrcUtil,Y,N,N,N,,WIDGET,widget_chart,,,high,widget folder · chart=1 grid=0,ChartComponent:1,,,,106,/factoryplan/widgets/SimulationKpiBedResrcUtil,view/factoryplan/widgets/simulationkpibedresrcutil/SimulationKpiBedResrcUtil.jsx
factoryplan,widgets,SimulationKpiFulfillRate,Y,N,N,N,,WIDGET,widget_misc,,,high,widget folder · chart=0 grid=0,,,,,21,/factoryplan/widgets/SimulationKpiFulfillRate,view/factoryplan/widgets/simulationkpifulfillrate/SimulationKpiFulfillRate.jsx
factoryplan,widgets,SimulationKpiLeadTime,Y,N,N,N,,WIDGET,widget_misc,,,high,widget folder · chart=0 grid=0,,,,,46,/factoryplan/widgets/SimulationKpiLeadTime,view/factoryplan/widgets/simulationkpileadtime/SimulationKpiLeadTime.jsx
factoryplan,widgets,SimulationKpiOnTimeRate,Y,N,N,N,,WIDGET,widget_misc,,,high,widget folder · chart=0 grid=0,,,,,42,/factoryplan/widgets/SimulationKpiOnTimeRate,view/factoryplan/widgets/simulationkpiontimerate/SimulationKpiOnTimeRate.jsx
factoryplan,widgets,SimulationKpiWorkerResrcUtil,Y,N,N,N,,WIDGET,widget_chart,,,high,widget folder · chart=1 grid=0,ChartComponent:1,,,,106,/factoryplan/widgets/SimulationKpiWorkerResrcUtil,view/factoryplan/widgets/simulationkpiworkerresrcutil/SimulationKpiWorkerResrcUtil.jsx
factoryplan,widgets,TotalFinishFpPlanPerformance,Y,N,N,N,,WIDGET,widget_grid,,,high,widget folder · chart=0 grid=1,BaseGrid:1,common/data,,SP_UI_SA_FP_DASHBOARD,120,/factoryplan/widgets/TotalFinishFpPlanPerformance,view/factoryplan/widgets/totalfinishfpplanperformance/TotalFinishFpPlanPerformance.jsx
factoryplan,widgets,TotalProdCompletAmount,Y,N,N,N,,WIDGET,widget_misc,,,high,widget folder · chart=0 grid=0,,common/data,,SP_UI_SA_FP_DASHBOARD,109,/factoryplan/widgets/TotalProdCompletAmount,view/factoryplan/widgets/totalprodcompletamount/TotalProdCompletAmount.jsx
factoryplan,widgets,TotalProductionPerformancePerDay,Y,N,N,N,,WIDGET,widget_chart,,,high,widget folder · chart=1 grid=0,ChartComponent:1,common/data,,SP_UI_SA_FP_DASHBOARD,215,/factoryplan/widgets/TotalProductionPerformancePerDay,view/factoryplan/widgets/totalproductionperformanceperday/TotalProductionPerformancePerDay.jsx
factoryplan,widgets,WeeklyShipment,Y,N,N,N,,WIDGET,widget_grid,,,high,widget folder · chart=0 grid=1,WorkArea:1;BaseGrid:1,,,,201,/factoryplan/widgets/WeeklyShipment,view/factoryplan/widgets/weeklyshipment/WeeklyShipment.jsx
home,,Calendar,N,N,N,N,,LAYOUT_SINGLE,free_form,,,low,no recognized grid/chart/split components,,task,,,165,/home/Calendar,view/home/Calendar.jsx
home,,CalendarPopup,N,N,N,N,,LAYOUT_SINGLE,free_form,,,low,no recognized grid/chart/split components,,task;task/delete,,,199,/home/CalendarPopup,view/home/CalendarPopup.jsx
home,,home,N,N,N,N,,LAYOUT_SINGLE,free_form,,,low,no recognized grid/chart/split components,,,,,9,/home,view/home.jsx
home,,Home,N,N,N,N,,LAYOUT_SINGLE,widget_dashboard,P01_widget_dashboard,,high,DashboardPanel=1,ContentInner:1;DashboardPanel:1,common/data,,SP_UI_SA_SALES_DP,110,/Home,view/home/Home.jsx
home,,NoticeDetails,N,N,N,N,,LAYOUT_SINGLE,free_form,,,low,no recognized grid/chart/split components,,,,,69,/home/NoticeDetails,view/home/NoticeDetails.jsx
home,,NoticeList,N,N,N,N,,LAYOUT_SINGLE,free_form,,,low,no recognized grid/chart/split components,,noticeboard-home;noticeboard-file,,,105,/home/NoticeList,view/home/NoticeList.jsx
inventoryplan,analysis,Abcxyz,N,N,N,N,UI_IM_ABCXYZ_CLASSIFICATION,LAYOUT_V2,v2_dual_grid,,,mid,2 BaseGrid no SplitPanel,ContentInner:1;SearchArea:1;SearchRow:1;WorkArea:1;BaseGrid:2;GridAddRowButton:1;GridDeleteRowButton:1;GridSaveButton:1;InputField:6;PlanScope:1,engine/mp/SRV_UI_IM_CLASS_ANLYS_Q1;engine/mp/SRV_UI_IM_CLASS_ANLYS_S1;engine/mp/SRV_UI_IM_CLASS_ANLYS_Q2;engine/mp/SRV_UI_IM_CLASS_ANLYS_Q3;engine/mp/SRV_UI_IM_CLASS_ANLYS,,SP_UI_IM_CLASS_ANLYS_S1_P_RT_MSG;SP_UI_IM_CLASS_ANLYS_P_RT_MSG,1079,/inventoryplan/analysis/Abcxyz,view/inventoryplan/analysis/abcxyz/Abcxyz.jsx
inventoryplan,analysis,AbcxyzAnalysisResult,N,N,N,N,UI_IM_ABCXYZ_ANALYSIS,LAYOUT_SINGLE,search_grid,P02_search_grid,,high,SearchArea + 1 BaseGrid,ContentInner:1;SearchArea:1;SearchRow:1;WorkArea:1;BaseGrid:1;GridSaveButton:1;GridExcelExportButton:1;InputField:5;PlanScope:1,engine/mp/SRV_UI_CM_CODE;engine/mp/SRV_UI_IM_ABCXYZ_ANLYS_Q1;engine/mp/SRV_UI_IM_CLASS_ANLYS_Q4;engine/mp/SRV_UI_IM_ABCXYZ_ANLYS_S1,,SP_UI_IM_ABCXYZ_ANLYS_S1_P_RT_MSG,425,/inventoryplan/analysis/AbcxyzAnalysisResult,view/inventoryplan/analysis/abcxyzanalysisresult/AbcxyzAnalysisResult.jsx
inventoryplan,analysis,DemandVariabilityAnalysis,N,N,N,N,UI_IM_DEMAND_VARIABILITY_ANALYSIS,LAYOUT_V2,grid_chart_stacked,v2_chart_grid,,mid,Chart=1 Grid=1,ContentInner:1;SearchArea:1;SearchRow:1;WorkArea:1;BaseGrid:1;ChartComponent:1;GridExcelExportButton:1;InputField:3;PlanScope:1,engine/mp/,,,598,/inventoryplan/analysis/DemandVariabilityAnalysis,view/inventoryplan/analysis/demandvariabilityanalysis/DemandVariabilityAnalysis.jsx
inventoryplan,analysis,InventoryBoard,N,N,N,N,UI_IM_INVENTORY_STATE,LAYOUT_SINGLE,widget_dashboard,P01_widget_dashboard,,high,DashboardPanel=1,ContentInner:1;DashboardPanel:1,,,,108,/inventoryplan/analysis/InventoryBoard,view/inventoryplan/analysis/inventoryboard/InventoryBoard.jsx
inventoryplan,analysis,InventoryDetail,N,N,N,N,UI_IM_INVENTORY_DETAIL,LAYOUT_SINGLE,search_grid,P02_search_grid,,high,SearchArea + 1 BaseGrid,ContentInner:1;SearchArea:1;SearchRow:1;WorkArea:1;BaseGrid:1;GridExcelExportButton:1;InputField:2;PlanScope:1,engine/mp/SRV_UI_IM_STOCK_RANGE;engine/mp/SRV_UI_IM_TARGET_INV_VER_Q1;engine/mp/SRV_UI_IM_INVENTORY_DETAIL,,,418,/inventoryplan/analysis/InventoryDetail,view/inventoryplan/analysis/inventorydetail/InventoryDetail.jsx
inventoryplan,analysis,InventoryLocationBoard,N,N,N,N,UI_IM_LOCATION_INVENTORY_STATE,LAYOUT_SINGLE,widget_dashboard,P01_widget_dashboard,,high,DashboardPanel=1,ContentInner:1;DashboardPanel:1,,,,92,/inventoryplan/analysis/InventoryLocationBoard,view/inventoryplan/analysis/inventorylocationboard/InventoryLocationBoard.jsx
inventoryplan,analysis,LossInventory,N,N,N,N,,LAYOUT_SINGLE,widget_dashboard,P01_widget_dashboard,,high,DashboardPanel=1,ContentInner:1;DashboardPanel:1,,,,66,/inventoryplan/analysis/LossInventory,view/inventoryplan/analysis/lossinventory/LossInventory.jsx
inventoryplan,analysis,Obsolete,N,N,N,N,UI_IM_OBSOLETE_STATE,LAYOUT_SINGLE,widget_dashboard,P01_widget_dashboard,,high,DashboardPanel=1,ContentInner:1;DashboardPanel:1,,,,68,/inventoryplan/analysis/Obsolete,view/inventoryplan/analysis/obsolete/Obsolete.jsx
inventoryplan,analysis,PopColorPalette,N,Y,N,N,,POPUP,popup,,popup_form,high,Pop* file · grid=0,PopupDialog:1,,,,52,/inventoryplan/analysis/inventorydetail/PopColorPalette,view/inventoryplan/analysis/inventorydetail/PopColorPalette.jsx
inventoryplan,analysis,PopStockRange,N,Y,N,N,,POPUP,popup,,popup_form,high,Pop* file · grid=0,PopupDialog:1,engine/mp/SRV_UI_IM_STOCK_RANGE;engine/mp/SRV_UI_IM_STOCK_RANGE_SAVE,,SP_UI_IM_STOCK_RANGE_SAVE_P_RT_MSG,186,/inventoryplan/analysis/inventorydetail/PopStockRange,view/inventoryplan/analysis/inventorydetail/PopStockRange.jsx
inventoryplan,analysis,ReturnInventory,N,N,N,N,,LAYOUT_SINGLE,widget_dashboard,P01_widget_dashboard,,high,DashboardPanel=1,ContentInner:1;DashboardPanel:1,,,,68,/inventoryplan/analysis/ReturnInventory,view/inventoryplan/analysis/returninventory/ReturnInventory.jsx
inventoryplan,analysis,SalesShippingHistoryCheck,N,N,N,N,UI_IM_SALES_SHIPPING_HISTORY_CHECK,LAYOUT_SINGLE,search_grid,P02_search_grid,,high,SearchArea + 1 BaseGrid,ContentInner:1;SearchArea:1;SearchRow:1;WorkArea:1;BaseGrid:1;GridExcelExportButton:1;InputField:2;PlanScope:1,engine/mp/,,,298,/inventoryplan/analysis/SalesShippingHistoryCheck,view/inventoryplan/analysis/salesshippinghistorycheck/SalesShippingHistoryCheck.jsx
inventoryplan,analysis,SlowMoving,N,N,N,N,UI_IM_SLOWMOVING_STATE,LAYOUT_SINGLE,widget_dashboard,P01_widget_dashboard,,high,DashboardPanel=1,ContentInner:1;DashboardPanel:1,,,,86,/inventoryplan/analysis/SlowMoving,view/inventoryplan/analysis/slowmoving/SlowMoving.jsx
inventoryplan,analysis,SupplyVariabilityAnalysis,N,N,N,N,UI_IM_SUPPLY_VARIABILITY_ANALYSIS,LAYOUT_V2,grid_chart_stacked,v2_chart_grid,,mid,Chart=1 Grid=1,ContentInner:1;SearchArea:1;SearchRow:1;WorkArea:1;BaseGrid:1;ChartComponent:1;GridExcelExportButton:1;InputField:1;PlanScope:1,engine/mp/SRV_UI_IM_SUPPLY_VARIABILITY_ANALYSIS,,,392,/inventoryplan/analysis/SupplyVariabilityAnalysis,view/inventoryplan/analysis/supplyvariabilityanalysis/SupplyVariabilityAnalysis.jsx
inventoryplan,master,DemandRateBase,N,N,N,N,,LAYOUT_SINGLE,search_grid,P02_search_grid,,high,SearchArea + 1 BaseGrid,ContentInner:1;SearchArea:1;SearchRow:1;WorkArea:1;BaseGrid:1;GridSaveButton:1;GridExcelExportButton:1;PlanScope:1,engine/mp/SRV_UI_IM_DEMAND_RATE_CAL_BASE_Q1;engine/mp/SRV_UI_IM_DEMAND_RATE_CAL_BASE_S1,,SP_UI_IM_DEMAND_RATE_CAL_BASE_S1_P_RT_MSG,354,/inventoryplan/master/DemandRateBase,view/inventoryplan/master/demandratebase/DemandRateBase.jsx
inventoryplan,master,GeneralConfig,N,N,N,N,UI_IM_02,LAYOUT_SINGLE,free_form,,,low,no recognized grid/chart/split components,,,,,11,/inventoryplan/master/GeneralConfig,view/inventoryplan/master/generalconfig/GeneralConfig.jsx
inventoryplan,master,GradeTarget,N,N,N,N,UI_IM_03,LAYOUT_SINGLE,search_tab,P03_search_tabs,tabs=1,high,TabContainer=1,ContentInner:1;SearchArea:1;SearchRow:1;WorkArea:1;BaseGrid:2;TabContainer:1;GridSaveButton:2;GridExcelExportButton:2;PlanScope:1,engine/mp/SRV_UI_IM_03_Q1;engine/mp/SRV_UI_IM_03_Q2;engine/mp/SRV_UI_IM_03_S1;engine/mp/SRV_UI_IM_03_S2,,SP_UI_IM_03_S1_P_RT_MSG;SP_UI_IM_03_S2_P_RT_MSG,567,/inventoryplan/master/GradeTarget,view/inventoryplan/master/gradetarget/GradeTarget.jsx
inventoryplan,master,InTransitStock,N,N,N,N,UI_IM_13,LAYOUT_SINGLE,search_grid,P02_search_grid,,high,SearchArea + 1 BaseGrid,ContentInner:1;SearchArea:1;SearchRow:1;WorkArea:1;BaseGrid:1;GridSaveButton:1;GridExcelExportButton:1;GridExcelImportButton:1;InputField:1;PlanScope:1,engine/mp/SRV_GET_CUTOFF_DATE_LIST;engine/mp/SRV_UI_IM_13_Q1,,SP_UI_IM_13_S1_J;SP_UI_IM_13_S1_J_P_RT_MSG;SP_UI_IM_13_S1_P_RT_MSG,546,/inventoryplan/master/InTransitStock,view/inventoryplan/master/intransitstock/InTransitStock.jsx
inventoryplan,master,PopStockCostBundleCreate,N,Y,N,N,,POPUP,popup,,popup_form,high,Pop* file · grid=0,InputField:2;PopupDialog:1,engine/mp/SRV_UI_IM_05_BATCH,,,70,/inventoryplan/master/stockcost/PopStockCostBundleCreate,view/inventoryplan/master/stockcost/PopStockCostBundleCreate.jsx
inventoryplan,master,PopStoragelocation,N,Y,N,N,,POPUP,popup,,popup_form,high,Pop* file · grid=0,TabContainer:1;InputField:18;PopLocatTp:1;PopupDialog:1,engine/mp/SRV_UI_IM_11_S1,,,173,/inventoryplan/master/storagelocation/PopStoragelocation,view/inventoryplan/master/storagelocation/PopStoragelocation.jsx
inventoryplan,master,PopStorageLocationNew,N,Y,N,N,,POPUP,popup,,popup_form,high,Pop* file · grid=0,InputField:6;PopupDialog:1,engine/mp/SRV_UI_IM_11_POP_S1,,SP_UI_IM_11_POP_S1_P_RT_MSG,92,/inventoryplan/master/storagelocation/PopStorageLocationNew,view/inventoryplan/master/storagelocation/PopStorageLocationNew.jsx
inventoryplan,master,PopWarehouseStock,N,Y,N,N,,POPUP,popup,,popup_grid,high,Pop* file · grid=1,BaseGrid:1;GridSaveButton:1;PopupDialog:1,engine/mp/SRV_UI_IM_12_Q2;engine/mp/SRV_UI_IM_12_S2,,SP_UI_IM_12_S2_P_RT_MSG,138,/inventoryplan/master/warehousestock/PopWarehouseStock,view/inventoryplan/master/warehousestock/PopWarehouseStock.jsx
inventoryplan,master,ShippingActual,N,N,N,N,UI_IM_SHIPPING_ACTUAL,LAYOUT_SINGLE,search_grid,P02_search_grid,,high,SearchArea + 1 BaseGrid,ContentInner:1;SearchArea:1;SearchRow:1;WorkArea:1;BaseGrid:1;GridExcelExportButton:1;InputField:1;PlanScope:1,engine/mp/SRV_UI_IM_SHIPPING_ACTUAL,,,276,/inventoryplan/master/ShippingActual,view/inventoryplan/master/shippingactual/ShippingActual.jsx
inventoryplan,master,StockCost,N,N,N,N,UI_IM_05,LAYOUT_SINGLE,search_grid,P02_search_grid,,high,SearchArea + 1 BaseGrid,ContentInner:1;SearchArea:1;SearchRow:1;WorkArea:1;BaseGrid:1;GridSaveButton:1;GridExcelExportButton:1;PlanScope:1,engine/mp/SRV_UI_IM_05_Q1;engine/mp/SRV_UI_IM_05_S1,,SP_UI_IM_05_S1_P_RT_MSG,351,/inventoryplan/master/StockCost,view/inventoryplan/master/stockcost/StockCost.jsx
inventoryplan,master,StorageLocation,N,N,N,N,,LAYOUT_SINGLE,search_grid,P02_search_grid,,high,SearchArea + 1 BaseGrid,ContentInner:1;SearchArea:1;SearchRow:1;WorkArea:1;BaseGrid:1;GridAddRowButton:1;GridDeleteRowButton:1;GridSaveButton:1;GridExcelExportButton:1;InputField:4;PlanScope:1,engine/mp/SRV_UI_IM_11_Q1;engine/mp/SRV_UI_IM_11_S1;engine/mp/SRV_UI_IM_11_S2,,SP_UI_IM_11_S1_P_RT_MSG;SP_UI_IM_11_S2_P_RT_MSG,355,/inventoryplan/master/StorageLocation,view/inventoryplan/master/storagelocation/StorageLocation.jsx
inventoryplan,master,WarehouseStock,N,N,N,N,UI_IM_12,LAYOUT_SINGLE,search_grid,P02_search_grid,,high,SearchArea + 1 BaseGrid,ContentInner:1;SearchArea:1;SearchRow:1;WorkArea:1;BaseGrid:1;GridSaveButton:1;GridExcelExportButton:1;GridExcelImportButton:1;InputField:1;PlanScope:1,engine/mp/SRV_GET_CUTOFF_DATE_LIST;engine/mp/SRV_UI_IM_12_Q1,,SP_UI_IM_12_S1_J;SP_UI_IM_12_S1_J_P_RT_MSG;SP_UI_IM_12_S1_P_RT_MSG,532,/inventoryplan/master/WarehouseStock,view/inventoryplan/master/warehousestock/WarehouseStock.jsx
inventoryplan,planningsimulation,ImSimulationCompare,N,N,N,N,,LAYOUT_V2,grid_chart_stacked,v2_chart_grid,,mid,Chart=1 Grid=1,ContentInner:1;SearchArea:1;SearchRow:1;WorkArea:1;BaseGrid:1;ChartComponent:1;InputField:1;PlanScope:1,engine/mp/SRV_UI_IM_TARGET_INV_VER_Q1;engine/mp/SRV_UI_IM_SIMUL_COMPARE;engine/mp/SRV_UI_IM_SIMUL_CONFIRM,,SP_UI_IM_SIMUL_CONFIRM_P_RT_MSG,417,/inventoryplan/planningsimulation/ImSimulationCompare,view/inventoryplan/planningsimulation/imsimulationcompare/ImSimulationCompare.jsx
inventoryplan,planningsimulation,ImSimulationComparison,N,N,N,N,,LAYOUT_SINGLE,free_form,,,low,no recognized grid/chart/split components,ContentInner:1;SearchArea:1;SearchRow:1;WorkArea:1;InputField:1;PlanScope:1;PopKpiWeightConfig:1,engine/mp/SRV_UI_IM_TARGET_INV_VER_Q1;engine/mp/SRV_UI_IM_SIMUL_COMPARE;engine/mp/SRV_UI_IM_SIMUL_CONFIRM,,SP_UI_IM_SIMUL_CONFIRM_P_RT_MSG,295,/inventoryplan/planningsimulation/ImSimulationComparison,view/inventoryplan/planningsimulation/imsimulationcomparison/ImSimulationComparison.jsx
inventoryplan,planningsimulation,TargetInventoryResult,N,N,N,N,UI_IM_TARGET_INVENTORY_RESULT,LAYOUT_SINGLE,search_grid,P02_search_grid,,high,SearchArea + 1 BaseGrid,ContentInner:1;SearchArea:1;SearchRow:1;WorkArea:1;BaseGrid:1;GridSaveButton:1;GridExcelExportButton:1;InputField:1;PlanScope:1,engine/mp/SRV_UI_IM_TARGET_INV_VER_Q1;engine/mp/SRV_UI_IM_TARGET_INV_RESULT_Q1;common/json-save;engine/mp/SRV_UI_IM_SIMUL_CONFIRM,,SP_UI_IM_TARGET_INV_RESULT_SAVE;SP_UI_IM_TARGET_INV_RESULT_SAVE_P_RT_MSG;SP_UI_IM_SIMUL_CONFIRM_P_RT_MSG,479,/inventoryplan/planningsimulation/TargetInventoryResult,view/inventoryplan/planningsimulation/targetinventoryresult/TargetInventoryResult.jsx
inventoryplan,planningsimulation,TargetInventoryResultPeriod,N,N,N,N,,LAYOUT_SINGLE,search_grid,P02_search_grid,,high,SearchArea + 1 BaseGrid,ContentInner:1;SearchArea:1;SearchRow:1;WorkArea:1;BaseGrid:1;GridSaveButton:1;GridExcelExportButton:1;InputField:1;PlanScope:1;PopPersonalize:1,engine/mp/SRV_UI_IM_TARGET_INV_VER_Q1;engine/mp/SRV_UI_IM_TARGET_INV_RESULT_PERIOD_Q1;engine/mp/SRV_UI_IM_TARGET_INV_RESULT_PERIOD_S1,,SP_UI_IM_TARGET_INV_RESULT_PERIOD_S1_P_RT_MSG,401,/inventoryplan/planningsimulation/TargetInventoryResultPeriod,view/inventoryplan/planningsimulation/targetinventoryresultperiod/TargetInventoryResultPeriod.jsx
inventoryplan,planningsimulation,TargetInventorySimulation,N,N,N,N,UI_IM_TARGET_INVENTORY_SIMULATION,LAYOUT_SINGLE,search_tab,P03_search_tabs,tabs=1,high,TabContainer=1,ContentInner:1;SearchArea:1;SearchRow:1;WorkArea:1;BaseGrid:3;TabContainer:1;GridAddRowButton:1;GridDeleteRowButton:1;GridSaveButton:2;InputField:4;PlanScope:1,engine/mp/SRV_UI_IM_TARGET_INV_VER_Q1;engine/mp/SRV_UI_IM_TARGET_INV_VER_DELETE;engine/mp/SRV_UI_IM_TARGET_INV_VER_Q2;engine/mp/SRV_UI_IM_TARGET_INV_VER_Q3;engine/mp/SRV_UI_IM_TARGET_INV_VERSION;engine/mp/SRV_UI_IM_TARGET_INV_UPDATE;engine/mp/SRV_UI_IM_TARGET_INV_CREATE,,SP_UI_IM_TARGET_INV_VER_DELETE_P_RT_MSG;SP_UI_IM_TARGET_INV_VERSION_P_RT_MSG;SP_UI_IM_TARGET_INV_UPDATE_P_RT_MSG,1103,/inventoryplan/planningsimulation/TargetInventorySimulation,view/inventoryplan/planningsimulation/targetinventorysimulation/TargetInventorySimulation.jsx
inventoryplan,widgets,CurrentInventory,Y,N,N,N,,WIDGET,widget_chart,,,high,widget folder · chart=1 grid=0,ChartComponent:1,common/data,,SP_UI_SA_INV_TREND,159,/inventoryplan/widgets/CurrentInventory,view/inventoryplan/widgets/currentinventory/CurrentInventory.jsx
inventoryplan,widgets,ExcessAlert,Y,N,N,N,,WIDGET,widget_grid,,,high,widget folder · chart=0 grid=1,BaseGrid:1,common/data,,SP_UI_SA_INV_STOCKOUT_ALERT,115,/inventoryplan/widgets/ExcessAlert,view/inventoryplan/widgets/excessalert/ExcessAlert.jsx
inventoryplan,widgets,InventoryDays,Y,N,N,N,,WIDGET,widget_chart,,,high,widget folder · chart=1 grid=0,ChartComponent:1,common/data,,SP_UI_SA_INV_TREND,185,/inventoryplan/widgets/InventoryDays,view/inventoryplan/widgets/inventorydays/InventoryDays.jsx
inventoryplan,widgets,InventoryTrend,Y,N,N,N,,WIDGET,widget_chart,,,high,widget folder · chart=1 grid=0,ChartComponent:1,common/data,,SP_UI_SA_INV_TREND,200,/inventoryplan/widgets/InventoryTrend,view/inventoryplan/widgets/inventorytrend/InventoryTrend.jsx
inventoryplan,widgets,LocationInventoryStatus,Y,N,N,N,,WIDGET,widget_misc,,,high,widget folder · chart=0 grid=0,,common/data,,SP_UI_SA_INV_LOCATION_STATUS,306,/inventoryplan/widgets/LocationInventoryStatus,view/inventoryplan/widgets/locationinventorystatus/LocationInventoryStatus.jsx
inventoryplan,widgets,LocationMap,Y,N,N,N,,WIDGET,widget_misc,,,high,widget folder · chart=0 grid=0,,,,,105,/inventoryplan/widgets/locationinventorystatus/LocationMap,view/inventoryplan/widgets/locationinventorystatus/LocationMap.jsx
inventoryplan,widgets,LocatLoss,Y,N,N,N,,WIDGET,widget_grid,,,high,widget folder · chart=0 grid=1,BaseGrid:1,engine/mp/SRV_UI_IM_LOCAT_LOSS,,,158,/inventoryplan/widgets/LocatLoss,view/inventoryplan/widgets/locatloss/LocatLoss.jsx
inventoryplan,widgets,LocatLossDistribution,Y,N,N,N,,WIDGET,widget_chart,,,high,widget folder · chart=1 grid=0,ChartComponent:1,engine/mp/SRV_UI_IM_LOCAT_LOSS_DISTRIBUTION,,,143,/inventoryplan/widgets/LocatLossDistribution,view/inventoryplan/widgets/locatlossdistribution/LocatLossDistribution.jsx
inventoryplan,widgets,LocatLossTrend,Y,N,N,N,,WIDGET,widget_chart,,,high,widget folder · chart=1 grid=0,ChartComponent:1,engine/mp/SRV_UI_IM_LOCAT_LOSS_TREND,,,206,/inventoryplan/widgets/LocatLossTrend,view/inventoryplan/widgets/locatlosstrend/LocatLossTrend.jsx
inventoryplan,widgets,LocatObsoleteStock,Y,N,N,N,,WIDGET,widget_grid,,,high,widget folder · chart=0 grid=1,BaseGrid:1,engine/mp/SRV_UI_IM_OBSOLETE_STATE_Q1,,,153,/inventoryplan/widgets/LocatObsoleteStock,view/inventoryplan/widgets/locatobsoletestock/LocatObsoleteStock.jsx
inventoryplan,widgets,LocatObsoleteStockDistribution,Y,N,N,N,,WIDGET,widget_chart,,,high,widget folder · chart=1 grid=0,ChartComponent:1,engine/mp/SRV_UI_IM_OBSOLETE_STATE_Q2,,,140,/inventoryplan/widgets/LocatObsoleteStockDistribution,view/inventoryplan/widgets/locatobsoletestockdistribution/LocatObsoleteStockDistribution.jsx
inventoryplan,widgets,LocatReturn,Y,N,N,N,,WIDGET,widget_grid,,,high,widget folder · chart=0 grid=1,BaseGrid:1,engine/mp/SRV_UI_IM_LOCAT_RETURN,,,161,/inventoryplan/widgets/LocatReturn,view/inventoryplan/widgets/locatreturn/LocatReturn.jsx
inventoryplan,widgets,LocatReturnDistribution,Y,N,N,N,,WIDGET,widget_chart,,,high,widget folder · chart=1 grid=0,ChartComponent:1,engine/mp/SRV_UI_IM_LOCAT_RETURN_DISTRIBUTION,,,143,/inventoryplan/widgets/LocatReturnDistribution,view/inventoryplan/widgets/locatreturndistribution/LocatReturnDistribution.jsx
inventoryplan,widgets,LocatReturnTrend,Y,N,N,N,,WIDGET,widget_chart,,,high,widget folder · chart=1 grid=0,ChartComponent:1,engine/mp/SRV_UI_IM_LOCAT_RETURN_TREND,,,206,/inventoryplan/widgets/LocatReturnTrend,view/inventoryplan/widgets/locatreturntrend/LocatReturnTrend.jsx
inventoryplan,widgets,ObsoleteStatus,Y,N,N,N,,WIDGET,widget_chart,,,high,widget folder · chart=2 grid=0,ChartComponent:2,common/data,,SP_UI_SA_INV_OBSOLETE_STATUS,283,/inventoryplan/widgets/ObsoleteStatus,view/inventoryplan/widgets/obsoletestatus/ObsoleteStatus.jsx
inventoryplan,widgets,ObsoleteStockDistribution,Y,N,N,N,,WIDGET,widget_chart,,,high,widget folder · chart=1 grid=0,ChartComponent:1,engine/mp/SRV_UI_IM_OBSOLETE_STATE_Q3,,,170,/inventoryplan/widgets/ObsoleteStockDistribution,view/inventoryplan/widgets/obsoletestockdistribution/ObsoleteStockDistribution.jsx
inventoryplan,widgets,PotentialLoss,Y,N,N,N,,WIDGET,widget_misc,,,high,widget folder · chart=0 grid=0,,common/data,,SP_UI_SA_INV_POTENTIAL_LOSS,66,/inventoryplan/widgets/PotentialLoss,view/inventoryplan/widgets/potentialloss/PotentialLoss.jsx
inventoryplan,widgets,SalesTrend,Y,N,N,N,,WIDGET,widget_chart,,,high,widget folder · chart=1 grid=0,ChartComponent:1,common/data,,SP_UI_SA_INV_TREND,200,/inventoryplan/widgets/SalesTrend,view/inventoryplan/widgets/salestrend/SalesTrend.jsx
inventoryplan,widgets,SlowMovingDetail,Y,N,N,N,,WIDGET,widget_chart,,,high,widget folder · chart=1 grid=1,BaseGrid:1;ChartComponent:1,engine/mp/SRV_UI_IM_01_RST_LOAD;engine/mp/SRV_UI_IM_SLOW_MOVING_STATE_Q2;engine/mp/SRV_UI_IM_SLOW_MOVING_STATE_Q3,,,322,/inventoryplan/widgets/SlowMovingDetail,view/inventoryplan/widgets/slowmovingdetail/SlowMovingDetail.jsx
inventoryplan,widgets,SlowMovingLocation,Y,N,N,N,,WIDGET,widget_chart,,,high,widget folder · chart=1 grid=0,ChartComponent:1,engine/mp/SRV_UI_IM_01_RST_LOAD;engine/mp/SRV_UI_IM_SLOW_MOVING_STATE_Q1,,,215,/inventoryplan/widgets/SlowMovingLocation,view/inventoryplan/widgets/slowmovinglocation/SlowMovingLocation.jsx
inventoryplan,widgets,SlowMovingStatus,Y,N,N,N,,WIDGET,widget_chart,,,high,widget folder · chart=1 grid=0,ChartComponent:1,common/data,,SP_UI_SA_INV_SLOWMOVING_STATUS,113,/inventoryplan/widgets/SlowMovingStatus,view/inventoryplan/widgets/slowmovingstatus/SlowMovingStatus.jsx
inventoryplan,widgets,StockoutAlert,Y,N,N,N,,WIDGET,widget_grid,,,high,widget folder · chart=0 grid=1,BaseGrid:1,common/data,,SP_UI_SA_INV_STOCKOUT_ALERT,93,/inventoryplan/widgets/StockoutAlert,view/inventoryplan/widgets/stockoutalert/StockoutAlert.jsx
inventoryplan,widgets,StockoutSku,Y,N,N,N,,WIDGET,widget_misc,,,high,widget folder · chart=0 grid=0,,common/data,,SP_UI_SA_INV_STOCKOUT_SKU,71,/inventoryplan/widgets/StockoutSku,view/inventoryplan/widgets/stockoutsku/StockoutSku.jsx
inventoryplan,widgets,TotalDemand,Y,N,N,N,,WIDGET,widget_misc,,,high,widget folder · chart=0 grid=0,,common/data,,SP_UI_SA_INV_TREND,79,/inventoryplan/widgets/TotalDemand,view/inventoryplan/widgets/totaldemand/TotalDemand.jsx
masterplan,analysisreport,ConsumptionPlan,N,N,N,N,UI_MP_30,LAYOUT_SINGLE,search_tab,P03_search_tabs,tabs=1,high,TabContainer=1,ContentInner:1;SearchArea:1;SearchRow:1;WorkArea:1;BaseGrid:2;TabContainer:1;ChartComponent:2;GridExcelExportButton:2;InputField:4;PlanScope:1;PopPersonalize:1,engine/mp/GetMRP;engine/mp/GetPoCheck,,,805,/masterplan/analysisreport/ConsumptionPlan,view/masterplan/analysisreport/consumptionplan/ConsumptionPlan.jsx
masterplan,analysisreport,DemandOrderTracking,N,N,N,N,UI_MP_22,LAYOUT_ROUTELAYOUT,rl_layout_design,rl_layout,,high,route keyword · flo=1,ContentInner:1;SearchArea:1;SearchRow:1;WorkArea:1;BaseGrid:5;TreeGrid:1;TabContainer:1;FLODiagram:1;InputField:2;PlanScope:1,engine/mp/GetDemandInfo;engine/mp/GetDemandAssign;engine/mp/GetDemandTracking;engine/mp/SRV_COMM_SRH_VER_Q;engine/mp/GetDemandProblem;engine/mp/GetStockConsumption;engine/mp/GetFixedPlanConsumption,,,1143,/masterplan/analysisreport/DemandOrderTracking,view/masterplan/analysisreport/demandordertracking/DemandOrderTracking.jsx
masterplan,analysisreport,ItemStatus,N,N,N,N,UI_MP_41,LAYOUT_SINGLE,search_tab,P03_search_tabs,tabs=1,high,TabContainer=1,ContentInner:1;SearchArea:1;SearchRow:1;WorkArea:1;BaseGrid:2;TabContainer:1;ChartComponent:1;InputField:3;PlanScope:1;PopPersonalize:1,engine/mp/GetInventoryStatus;engine/mp/GetInventoryOperationInfo,,,606,/masterplan/analysisreport/ItemStatus,view/masterplan/analysisreport/itemstatus/ItemStatus.jsx
masterplan,analysisreport,MasterPlanBoard,N,N,N,N,UI_MP_MASTER_PLAN_STATE,LAYOUT_SINGLE,widget_dashboard,P01_widget_dashboard,,high,DashboardPanel=1,ContentInner:1;DashboardPanel:1,,,,109,/masterplan/analysisreport/MasterPlanBoard,view/masterplan/analysisreport/masterplanboard/MasterPlanBoard.jsx
masterplan,analysisreport,MpComparative,N,N,N,N,UI_MP_26,LAYOUT_SINGLE,search_grid,P02_search_grid,,high,SearchArea + 1 BaseGrid,ContentInner:1;SearchArea:1;SearchRow:1;WorkArea:1;BaseGrid:1;GridExcelExportButton:1;InputField:6;PlanScope:1,engine/mp/SRV_COMM_DEFAULT_VER;engine/mp/GetMPComparativeAnalysis,,,644,/masterplan/analysisreport/MpComparative,view/masterplan/analysisreport/mpcomparative/MpComparative.jsx
masterplan,analysisreport,MpComparativeReportDrawer,N,N,N,N,,LAYOUT_SINGLE,free_form,,,low,no recognized grid/chart/split components,,,,,451,/masterplan/analysisreport/mpcomparative/MpComparativeReportDrawer,view/masterplan/analysisreport/mpcomparative/MpComparativeReportDrawer.jsx
masterplan,analysisreport,MpResult,N,N,N,N,UI_MP_27,LAYOUT_SINGLE,search_tab,P03_search_tabs,tabs=1,high,TabContainer=1,ContentInner:1;SearchArea:1;SearchRow:1;WorkArea:1;BaseGrid:2;TabContainer:1;ChartComponent:1;GridExcelExportButton:2;InputField:2;PlanScope:1;PopPersonalize:1,engine/mp/SRV_UI_MP_29_Q2;engine/mp/GetDemandAnalysis;engine/mp/GetMPSimulationAnalysis;engine/mp/SRV_UI_CM_17_Q5;engine/mp/SRV_UI_CM_17_Q6,,,839,/masterplan/analysisreport/MpResult,view/masterplan/analysisreport/mpresult/MpResult.jsx
masterplan,analysisreport,MpSimulationComparison,N,N,N,N,,LAYOUT_SINGLE,free_form,,,low,no recognized grid/chart/split components,ContentInner:1;SearchArea:1;SearchRow:1;WorkArea:1;InputField:4;PlanScope:1;PopKpiWeightConfig:1,engine/mp/SRV_COMM_SRH_VER_Q;engine/mp/SRV_COMM_DEFAULT_VER;engine/mp/SRV_UI_MP_SIMUL_COMPARE;engine/mp/ConfirmPlan,,,367,/masterplan/analysisreport/MpSimulationComparison,view/masterplan/analysisreport/mpsimulationcomparison/MpSimulationComparison.jsx
masterplan,analysisreport,PlanDetail,N,N,N,N,UI_MP_32,LAYOUT_SINGLE,search_grid,P02_search_grid,,high,SearchArea + 1 BaseGrid,ContentInner:1;SearchArea:1;SearchRow:1;WorkArea:1;BaseGrid:1;GridExcelExportButton:1;InputField:6;PlanScope:1,engine/mp/SRV_COMM_DEFAULT_DATE;engine/mp/GetPlanDetailAnalysis,,,360,/masterplan/analysisreport/PlanDetail,view/masterplan/analysisreport/plandetail/PlanDetail.jsx
masterplan,analysisreport,PopDetailProductionPlan,N,Y,N,N,,POPUP,popup,,popup_grid,high,Pop* file · grid=1,BaseGrid:1;PopupDialog:1,engine/mp/GetSemiProductionPlan,,,74,/masterplan/analysisreport/consumptionplan/PopDetailProductionPlan,view/masterplan/analysisreport/consumptionplan/PopDetailProductionPlan.jsx
masterplan,analysisreport,PopMainVersion,N,Y,N,N,,POPUP,popup,,popup_grid,high,Pop* file · grid=1,SearchArea:1;WorkArea:1;BaseGrid:1;InputField:3;PopupDialog:1,engine/mp/SRV_COMM_SRH_MAIN_VER_Q,,,125,/masterplan/analysisreport/mpcomparative/PopMainVersion,view/masterplan/analysisreport/mpcomparative/PopMainVersion.jsx
masterplan,analysisreport,PopProcessStep,N,Y,N,N,,POPUP,popup,,popup_grid,high,Pop* file · grid=1,BaseGrid:1;PopupDialog:1,engine/mp/SRV_COMM_SRH_PROCESS_STEP_Q,,,80,/masterplan/analysisreport/mpcomparative/PopProcessStep,view/masterplan/analysisreport/mpcomparative/PopProcessStep.jsx
masterplan,analysisreport,PopResUtilization,N,Y,N,N,,POPUP,popup,,popup_grid,high,Pop* file · grid=1,SearchArea:1;BaseGrid:1;InputField:3;PopupDialog:1,engine/mp/GetResourcePlanDetail,,,120,/masterplan/analysisreport/resutilization/PopResUtilization,view/masterplan/analysisreport/resutilization/PopResUtilization.jsx
masterplan,analysisreport,ResourceGantt,N,N,N,N,UI_MP_GANTT_RESOURCE,LAYOUT_SINGLE,gantt_view,,,mid,GanttChart=1,ContentInner:1;SearchArea:1;SearchRow:1;GanttChart:1;InputField:1;PlanScope:1,engine/mp/SRV_COMM_SRH_VER_Q;masterplan/resource-gantt/plan-horizon;masterplan/resource-gantt,,,582,/masterplan/analysisreport/ResourceGantt,view/masterplan/analysisreport/resourcegantt/ResourceGantt.jsx
masterplan,analysisreport,ResProdPlan,N,N,N,N,UI_MP_RES_PROD_PLAN,LAYOUT_V2,grid_chart_stacked,v2_chart_grid,,mid,Chart=1 Grid=1,ContentInner:1;SearchArea:1;SearchRow:1;WorkArea:1;BaseGrid:1;ChartComponent:1;GridExcelExportButton:1;InputField:2;PlanScope:1;PopPersonalize:1,engine/mp/GetResProdPlan;engine/mp/SRV_COMM_DEFAULT_DATE;engine/mp/GetResourceUtilization,,,756,/masterplan/analysisreport/ResProdPlan,view/masterplan/analysisreport/resprodplan/ResProdPlan.jsx
masterplan,analysisreport,ResProductionPlanning,N,N,N,N,UI_MP_29,LAYOUT_V2,grid_chart_stacked,v2_chart_grid,,mid,Chart=1 Grid=1,ContentInner:1;SearchArea:1;SearchRow:1;WorkArea:1;BaseGrid:1;ChartComponent:1;GridSaveButton:1;GridExcelExportButton:1;InputField:2;PlanScope:1;PopPersonalize:1,engine/mp/SRV_COMM_SRH_VER_Q;engine/mp/SRV_UI_MP_29_Q2;engine/mp/SRV_UI_MP_29_S1_J;engine/mp/GetResourcePlan;engine/mp/SRV_UI_CM_17_Q5;engine/mp/SRV_UI_CM_17_Q6,,SP_UI_MP_29_S1_J_P_RT_MSG,847,/masterplan/analysisreport/ResProductionPlanning,view/masterplan/analysisreport/resproductionplanning/ResProductionPlanning.jsx
masterplan,analysisreport,ResStatus,N,N,N,N,UI_MP_42,LAYOUT_SINGLE,search_tab,P03_search_tabs,tabs=1,high,TabContainer=1,ContentInner:1;SearchArea:1;SearchRow:1;WorkArea:1;BaseGrid:3;TabContainer:1;ChartComponent:1;InputField:3;PlanScope:1;PopPersonalize:1,engine/mp/SRV_UI_MP_42_Q3;engine/mp/GetResourceStatus;engine/mp/GetResourceOperationInfo,,,761,/masterplan/analysisreport/ResStatus,view/masterplan/analysisreport/resstatus/ResStatus.jsx
masterplan,analysisreport,ResUtilization,N,N,N,N,UI_MP_31,LAYOUT_V2,grid_chart_stacked,v2_chart_grid,,mid,Chart=1 Grid=1,ContentInner:1;SearchArea:1;SearchRow:1;WorkArea:1;BaseGrid:1;ChartComponent:1;GridExcelExportButton:1;InputField:5;PlanScope:1;PopPersonalize:1,engine/mp/SRV_COMM_SRH_VER_Q;engine/mp/SRV_COMM_DEFAULT_DATE;engine/mp/GetResourceUtilization,,,585,/masterplan/analysisreport/ResUtilization,view/masterplan/analysisreport/resutilization/ResUtilization.jsx
masterplan,analysisreport,Rtf,N,N,N,N,,LAYOUT_V2,grid_chart_stacked,v2_chart_grid,,mid,Chart=1 Grid=1,ContentInner:1;SearchArea:1;SearchRow:1;WorkArea:1;BaseGrid:1;ChartComponent:1;GridExcelExportButton:1;InputField:4;PlanScope:1,engine/mp/SRV_UI_MP_RTF;engine/mp/SRV_UI_MP_RTF_DETAIL,,,568,/masterplan/analysisreport/Rtf,view/masterplan/analysisreport/rtf/Rtf.jsx
masterplan,analysisreport,ShortageMonitoring,N,N,N,N,,LAYOUT_MONITORING,mn_kpi_dashboard,,,high,monitoring match · chart=1 grid=1,ContentInner:1;SearchArea:1;SearchRow:1;WorkArea:1;BaseGrid:1;ChartComponent:1;GridSaveButton:1;InputField:4;PlanScope:1,engine/mp/SRV_UI_MP_SHORTAGE_MONITORING;engine/mp/SRV_UI_MP_SHORTAGE_MONITORING_DETAIL;common/json-save,,SP_UI_MP_DEMAND_ADJUST;SP_UI_MP_DEMAND_ADJUST_P_RT_MSG,461,/masterplan/analysisreport/ShortageMonitoring,view/masterplan/analysisreport/shortagemonitoring/ShortageMonitoring.jsx
masterplan,analysisreport,SupplyTrend,N,N,N,N,,LAYOUT_SINGLE,widget_dashboard,P01_widget_dashboard,,high,DashboardPanel=1,ContentInner:1;SearchArea:1;SearchRow:1;DashboardPanel:1;InputField:2;PlanScope:1,engine/mp/SRV_UI_MP_LOCAT_INV_POLICY_TARGET;engine/mp/SRV_UI_MP_LOCAT_TOTAL_INVENTORY;engine/mp/SRV_UI_MP_LOCAT_TOTAL_SHIPMENT;engine/mp/SRV_UI_MP_LOCAT_TOTAL_SUPPLY;engine/mp/SRV_UI_MP_LOCAT_INVENTORY_TURNOVER;engine/mp/SRV_UI_MP_LOCAT_INV_SUPPLY_SHPP_TREND;engine/mp/SRV_UI_MP_LOCAT_SKU_STATUS,,,360,/masterplan/analysisreport/SupplyTrend,view/masterplan/analysisreport/supplytrend/SupplyTrend.jsx
masterplan,common,ColorInputMp,N,N,N,N,,LAYOUT_SINGLE,free_form,,,low,no recognized grid/chart/split components,,,,,43,/masterplan/common/ColorInputMp,view/masterplan/common/ColorInputMp.jsx
masterplan,common,PopAdjustShppPlan,N,Y,N,N,,POPUP,popup,,popup_grid,high,Pop* file · grid=1,BaseGrid:1;GridAddRowButton:1;GridSaveButton:1;InputField:1;PopupDialog:1,engine/mp/SRV_UI_MP_27_POP_Q1;engine/mp/GetShipmentPlan;engine/mp/SRV_UI_MP_27_S2,,SP_UI_MP_27_S2_P_RT_MSG,409,/masterplan/common/PopAdjustShppPlan,view/masterplan/common/PopAdjustShppPlan.jsx
masterplan,common,PopConfirmAdjPlan,N,Y,N,N,,POPUP,popup,,popup_form,high,Pop* file · grid=0,InputField:12;PopupDialog:1,engine/mp/SRV_UI_CM_17_Q3;engine/mp/,,,137,/masterplan/common/PopConfirmAdjPlan,view/masterplan/common/PopConfirmAdjPlan.jsx
masterplan,common,PopConfirmPlan,N,Y,N,N,,POPUP,popup,,popup_form,high,Pop* file · grid=0,InputField:12;PopupDialog:1,engine/mp/SRV_UI_CM_17_Q3;engine/mp/,,,136,/masterplan/common/PopConfirmPlan,view/masterplan/common/PopConfirmPlan.jsx
masterplan,common,PopDemandInfo,N,Y,N,N,,POPUP,popup,,popup_grid,high,Pop* file · grid=1,BaseGrid:1;GridExcelExportButton:1;PopupDialog:1,engine/mp/GetDemandTargetInfo,,,120,/masterplan/common/PopDemandInfo,view/masterplan/common/PopDemandInfo.jsx
masterplan,common,PopDueInTrack,N,Y,N,N,,POPUP,popup,,popup_grid,high,Pop* file · grid=1,BaseGrid:1;PopupDialog:1,engine/mp/GetInventoryActivity,,,133,/masterplan/common/PopDueInTrack,view/masterplan/common/PopDueInTrack.jsx
masterplan,common,PopNewSimulationVersion,N,Y,N,N,,POPUP,popup,,popup_form,high,Pop* file · grid=0,InputField:12;PopupDialog:1,engine/mp/SRV_UI_CM_17_S5,,,165,/masterplan/common/PopNewSimulationVersion,view/masterplan/common/PopNewSimulationVersion.jsx
masterplan,common,PopSimulationVersion,N,Y,N,N,,POPUP,popup,,popup_grid,high,Pop* file · grid=1,SearchArea:1;WorkArea:1;BaseGrid:1;InputField:3;PopupDialog:1,engine/mp/SRV_COMM_SRH_VER_Q,,,117,/masterplan/common/PopSimulationVersion,view/masterplan/common/PopSimulationVersion.jsx
masterplan,common,PopStep,N,Y,N,N,,POPUP,popup,,popup_grid,high,Pop* file · grid=1,BaseGrid:1;PopupDialog:1,engine/mp/SRV_UI_CM_17_Q4,,,80,/masterplan/common/PopStep,view/masterplan/common/PopStep.jsx
masterplan,master,ByProduct,N,N,N,N,,LAYOUT_SINGLE,search_tab,P03_search_tabs,tabs=1,high,TabContainer=1,ContentInner:1;SearchArea:1;SearchRow:1;WorkArea:1;BaseGrid:1;TabContainer:1;GridAddRowButton:1;GridDeleteRowButton:1;GridSaveButton:1;GridExcelExportButton:1;PlanScope:1,engine/mp/SRV_UI_MP_GRADEBYPRODUCT_Q1;engine/mp/SRV_UI_MP_GRADEBYPRODUCT_S1,,SP_UI_MP_GRADEBYPRODUCT_S1_P_RT_MSG,409,/masterplan/master/ByProduct,view/masterplan/master/byproduct/ByProduct.jsx
masterplan,master,CustomComponent,N,N,N,N,,LAYOUT_SINGLE,free_form,,,low,no recognized grid/chart/split components,,,,,114,/masterplan/master/plantrescalendar/CustomComponent,view/masterplan/master/plantrescalendar/CustomComponent.jsx
masterplan,master,CycleConsecutive,N,N,N,N,UI_MP_14,LAYOUT_SINGLE,search_grid,P02_search_grid,,high,SearchArea + 1 BaseGrid,ContentInner:1;SearchArea:1;SearchRow:1;WorkArea:1;BaseGrid:1;GridSaveButton:1;GridExcelExportButton:1;InputField:2;PlanScope:1,engine/mp/SRV_UI_MP_14_Q1;engine/mp/SRV_UI_MP_14_S1,,SP_UI_MP_14_S1_P_RT_MSG,390,/masterplan/master/CycleConsecutive,view/masterplan/master/cycleconsecutive/CycleConsecutive.jsx
masterplan,master,GeneralConfig,N,N,N,N,UI_MP_01,LAYOUT_SINGLE,free_form,,,low,no recognized grid/chart/split components,,,,,11,/masterplan/master/GeneralConfig,view/masterplan/master/generalconfig/GeneralConfig.jsx
masterplan,master,InTransitStock,N,N,N,N,,LAYOUT_SINGLE,free_form,,,low,no recognized grid/chart/split components,,,,,10,/masterplan/master/InTransitStock,view/masterplan/master/intransitstock/InTransitStock.jsx
masterplan,master,ItemClassification,N,N,N,N,UI_CM_03,LAYOUT_V2,v2_dual_grid,,,mid,2 BaseGrid no SplitPanel,ContentInner:1;SearchArea:1;SearchRow:1;WorkArea:1;BaseGrid:2;GridAddRowButton:2;GridDeleteRowButton:2;GridSaveButton:2;GridExcelExportButton:1;InputField:1;PlanScope:1,engine/mp/SRV_UI_CM_03_POP_01_Q;engine/mp/SRV_UI_CM_03_Q1;engine/mp/SRV_UI_CM_03_S1;engine/mp/SRV_UI_CM_03_S6;engine/mp/SRV_UI_CM_03_Q2;engine/mp/SRV_UI_CM_03_S3;engine/mp/SRV_UI_CM_03_BATCH,,SP_UI_CM_03_S1_P_RT_MSG;SP_UI_CM_03_S6_P_RT_MSG;SP_UI_CM_03_S3_P_RT_MSG;SP_UI_CM_03_BATCH_P_RT_MSG,705,/masterplan/master/ItemClassification,view/masterplan/master/itemclassification/ItemClassification.jsx
masterplan,master,ItemProductionCalendar,N,N,N,N,UI_MP_17,LAYOUT_SINGLE,search_grid,P02_search_grid,,high,SearchArea + 1 BaseGrid,ContentInner:1;SearchArea:1;SearchRow:1;WorkArea:1;BaseGrid:1;GridDeleteRowButton:1;GridSaveButton:1;GridExcelExportButton:1;PlanScope:1,engine/mp/SRV_UI_MP_17_Q1;engine/mp/SRV_UI_MP_17_S1,,SP_UI_MP_17_S1_P_RT_MSG,378,/masterplan/master/ItemProductionCalendar,view/masterplan/master/itemproductioncalendar/ItemProductionCalendar.jsx
masterplan,master,ItemResCapacity,N,N,N,N,UI_MP_09,LAYOUT_SINGLE,search_tab,P03_search_tabs,tabs=1,high,TabContainer=1,ContentInner:1;SearchArea:1;SearchRow:1;WorkArea:1;BaseGrid:3;TabContainer:1;GridAddRowButton:3;GridDeleteRowButton:2;GridSaveButton:3;GridExcelExportButton:1;PlanScope:1,engine/mp/SRV_UI_MP_09_Q1;engine/mp/SRV_UI_MP_09_S1;engine/mp/SRV_UI_MP_09_Q2;engine/mp/SRV_UI_MP_09_S2;engine/mp/SRV_UI_MP_09_Q3;engine/mp/SRV_UI_MP_09_S3,,SP_UI_MP_09_S1_P_RT_MSG;SP_UI_MP_09_S2_P_RT_MSG;SP_UI_MP_09_S3_P_RT_MSG,782,/masterplan/master/ItemResCapacity,view/masterplan/master/itemrescapacity/ItemResCapacity.jsx
masterplan,master,ItemResPreference,N,N,N,N,UI_MP_08,LAYOUT_V2,v2_dual_grid,,,mid,2 BaseGrid no SplitPanel,ContentInner:1;SearchArea:1;SearchRow:1;WorkArea:1;BaseGrid:2;GridAddRowButton:2;GridDeleteRowButton:1;GridSaveButton:2;GridExcelExportButton:1;PlanScope:1,engine/mp/SRV_GET_COMBO_LIST;engine/mp/SRV_UI_MP_08_Q1;engine/mp/SRV_UI_MP_08_S1;engine/mp/SRV_UI_MP_08_Q2;engine/mp/SRV_UI_MP_08_S3,,SP_UI_MP_08_S1_P_RT_MSG;SP_UI_MP_08_S3_P_RT_MSG,660,/masterplan/master/ItemResPreference,view/masterplan/master/itemrespreference/ItemResPreference.jsx
masterplan,master,JobChangeTime,N,N,N,N,UI_MP_23,LAYOUT_SINGLE,search_tab,P03_search_tabs,tabs=1,high,TabContainer=1,ContentInner:1;SearchArea:1;SearchRow:1;WorkArea:1;BaseGrid:2;TabContainer:1;GridAddRowButton:2;GridDeleteRowButton:2;GridSaveButton:2;GridExcelExportButton:2;PlanScope:1,engine/mp/SRV_UI_MP_23_Q2;engine/mp/SRV_UI_MP_23_Q1;engine/mp/SRV_UI_MP_23_S2;engine/mp/SRV_UI_MP_23_S1,,SP_UI_MP_23_S2_P_RT_MSG;SP_UI_MP_23_S1_P_RT_MSG,668,/masterplan/master/JobChangeTime,view/masterplan/master/jobchangetime/JobChangeTime.jsx
masterplan,master,MaterialConstraint,N,N,N,N,UI_MP_05,LAYOUT_SINGLE,search_grid,P02_search_grid,,high,SearchArea + 1 BaseGrid,ContentInner:1;SearchArea:1;SearchRow:1;WorkArea:1;BaseGrid:1;GridSaveButton:1;GridExcelExportButton:1;InputField:1;PlanScope:1,engine/mp/SRV_UI_MP_05_Q1;engine/mp/SRV_UI_MP_05_S1,,SP_UI_MP_05_S1_P_RT_MSG,365,/masterplan/master/MaterialConstraint,view/masterplan/master/materialconstraint/MaterialConstraint.jsx
masterplan,master,MaterialSupplyCalendar,N,N,N,N,UI_MP_18,LAYOUT_SINGLE,search_grid,P02_search_grid,,high,SearchArea + 1 BaseGrid,ContentInner:1;SearchArea:1;SearchRow:1;WorkArea:1;BaseGrid:1;GridSaveButton:1;GridExcelExportButton:1;GridExcelImportButton:1;InputField:1;PlanScope:1,engine/mp/SRV_GET_CUTOFF_DATE_LIST;engine/mp/SRV_UI_MP_18_Q1;common/json-save,,SP_UI_MP_18_S1_J;SP_UI_MP_18_S1_J_P_RT_MSG,418,/masterplan/master/MaterialSupplyCalendar,view/masterplan/master/materialsupplycalendar/MaterialSupplyCalendar.jsx
masterplan,master,MaxOpresGrp,N,N,N,N,UI_MP_35,LAYOUT_SINGLE,search_grid,P02_search_grid,,high,SearchArea + 1 BaseGrid,ContentInner:1;SearchArea:1;SearchRow:1;WorkArea:1;BaseGrid:1;GridAddRowButton:1;GridDeleteRowButton:1;GridSaveButton:1;GridExcelExportButton:1;InputField:2;PlanScope:1,engine/mp/SRV_UI_MP_35_Q1;engine/mp/SRV_UI_MP_35_S1,,SP_UI_MP_35_S1_P_RT_MSG,343,/masterplan/master/MaxOpresGrp,view/masterplan/master/maxopresgrp/MaxOpresGrp.jsx
masterplan,master,PlantResCalendar,N,N,N,N,UI_MP_11,LAYOUT_SINGLE,search_tab,P03_search_tabs,tabs=1,high,TabContainer=1,ContentInner:1;SearchArea:1;SearchRow:1;WorkArea:1;BaseGrid:1;TabContainer:1;GridAddRowButton:1;GridDeleteRowButton:1;GridSaveButton:1;GridExcelExportButton:1;PlanScope:1,engine/mp/SRV_UI_MP_11_Q1;engine/mp/SRV_UI_MP_11_S3;engine/mp/SRV_UI_MP_11_S1,,SP_UI_MP_11_S1_P_RT_MSG,665,/masterplan/master/PlantResCalendar,view/masterplan/master/plantrescalendar/PlantResCalendar.jsx
masterplan,master,PopAccount,N,Y,N,N,,POPUP,popup,,popup_grid,high,Pop* file · grid=1,BaseGrid:1;PopupDialog:1,engine/mp/SRV_UI_MP_02_POP_Q2,,,94,/masterplan/master/wip/PopAccount,view/masterplan/master/wip/PopAccount.jsx
masterplan,master,PopAllRoute,N,Y,N,N,,POPUP,popup,,popup_grid,high,Pop* file · grid=1,BaseGrid:1;PopupDialog:1,engine/mp/SRV_UI_MP_38_Q2,,,80,/masterplan/master/itemrespreference/PopAllRoute,view/masterplan/master/itemrespreference/PopAllRoute.jsx
masterplan,master,PopCycleConsecutiveBundleCreate,N,Y,N,N,,POPUP,popup,,popup_form,high,Pop* file · grid=0,InputField:3;PopupDialog:1,engine/mp/SRV_UI_MP_14_BATCH,,SP_UI_MP_14_BATCH_P_RT_MSG,80,/masterplan/master/cycleconsecutive/PopCycleConsecutiveBundleCreate,view/masterplan/master/cycleconsecutive/PopCycleConsecutiveBundleCreate.jsx
masterplan,master,PopGradeByProduct,N,Y,N,N,,POPUP,popup,,popup_form,high,Pop* file · grid=0,InputField:12;PopupDialog:1,engine/mp/SRV_UI_MP_GRADEBYPRODUCT_S1,,SP_UI_MP_GRADEBYPRODUCT_S1_P_RT_MSG,135,/masterplan/master/byproduct/PopGradeByProduct,view/masterplan/master/byproduct/PopGradeByProduct.jsx
masterplan,master,PopItem,N,Y,N,N,,POPUP,popup,,popup_grid,high,Pop* file · grid=1,BaseGrid:1;PopupDialog:1,engine/mp/SRV_UI_MP_23_POP_Q2,,,104,/masterplan/master/jobchangetime/PopItem,view/masterplan/master/jobchangetime/PopItem.jsx
masterplan,master,PopItemClass,N,Y,N,N,,POPUP,popup,,popup_grid,high,Pop* file · grid=1,BaseGrid:1;PopupDialog:1,engine/mp/SRV_UI_CM_03_POP_01_Q,,,101,/masterplan/master/itemclassification/PopItemClass,view/masterplan/master/itemclassification/PopItemClass.jsx
masterplan,master,PopItemClass,N,Y,N,N,,POPUP,popup,,popup_grid,high,Pop* file · grid=1,BaseGrid:1;PopupDialog:1,engine/mp/SRV_UI_COMM_DATA_Q,,,109,/masterplan/master/productmixmax/PopItemClass,view/masterplan/master/productmixmax/PopItemClass.jsx
masterplan,master,PopItemClassificationNew1,N,Y,N,N,,POPUP,popup,,popup_grid,high,Pop* file · grid=1,BaseGrid:1;TabContainer:1;InputField:5;PopupDialog:1,engine/mp/SRV_COMM_AUTO_GEN_ID;engine/mp/SRV_UI_CM_03_POP_01_Q;engine/mp/SRV_UI_CM_03_S1_INS,,SP_UI_CM_03_S1_P_RT_MSG,204,/masterplan/master/itemclassification/PopItemClassificationNew1,view/masterplan/master/itemclassification/PopItemClassificationNew1.jsx
masterplan,master,PopItemClassificationNew2,N,Y,N,N,,POPUP,popup,,popup_grid,high,Pop* file · grid=1,BaseGrid:1;InputField:6;PopupDialog:1,engine/mp/SRV_UI_CM_03_POP_01_Q;engine/mp/SRV_UI_CM_03_S2,,SP_UI_CM_03_S2_P_RT_MSG,178,/masterplan/master/itemclassification/PopItemClassificationNew2,view/masterplan/master/itemclassification/PopItemClassificationNew2.jsx
masterplan,master,PopItemGroup,N,Y,N,N,,POPUP,popup,,popup_grid,high,Pop* file · grid=1,BaseGrid:1;PopupDialog:1,engine/mp/SRV_UI_MP_16_POP_Q3,,,112,/masterplan/master/productmixmax/PopItemGroup,view/masterplan/master/productmixmax/PopItemGroup.jsx
masterplan,master,PopItemLocation,N,Y,N,N,,POPUP,popup,,popup_grid,high,Pop* file · grid=1,SearchArea:1;WorkArea:1;BaseGrid:1;InputField:4;PopupDialog:1,engine/mp/SRV_GET_COMBO_LIST;engine/mp/SRV_UI_MP_08_POP_Q4,,,140,/masterplan/master/itemrespreference/PopItemLocation,view/masterplan/master/itemrespreference/PopItemLocation.jsx
masterplan,master,PopItemLv,N,Y,N,N,,POPUP,popup,,popup_grid,high,Pop* file · grid=1,BaseGrid:1;PopupDialog:1,engine/mp/SRV_UI_MP_16_POP_Q2,,,100,/masterplan/master/productmixmax/PopItemLv,view/masterplan/master/productmixmax/PopItemLv.jsx
masterplan,master,PopItemPlantResCalendarBundleCreate,N,Y,N,N,,POPUP,popup,,popup_form,high,Pop* file · grid=0,TabContainer:1;InputField:15;PopupDialog:1,engine/mp/SRV_UI_MP_11_BATCH,,SP_UI_MP_11_BATCH_P_RT_MSG,237,/masterplan/master/plantrescalendar/PopItemPlantResCalendarBundleCreate,view/masterplan/master/plantrescalendar/PopItemPlantResCalendarBundleCreate.jsx
masterplan,master,PopItemProductionCalendarBundleCreate,N,Y,N,N,,POPUP,popup,,popup_form,high,Pop* file · grid=0,TabContainer:1;InputField:16;PopLocatTp:1;PopupDialog:1,engine/mp/SRV_UI_MP_17_BATCH,,SP_UI_MP_17_BATCH_P_RT_MSG,285,/masterplan/master/itemproductioncalendar/PopItemProductionCalendarBundleCreate,view/masterplan/master/itemproductioncalendar/PopItemProductionCalendarBundleCreate.jsx
masterplan,master,PopItemResCapacityBatchUpdate,N,Y,N,N,,POPUP,popup,,popup_form,high,Pop* file · grid=0,InputField:9;PopupDialog:1,engine/mp/SRV_UI_MP_09_POP_S2,,SP_UI_MP_09_POP_S2_P_RT_MSG,123,/masterplan/master/itemrescapacity/PopItemResCapacityBatchUpdate,view/masterplan/master/itemrescapacity/PopItemResCapacityBatchUpdate.jsx
masterplan,master,PopItemResCapacityBundleCreate,N,Y,N,N,,POPUP,popup,,popup_form,high,Pop* file · grid=0,InputField:13;PopLocatTp:1;PopupDialog:1,engine/mp/SRV_UI_MP_09_BATCH,,SP_UI_MP_09_BATCH_P_RT_MSG,249,/masterplan/master/itemrescapacity/PopItemResCapacityBundleCreate,view/masterplan/master/itemrescapacity/PopItemResCapacityBundleCreate.jsx
masterplan,master,PopItemResCapacityNew1,N,Y,N,N,,POPUP,popup,,popup_form,high,Pop* file · grid=0,TabContainer:1;InputField:27;PopupDialog:1,engine/mp/SRV_UI_MP_09_S1,,SP_UI_MP_09_S1_P_RT_MSG,344,/masterplan/master/itemrescapacity/PopItemResCapacityNew1,view/masterplan/master/itemrescapacity/PopItemResCapacityNew1.jsx
masterplan,master,PopItemResCapacityNew2,N,Y,N,N,,POPUP,popup,,popup_form,high,Pop* file · grid=0,TabContainer:1;InputField:15;PopupDialog:1,engine/mp/SRV_UI_MP_09_POP_S2,,SP_UI_MP_09_POP_S2_P_RT_MSG,193,/masterplan/master/itemrescapacity/PopItemResCapacityNew2,view/masterplan/master/itemrescapacity/PopItemResCapacityNew2.jsx
masterplan,master,PopItemResCapacityPeriodNew,N,Y,N,N,,POPUP,popup,,popup_form,high,Pop* file · grid=0,TabContainer:1;InputField:12;PopupDialog:1,engine/mp/SRV_UI_MP_09_POP_S3,,SP_UI_MP_09_POP_S3_P_RT_MSG,150,/masterplan/master/itemrescapacity/PopItemResCapacityPeriodNew,view/masterplan/master/itemrescapacity/PopItemResCapacityPeriodNew.jsx
masterplan,master,PopItemResPreferenceBatchUpdate,N,Y,N,N,,POPUP,popup,,popup_form,high,Pop* file · grid=0,InputField:5;PopupDialog:1,engine/mp/SRV_UI_MP_08_POP_S2,,SP_UI_MP_08_POP_S2_P_RT_MSG,75,/masterplan/master/itemrespreference/PopItemResPreferenceBatchUpdate,view/masterplan/master/itemrespreference/PopItemResPreferenceBatchUpdate.jsx
masterplan,master,PopItemResPreferenceBundleCreate,N,Y,N,N,,POPUP,popup,,popup_form,high,Pop* file · grid=0,InputField:13;PopLocatTp:1;PopupDialog:1,engine/mp/SRV_UI_MP_08_BATCH,,SP_UI_MP_08_BATCH_P_RT_MSG,215,/masterplan/master/itemrespreference/PopItemResPreferenceBundleCreate,view/masterplan/master/itemrespreference/PopItemResPreferenceBundleCreate.jsx
masterplan,master,PopItemResPreferenceNew,N,Y,N,N,,POPUP,popup,,popup_grid,high,Pop* file · grid=1,BaseGrid:1;TabContainer:1;GridAddRowButton:1;InputField:10;PopupDialog:1,engine/mp/SRV_UI_MP_08_POP_Q2;engine/mp/SRV_UI_MP_08_POP_S1,,SP_UI_MP_08_POP_S1_P_RT_MSG,321,/masterplan/master/itemrespreference/PopItemResPreferenceNew,view/masterplan/master/itemrespreference/PopItemResPreferenceNew.jsx
masterplan,master,PopJobChangeTimeNew,N,Y,N,N,,POPUP,popup,,popup_form,high,Pop* file · grid=0,TabContainer:1;InputField:19;PopLocatTp:1;PopupDialog:1,engine/mp/SRV_UI_MP_23_S2;engine/mp/SRV_UI_MP_23_S1,,SP_UI_MP_23_S2_P_RT_MSG;SP_UI_MP_23_S1_P_RT_MSG,356,/masterplan/master/jobchangetime/PopJobChangeTimeNew,view/masterplan/master/jobchangetime/PopJobChangeTimeNew.jsx
masterplan,master,PopLocation,N,Y,N,N,,POPUP,popup,,popup_grid,high,Pop* file · grid=1,BaseGrid:1;PopupDialog:1,engine/mp/SRV_UI_MP_08_POP_Q3,,,76,/masterplan/master/itemrespreference/PopLocation,view/masterplan/master/itemrespreference/PopLocation.jsx
masterplan,master,PopLocationResource,N,Y,N,N,,POPUP,popup,,popup_grid,high,Pop* file · grid=1,BaseGrid:1;PopupDialog:1,engine/mp/SRV_UI_MP_11_Q2,,,102,/masterplan/master/jobchangetime/PopLocationResource,view/masterplan/master/jobchangetime/PopLocationResource.jsx
masterplan,master,PopMaxOpersGrpNew,N,Y,N,N,,POPUP,popup,,popup_form,high,Pop* file · grid=0,InputField:6;PopupDialog:1,engine/mp/SRV_UI_MP_35_S1,,SP_UI_MP_35_S1_P_RT_MSG,102,/masterplan/master/maxopresgrp/PopMaxOpersGrpNew,view/masterplan/master/maxopresgrp/PopMaxOpersGrpNew.jsx
masterplan,master,PopNewItemProductionLimit,N,Y,N,N,,POPUP,popup,,popup_form,high,Pop* file · grid=0,PopupDialog:1,engine/mp/SRV_UI_MP_16_S1,,SP_UI_MP_16_S1_P_RT_MSG,69,/masterplan/master/productmixmax/PopNewItemProductionLimit,view/masterplan/master/productmixmax/PopNewItemProductionLimit.jsx
masterplan,master,PopPegging,N,Y,N,N,,POPUP,popup,,popup_grid,high,Pop* file · grid=1,BaseGrid:1;PopupDialog:1,engine/mp/SRV_UI_MP_02_POP_Q1,,,96,/masterplan/master/wip/PopPegging,view/masterplan/master/wip/PopPegging.jsx
masterplan,master,PopPeriodItemResPreferenceNew,N,Y,N,N,,POPUP,popup,,popup_grid,high,Pop* file · grid=1,BaseGrid:1;TabContainer:1;InputField:14;PopupDialog:1,engine/mp/SRV_UI_CM_CODE;engine/mp/SRV_UI_MP_08_POP_Q2;engine/mp/SRV_UI_MP_08_S4,,SP_UI_MP_08_S4_P_RT_MSG,211,/masterplan/master/itemrespreference/PopPeriodItemResPreferenceNew,view/masterplan/master/itemrespreference/PopPeriodItemResPreferenceNew.jsx
masterplan,master,PopPlantResCalendarNew1,N,Y,N,N,,POPUP,popup,,popup_form,high,Pop* file · grid=0,TabContainer:1;InputField:12;PopupDialog:1,engine/mp/SRV_UI_MP_11_S1,,SP_UI_MP_11_S1_P_RT_MSG,236,/masterplan/master/plantrescalendar/PopPlantResCalendarNew1,view/masterplan/master/plantrescalendar/PopPlantResCalendarNew1.jsx
masterplan,master,PopPlantResCalendarUpdate1,N,Y,N,N,,POPUP,popup,,popup_form,high,Pop* file · grid=0,TabContainer:1;InputField:12;PopupDialog:1,engine/mp/SRV_UI_MP_11_S1,,SP_UI_MP_11_S1_P_RT_MSG,195,/masterplan/master/plantrescalendar/PopPlantResCalendarUpdate1,view/masterplan/master/plantrescalendar/PopPlantResCalendarUpdate1.jsx
masterplan,master,PopPopGradeByProductLocItem,N,Y,N,N,,POPUP,popup,,popup_grid,high,Pop* file · grid=1,SearchArea:1;WorkArea:1;BaseGrid:1;InputField:4;PopupDialog:1,engine/mp/SRV_GET_COMBO_LIST;engine/mp/SRV_UI_CM_05_POP_01_Q,,,187,/masterplan/master/byproduct/PopPopGradeByProductLocItem,view/masterplan/master/byproduct/PopPopGradeByProductLocItem.jsx
masterplan,master,PopPopGradeByProductRoute,N,Y,N,N,,POPUP,popup,,popup_grid,high,Pop* file · grid=1,BaseGrid:1;PopupDialog:1,engine/mp/SRV_UI_MP_38_Q2,,,80,/masterplan/master/byproduct/PopPopGradeByProductRoute,view/masterplan/master/byproduct/PopPopGradeByProductRoute.jsx
masterplan,master,PopPopItem,N,Y,N,N,,POPUP,popup,,popup_grid,high,Pop* file · grid=1,SearchArea:1;WorkArea:1;BaseGrid:1;InputField:4;PopupDialog:1,engine/mp/SRV_GET_COMBO_LIST;engine/mp/SRV_UI_MP_08_POP_Q4,,,149,/masterplan/master/resource/PopPopItem,view/masterplan/master/resource/PopPopItem.jsx
masterplan,master,PopPopLocat,N,Y,N,N,,POPUP,popup,,popup_grid,high,Pop* file · grid=1,BaseGrid:1;PopupDialog:1,engine/mp/SRV_UI_MP_08_POP_Q3,,,104,/masterplan/master/itemrescapacity/PopPopLocat,view/masterplan/master/itemrescapacity/PopPopLocat.jsx
masterplan,master,PopPopLocat,N,Y,N,N,,POPUP,popup,,popup_grid,high,Pop* file · grid=1,BaseGrid:1;PopupDialog:1,engine/mp/SRV_UI_MP_11_Q3,,,106,/masterplan/master/plantrescalendar/PopPopLocat,view/masterplan/master/plantrescalendar/PopPopLocat.jsx
masterplan,master,PopPopLocat,N,Y,N,N,,POPUP,popup,,popup_grid,high,Pop* file · grid=1,BaseGrid:1;PopupDialog:1,engine/mp/SRV_UI_MP_LOC_HOLIDAY_Q2,,,106,/masterplan/master/siteincomingcalendar/PopPopLocat,view/masterplan/master/siteincomingcalendar/PopPopLocat.jsx
masterplan,master,PopPopLocatMst,N,Y,N,N,,POPUP,popup,,popup_grid,high,Pop* file · grid=1,BaseGrid:1;PopupDialog:1,engine/mp/SRV_UI_MP_LOC_HOLIDAY_Q3,,,104,/masterplan/master/siteincomingcalendar/PopPopLocatMst,view/masterplan/master/siteincomingcalendar/PopPopLocatMst.jsx
masterplan,master,PopPopPlant,N,Y,N,N,,POPUP,popup,,popup_grid,high,Pop* file · grid=1,BaseGrid:1;PopupDialog:1,engine/mp/SRV_UI_MP_11_Q4,,,98,/masterplan/master/plantrescalendar/PopPopPlant,view/masterplan/master/plantrescalendar/PopPopPlant.jsx
masterplan,master,PopPopResource,N,Y,N,N,,POPUP,popup,,popup_grid,high,Pop* file · grid=1,BaseGrid:1;PopupDialog:1,engine/mp/SRV_UI_MP_09_POP_Q1,,,107,/masterplan/master/itemrescapacity/PopPopResource,view/masterplan/master/itemrescapacity/PopPopResource.jsx
masterplan,master,PopPopResource,N,Y,N,N,,POPUP,popup,,popup_grid,high,Pop* file · grid=1,BaseGrid:1;PopupDialog:1,engine/mp/SRV_UI_MP_11_Q2,,,104,/masterplan/master/plantrescalendar/PopPopResource,view/masterplan/master/plantrescalendar/PopPopResource.jsx
masterplan,master,PopPopResourceNew,N,Y,N,N,,POPUP,popup,,popup_grid,high,Pop* file · grid=1,BaseGrid:1;PopupDialog:1,engine/mp/SRV_UI_MP_06_POP_Q5,,,100,/masterplan/master/resource/PopPopResourceNew,view/masterplan/master/resource/PopPopResourceNew.jsx
masterplan,master,PopPopRoute,N,Y,N,N,,POPUP,popup,,popup_grid,high,Pop* file · grid=1,BaseGrid:1;PopupDialog:1,engine/mp/SRV_UI_MP_08_POP_Q5,,,91,/masterplan/master/resource/PopPopRoute,view/masterplan/master/resource/PopPopRoute.jsx
masterplan,master,PopProductMixMaxBundleCreate,N,Y,N,N,,POPUP,popup,,popup_form,high,Pop* file · grid=0,InputField:9;PopupDialog:1,engine/mp/SRV_UI_MP_16_BATCH,,SP_UI_MP_16_BATCH_P_RT_MSG,130,/masterplan/master/productmixmax/PopProductMixMaxBundleCreate,view/masterplan/master/productmixmax/PopProductMixMaxBundleCreate.jsx
masterplan,master,PopProductMixMinAllocationNew,N,Y,N,N,,POPUP,popup,,popup_form,high,Pop* file · grid=0,TabContainer:1;InputField:15;PopupDialog:1,engine/mp/SRV_UI_MP_15_S1,,SP_UI_MP_15_S1_P_RT_MSG,280,/masterplan/master/productmixmin/PopProductMixMinAllocationNew,view/masterplan/master/productmixmin/PopProductMixMinAllocationNew.jsx
masterplan,master,PopResource,N,Y,N,N,,POPUP,popup,,popup_grid,high,Pop* file · grid=1,BaseGrid:1;PopupDialog:1,engine/mp/SRV_UI_MP_11_Q2,,,76,/masterplan/master/itemrespreference/PopResource,view/masterplan/master/itemrespreference/PopResource.jsx
masterplan,master,PopResourceBundleCreate,N,Y,N,N,,POPUP,popup,,popup_form,high,Pop* file · grid=0,InputField:7;PopLocatTp:1;PopupDialog:1,engine/mp/SRV_UI_MP_06_BATCH,,SP_UI_MP_06_BATCH_P_RT_MSG,143,/masterplan/master/resource/PopResourceBundleCreate,view/masterplan/master/resource/PopResourceBundleCreate.jsx
masterplan,master,PopResourceGroup,N,Y,N,N,,POPUP,popup,,popup_grid,high,Pop* file · grid=1,BaseGrid:1;PopupDialog:1,engine/mp/SRV_UI_MP_06_POP_Q2,,,91,/masterplan/master/resource/PopResourceGroup,view/masterplan/master/resource/PopResourceGroup.jsx
masterplan,master,PopResourceGroupNew,N,Y,N,N,,POPUP,popup,,popup_form,high,Pop* file · grid=0,InputField:9;PopupDialog:1,engine/mp/SRV_UI_MP_06_POP_S2,,SP_UI_MP_06_POP_S2_P_RT_MSG,108,/masterplan/master/resource/PopResourceGroupNew,view/masterplan/master/resource/PopResourceGroupNew.jsx
masterplan,master,PopResourceNew2,N,Y,N,N,,POPUP,popup,,popup_form,high,Pop* file · grid=0,TabContainer:1;InputField:18;PopupDialog:1,engine/mp/SRV_UI_MP_06_S2,,SP_UI_MP_06_S2_P_RT_MSG,220,/masterplan/master/resource/PopResourceNew2,view/masterplan/master/resource/PopResourceNew2.jsx
masterplan,master,PopResourceNew3,N,Y,N,N,,POPUP,popup,,popup_grid,high,Pop* file · grid=1,BaseGrid:1;InputField:12;PopLocatTp:1;PopupDialog:1,engine/mp/SRV_UI_MP_06_POP_Q4;engine/mp/SRV_UI_MP_06_POP_S1,,SP_UI_MP_06_POP_S1_P_RT_MSG,283,/masterplan/master/resource/PopResourceNew3,view/masterplan/master/resource/PopResourceNew3.jsx
masterplan,master,PopResourceNew4,N,Y,N,N,,POPUP,popup,,popup_form,high,Pop* file · grid=0,InputField:14;PopupDialog:1,engine/mp/SRV_UI_MP_06_S3,,SP_UI_MP_06_S3_P_RT_MSG,156,/masterplan/master/resource/PopResourceNew4,view/masterplan/master/resource/PopResourceNew4.jsx
masterplan,master,PopRouteClassificationNew1,N,Y,N,N,,POPUP,popup,,popup_grid,high,Pop* file · grid=1,BaseGrid:1;TabContainer:1;InputField:5;PopupDialog:1,engine/mp/SRV_COMM_AUTO_GEN_ID;engine/mp/SRV_UI_MP_ROUTE_CLASS_POP_01_Q;engine/mp/SRV_UI_MP_ROUTE_CLASS_S1_INS,,SP_UI_MP_ROUTE_CLASS_S1_P_RT_MSG,199,/masterplan/master/routeclassification/PopRouteClassificationNew1,view/masterplan/master/routeclassification/PopRouteClassificationNew1.jsx
masterplan,master,PopRouteClassificationNew2,N,Y,N,N,,POPUP,popup,,popup_grid,high,Pop* file · grid=1,BaseGrid:1;InputField:5;PopupDialog:1,engine/mp/SRV_UI_MP_ROUTE_CLASS_POP_01_Q;engine/mp/SRV_UI_MP_ROUTE_CLASS_S2,,SP_UI_MP_ROUTE_CLASS_S2_P_RT_MSG,175,/masterplan/master/routeclassification/PopRouteClassificationNew2,view/masterplan/master/routeclassification/PopRouteClassificationNew2.jsx
masterplan,master,PopRouteGroup,N,Y,N,N,,POPUP,popup,,popup_grid,high,Pop* file · grid=1,BaseGrid:1;PopupDialog:1,engine/mp/SRV_UI_MP_23_POP_Q1,,,108,/masterplan/master/jobchangetime/PopRouteGroup,view/masterplan/master/jobchangetime/PopRouteGroup.jsx
masterplan,master,PopRouteGrp,N,Y,N,N,,POPUP,popup,,popup_grid,high,Pop* file · grid=1,BaseGrid:1;PopupDialog:1,engine/mp/SRV_UI_MP_35_POP_Q1,,,114,/masterplan/master/maxopresgrp/PopRouteGrp,view/masterplan/master/maxopresgrp/PopRouteGrp.jsx
masterplan,master,PopRoutingBatchUpdate,N,Y,N,N,,POPUP,popup,,popup_form,high,Pop* file · grid=0,InputField:1;PopupDialog:1,engine/mp/SRV_UI_MP_38_BATCH,,SP_UI_MP_38_BATCH_P_RT_MSG,45,/masterplan/master/routing/PopRoutingBatchUpdate,view/masterplan/master/routing/PopRoutingBatchUpdate.jsx
masterplan,master,PopSiteIncomingCalendarCreate,N,Y,N,N,,POPUP,popup,,popup_form,high,Pop* file · grid=0,TabContainer:1;InputField:11;PopupDialog:1,engine/mp/SRV_UI_MP_LOC_HOLIDAY_BATCH,,SP_UI_MP_LOC_HOLIDAY_BATCH_P_RT_MSG,207,/masterplan/master/siteincomingcalendar/PopSiteIncomingCalendarCreate,view/masterplan/master/siteincomingcalendar/PopSiteIncomingCalendarCreate.jsx
masterplan,master,PopSiteIncomingCalendarNew,N,Y,N,N,,POPUP,popup,,popup_form,high,Pop* file · grid=0,TabContainer:1;InputField:10;PopupDialog:1,engine/mp/SRV_UI_MP_LOC_HOLIDAY_S1,,SP_UI_MP_LOC_HOLIDAY_S1_P_RT_MSG,198,/masterplan/master/siteincomingcalendar/PopSiteIncomingCalendarNew,view/masterplan/master/siteincomingcalendar/PopSiteIncomingCalendarNew.jsx
masterplan,master,PreBuildLimit,N,N,N,N,UI_MP_13,LAYOUT_SINGLE,search_grid,P02_search_grid,,high,SearchArea + 1 BaseGrid,ContentInner:1;SearchArea:1;SearchRow:1;WorkArea:1;BaseGrid:1;GridSaveButton:1;PlanScope:1,engine/mp/SRV_UI_MP_13_Q2;engine/mp/SRV_UI_MP_13_S2,,SP_UI_MP_13_S2_P_RT_MSG,350,/masterplan/master/PreBuildLimit,view/masterplan/master/prebuildlimit/PreBuildLimit.jsx
masterplan,master,ProductMixMax,N,N,N,N,UI_MP_16,LAYOUT_SINGLE,search_tab,P03_search_tabs,tabs=1,high,TabContainer=1,ContentInner:1;SearchArea:1;SearchRow:1;WorkArea:1;BaseGrid:4;TabContainer:1;GridAddRowButton:4;GridDeleteRowButton:4;GridSaveButton:4;GridExcelExportButton:2;InputField:2;PlanScope:1,engine/mp/SRV_UI_MP_16_Q1;engine/mp/SRV_UI_MP_16_S1;engine/mp/SRV_UI_MP_16_Q2;engine/mp/SRV_UI_MP_16_Q3;engine/mp/SRV_UI_MP_16_S2,,SP_UI_MP_16_S1_P_RT_MSG;SP_UI_MP_16_S2_P_RT_MSG,754,/masterplan/master/ProductMixMax,view/masterplan/master/productmixmax/ProductMixMax.jsx
masterplan,master,ProductMixMaxNew1,N,N,N,N,,LAYOUT_SINGLE,free_form,,,low,no recognized grid/chart/split components,InputField:4;PopupDialog:1,engine/mp/SRV_UI_MP_16_S1,,SP_UI_MP_16_S1_P_RT_MSG,90,/masterplan/master/productmixmax/ProductMixMaxNew1,view/masterplan/master/productmixmax/ProductMixMaxNew1.jsx
masterplan,master,ProductMixMin,N,N,N,N,UI_MP_15,LAYOUT_SINGLE,search_tab,P03_search_tabs,tabs=1,high,TabContainer=1,ContentInner:1;SearchArea:1;SearchRow:1;WorkArea:1;BaseGrid:3;TabContainer:1;GridAddRowButton:3;GridDeleteRowButton:3;GridSaveButton:3;GridExcelExportButton:3;InputField:3;PlanScope:1,engine/mp/SRV_GET_COMBO_LIST;engine/mp/SRV_UI_MP_15_Q1;engine/mp/SRV_UI_MP_15_D1;engine/mp/SRV_UI_MP_15_S1,,SP_UI_MP_15_D1_P_RT_MSG;SP_UI_MP_15_S1_P_RT_MSG,907,/masterplan/master/ProductMixMin,view/masterplan/master/productmixmin/ProductMixMin.jsx
masterplan,master,Resource,N,N,N,N,UI_MP_06,LAYOUT_SINGLE,search_tab,P03_search_tabs,tabs=2,high,TabContainer=2,ContentInner:1;SearchArea:1;SearchRow:1;WorkArea:1;BaseGrid:4;TabContainer:2;GridAddRowButton:4;GridDeleteRowButton:4;GridSaveButton:4;GridExcelExportButton:2;PlanScope:1,engine/mp/SRV_UI_MP_06_Q1;engine/mp/SRV_UI_MP_06_S1;engine/mp/SRV_UI_MP_06_S8;engine/mp/SRV_UI_MP_06_Q3;engine/mp/SRV_UI_MP_06_S2;engine/mp/SRV_UI_MP_06_Q6;engine/mp/SRV_UI_MP_06_POP_S1;engine/mp/SRV_UI_MP_06_S7;engine/mp/SRV_UI_MP_06_Q4;engine/mp/SRV_UI_MP_06_S3,,SP_UI_MP_06_S1_P_RT_MSG;SP_UI_MP_06_S8_P_RT_MSG;SP_UI_MP_06_S2_P_RT_MSG;SP_UI_MP_06_POP_S1_P_RT_MSG;SP_UI_MP_06_S3_P_RT_MSG,1078,/masterplan/master/Resource,view/masterplan/master/resource/Resource.jsx
masterplan,master,RouteClassification,N,N,N,N,UI_MP_ROUTE_CLASSIFICATION,LAYOUT_ROUTELAYOUT,rl_layout_design,rl_layout,,mid,route keyword · flo=0,ContentInner:1;SearchArea:1;SearchRow:1;WorkArea:1;BaseGrid:2;GridAddRowButton:2;GridDeleteRowButton:2;GridSaveButton:2;GridExcelExportButton:1;InputField:2;PlanScope:1,engine/mp/SRV_UI_MP_ROUTE_CLASS_POP_01_Q;engine/mp/SRV_UI_MP_ROUTE_CLASS_Q1;engine/mp/SRV_UI_MP_ROUTE_CLASS_S1;engine/mp/SRV_UI_MP_ROUTE_CLASS_D1;engine/mp/SRV_UI_MP_ROUTE_CLASS_Q2;engine/mp/SRV_UI_MP_ROUTE_CLASS_S3;engine/mp/SRV_UI_MP_ROUTE_CLASS_BATCH,,SP_UI_MP_ROUTE_CLASS_S1_P_RT_MSG;SP_UI_MP_ROUTE_CLASS_D1_P_RT_MSG;SP_UI_MP_ROUTE_CLASS_S3_P_RT_MSG;SP_UI_MP_ROUTE_CLASS_BATCH_P_RT_MSG,685,/masterplan/master/RouteClassification,view/masterplan/master/routeclassification/RouteClassification.jsx
masterplan,master,Routing,N,N,N,N,UI_MP_38,LAYOUT_SINGLE,search_tab,P03_search_tabs,tabs=1,high,TabContainer=1,ContentInner:1;SearchArea:1;SearchRow:1;WorkArea:1;BaseGrid:2;TabContainer:1;GridAddRowButton:1;GridDeleteRowButton:1;GridSaveButton:2;GridExcelExportButton:2;PlanScope:1,engine/mp/SRV_UI_MP_38_Q2;engine/mp/SRV_UI_MP_38_S2;engine/mp/SRV_UI_MP_38_Q1;engine/mp/SRV_UI_MP_38_S1,,SP_UI_MP_38_S2_P_RT_MSG;SP_UI_MP_38_S1_P_RT_MSG,549,/masterplan/master/Routing,view/masterplan/master/routing/Routing.jsx
masterplan,master,SiteIncomingCalendar,N,N,N,N,UI_MP_LOC_HOLIDAY,LAYOUT_SINGLE,search_grid,P02_search_grid,,high,SearchArea + 1 BaseGrid,ContentInner:1;SearchArea:1;SearchRow:1;WorkArea:1;BaseGrid:1;GridAddRowButton:1;GridDeleteRowButton:1;GridSaveButton:1;GridExcelExportButton:1;PlanScope:1,engine/mp/SRV_UI_MP_LOC_HOLIDAY_Q1;engine/mp/SRV_UI_MP_LOC_HOLIDAY_S1;engine/mp/SRV_UI_MP_LOC_HOLIDAY_D1,,SP_UI_MP_LOC_HOLIDAY_S1_P_RT_MSG,363,/masterplan/master/SiteIncomingCalendar,view/masterplan/master/siteincomingcalendar/SiteIncomingCalendar.jsx
masterplan,master,Validation,N,N,N,N,UI_MP_VALIDATION,LAYOUT_SINGLE,P02b_grid_only,,,mid,1 BaseGrid no SearchArea,ContentInner:1;WorkArea:1;BaseGrid:1;PlanScope:1,engine/mp/SRV_UI_MP_VALIDATION_Q2;engine/mp/SRV_UI_MP_VALIDATION_Q1;engine/mp/SRV_UI_MP_VALIDATION_BATCH,,SP_UI_MP_VALIDATION_BATCH_P_RT_MSG,367,/masterplan/master/Validation,view/masterplan/master/validation/Validation.jsx
masterplan,master,ValidationAccordion,N,N,N,N,,LAYOUT_SINGLE,free_form,,,low,no recognized grid/chart/split components,,,,,69,/masterplan/master/validation/ValidationAccordion,view/masterplan/master/validation/ValidationAccordion.jsx
masterplan,master,WarehouseStock,N,N,N,N,,LAYOUT_SINGLE,free_form,,,low,no recognized grid/chart/split components,,,,,11,/masterplan/master/WarehouseStock,view/masterplan/master/warehousestock/WarehouseStock.jsx
masterplan,master,Wip,N,N,N,N,UI_MP_02,LAYOUT_SINGLE,search_grid,P02_search_grid,,high,SearchArea + 1 BaseGrid,ContentInner:1;SearchArea:1;SearchRow:1;WorkArea:1;BaseGrid:1;GridSaveButton:1;GridExcelExportButton:1;InputField:1;PlanScope:1,engine/mp/SRV_GET_CUTOFF_DATE_LIST;engine/mp/SRV_UI_MP_02_Q1;engine/mp/SRV_UI_MP_02_S1,,SP_UI_MP_02_S1_P_RT_MSG,471,/masterplan/master/Wip,view/masterplan/master/wip/Wip.jsx
masterplan,planningsimulation,AllocationRulePartialPlan,N,N,N,N,,LAYOUT_SINGLE,free_form,,,low,no recognized grid/chart/split components,InputField:2,engine/mp/SRV_UI_CM_15_Q3;engine/mp/SRV_UI_CM_15_S2,,SP_UI_CM_15_S2_P_RT_MSG,179,/masterplan/planningsimulation/planpolicy/AllocationRulePartialPlan,view/masterplan/planningsimulation/planpolicy/AllocationRulePartialPlan.jsx
masterplan,planningsimulation,AllocationRuleResource,N,N,N,N,,LAYOUT_SINGLE,P02b_grid_only,,,mid,1 BaseGrid no SearchArea,BaseGrid:1;InputField:2,engine/mp/SRV_UI_CM_15_Q3;engine/mp/SRV_UI_CM_15_S2;engine/mp/SRV_UI_CM_15_Q6;engine/mp/SRV_UI_CM_15_S3,,SP_UI_CM_15_S3_P_RT_MSG,282,/masterplan/planningsimulation/planpolicy/AllocationRuleResource,view/masterplan/planningsimulation/planpolicy/AllocationRuleResource.jsx
masterplan,planningsimulation,AllocationRuleSite,N,N,N,N,,LAYOUT_SINGLE,free_form,,,low,no recognized grid/chart/split components,InputField:4,engine/mp/SRV_UI_CM_15_Q3;engine/mp/SRV_UI_CM_15_S2,,SP_UI_CM_15_S2_P_RT_MSG,250,/masterplan/planningsimulation/planpolicy/AllocationRuleSite,view/masterplan/planningsimulation/planpolicy/AllocationRuleSite.jsx
masterplan,planningsimulation,ConfirmedPlanningLevel,N,N,N,N,,LAYOUT_SINGLE,P02b_grid_only,,,mid,1 BaseGrid no SearchArea,BaseGrid:1,engine/mp/SRV_UI_CM_15_Q3;engine/mp/SRV_UI_CM_15_Q7;engine/mp/SRV_UI_CM_15_S2;engine/mp/SRV_UI_CM_15_S3;engine/mp/SRV_UI_CM_15_S4,,SP_UI_CM_15_S3_P_RT_MSG,320,/masterplan/planningsimulation/planpolicy/ConfirmedPlanningLevel,view/masterplan/planningsimulation/planpolicy/ConfirmedPlanningLevel.jsx
masterplan,planningsimulation,DemandDistribution,N,N,N,N,UI_MP_44,LAYOUT_V2,grid_chart_stacked,v2_chart_grid,,mid,Chart=1 Grid=1,ContentInner:1;SearchArea:1;SearchRow:1;WorkArea:1;BaseGrid:1;ChartComponent:1;GridExcelExportButton:1;InputField:2;PlanScope:1,engine/mp/SRV_UI_MP_19_Q4;engine/mp/SRV_SP_UI_MP_19_Q10,,,559,/masterplan/planningsimulation/DemandDistribution,view/masterplan/planningsimulation/demanddistribution/DemandDistribution.jsx
masterplan,planningsimulation,DemandFacingLevel,N,N,N,N,,LAYOUT_SINGLE,free_form,,,low,no recognized grid/chart/split components,InputField:7,engine/mp/SRV_UI_CM_15_Q8;engine/mp/SRV_UI_CM_15_Q9;engine/mp/SRV_UI_CM_15_Q3;engine/mp/SRV_UI_CM_15_S2,,SP_UI_CM_15_S2_P_RT_MSG,389,/masterplan/planningsimulation/planpolicy/DemandFacingLevel,view/masterplan/planningsimulation/planpolicy/DemandFacingLevel.jsx
masterplan,planningsimulation,DemandOverview,N,N,N,N,UI_MP_19,LAYOUT_SINGLE,search_tab,P03_search_tabs,tabs=1,high,TabContainer=1,ContentInner:1;SearchArea:1;SearchRow:1;WorkArea:1;BaseGrid:7;TabContainer:1;GridAddRowButton:1;GridSaveButton:7;GridExcelExportButton:7;InputField:3;PlanScope:1,engine/mp/SRV_UI_MP_19_Q4;engine/mp/SRV_SP_UI_MP_19_Q1;engine/mp/SRV_SP_UI_MP_19_S1;engine/mp/SRV_SP_UI_MP_19_Q12;engine/mp/SRV_SP_UI_MP_19_S5;engine/mp/SRV_SP_UI_MP_19_Q13;engine/mp/SRV_UI_MP_19_S7;engine/mp/SRV_UI_MP_19_Q2;engine/mp/SRV_UI_MP_19_S2;engine/mp/SRV_UI_MP_19_Q14;engine/mp/SRV_UI_MP_19_S8;engine/mp/SRV_UI_MP_19_Q3;engine/mp/SRV_UI_MP_19_S3;engine/mp/SRV_UI_MP_19_Q8;engine/mp/SRV_UI_MP_19_POP_S6,,SP_UI_MP_19_S1_P_RT_MSG;SP_UI_MP_19_S5_P_RT_MSG;SP_UI_MP_19_S7_P_RT_MSG;SP_UI_MP_19_S2_P_RT_MSG;SP_UI_MP_19_S8_P_RT_MSG;SP_UI_MP_19_S3_P_RT_MSG;SP_UI_MP_19_POP_S6_P_RT_MSG,1582,/masterplan/planningsimulation/DemandOverview,view/masterplan/planningsimulation/demandoverview/DemandOverview.jsx
masterplan,planningsimulation,General,N,N,N,N,,LAYOUT_SINGLE,free_form,,,low,no recognized grid/chart/split components,InputField:1,engine/mp/SRV_UI_CM_15_Q3;engine/mp/SRV_UI_CM_15_S2,,SP_UI_CM_15_S2_P_RT_MSG,266,/masterplan/planningsimulation/planpolicy/General,view/masterplan/planningsimulation/planpolicy/General.jsx
masterplan,planningsimulation,InFinitePlanningLevel,N,N,N,N,,LAYOUT_SINGLE,P02b_grid_only,,,mid,1 BaseGrid no SearchArea,BaseGrid:1,engine/mp/SRV_UI_CM_15_Q3;engine/mp/SRV_UI_CM_15_Q7;engine/mp/SRV_UI_CM_15_S2;engine/mp/SRV_UI_CM_15_S3;engine/mp/SRV_UI_CM_15_S4,,SP_UI_CM_15_S3_P_RT_MSG,317,/masterplan/planningsimulation/planpolicy/InFinitePlanningLevel,view/masterplan/planningsimulation/planpolicy/InFinitePlanningLevel.jsx
masterplan,planningsimulation,MPSimulation,N,N,N,N,UI_MP_21,LAYOUT_V2,v2_dual_grid,,,mid,2 BaseGrid no SplitPanel,ContentInner:1;SearchArea:1;SearchRow:1;WorkArea:1;BaseGrid:2;InputField:5;PlanScope:1,common/json-save;engine/mp/SRV_UI_CM_17_Q1;engine/mp/SRV_COMM_SRH_DMND_VER;engine/mp/SRV_UI_CM_17_Q8;engine/mp/SRV_UI_CM_17_Q2;engine/mp/SRV_UI_CM_17_Q7;engine/mp/SRV_MP_NEW_VERSION;engine/mp/SRV_UI_CM_17_S1,,SP_UI_CM_17_S1_P_RT_MSG,1060,/masterplan/planningsimulation/MPSimulation,view/masterplan/planningsimulation/mpsimulation/MPSimulation.jsx
masterplan,planningsimulation,PlannedOrder,N,N,N,N,,LAYOUT_SINGLE,search_grid,P02_search_grid,,high,SearchArea + 1 BaseGrid,ContentInner:1;SearchArea:1;SearchRow:1;WorkArea:1;BaseGrid:1;GridExcelExportButton:1;InputField:2;PlanScope:1,engine/mp/SRV_UI_MP_PLANNEDORDER_Q1,,,285,/masterplan/planningsimulation/PlannedOrder,view/masterplan/planningsimulation/plannedorder/PlannedOrder.jsx
masterplan,planningsimulation,PlanningMethod,N,N,N,N,,LAYOUT_SINGLE,free_form,,,low,no recognized grid/chart/split components,InputField:2,engine/mp/SRV_UI_CM_15_Q3;engine/mp/SRV_UI_CM_15_S2,,SP_UI_CM_15_S2_P_RT_MSG,364,/masterplan/planningsimulation/planpolicy/PlanningMethod,view/masterplan/planningsimulation/planpolicy/PlanningMethod.jsx
masterplan,planningsimulation,PlanOption,N,N,N,N,,LAYOUT_SINGLE,free_form,,,low,no recognized grid/chart/split components,InputField:14,engine/mp/SRV_UI_CM_15_Q9;engine/mp/SRV_UI_CM_15_Q3;engine/mp/SRV_UI_CM_15_S2,,SP_UI_CM_15_S2_P_RT_MSG,569,/masterplan/planningsimulation/planpolicy/PlanOption,view/masterplan/planningsimulation/planpolicy/PlanOption.jsx
masterplan,planningsimulation,PlanPolicy,N,N,N,N,UI_MP_20,LAYOUT_SINGLE,free_form,,,low,no recognized grid/chart/split components,ContentInner:1;SearchArea:1;SearchRow:1;InputField:2;PlanScope:1,engine/mp/SRV_UI_CM_15_Q4;engine/mp/SRV_UI_CM_15_Q2;engine/mp/SRV_UI_CM_15_Q1;engine/mp/SRV_UI_CM_15_S5,,SP_UI_CM_15_S5_P_RT_MSG,504,/masterplan/planningsimulation/PlanPolicy,view/masterplan/planningsimulation/planpolicy/PlanPolicy.jsx
masterplan,planningsimulation,PlanPolicyCoverage,N,N,N,N,,LAYOUT_SINGLE,free_form,,,low,no recognized grid/chart/split components,InputField:7,engine/mp/SRV_UI_CM_15_Q9;engine/mp/SRV_UI_CM_15_Q3;engine/mp/SRV_UI_CM_15_S2,,SP_UI_CM_15_S2_P_RT_MSG,309,/masterplan/planningsimulation/planpolicy/PlanPolicyCoverage,view/masterplan/planningsimulation/planpolicy/PlanPolicyCoverage.jsx
masterplan,planningsimulation,PlanPriority,N,N,N,N,,LAYOUT_SINGLE,free_form,,,low,no recognized grid/chart/split components,,engine/mp/SRV_UI_CM_15_Q5;engine/mp/SRV_UI_CM_15_S3,,SP_UI_CM_15_S3_P_RT_MSG,432,/masterplan/planningsimulation/planpolicy/PlanPriority,view/masterplan/planningsimulation/planpolicy/PlanPriority.jsx
masterplan,planningsimulation,PlanScenario,N,N,N,N,UI_MP_43,LAYOUT_SINGLE,free_form,,,low,no recognized grid/chart/split components,,,,,11,/masterplan/planningsimulation/PlanScenario,view/masterplan/planningsimulation/planscenario/PlanScenario.jsx
masterplan,planningsimulation,PopDemandOverview,N,Y,N,N,,POPUP,popup,,popup_grid,high,Pop* file · grid=6,BaseGrid:6;TabContainer:1;GridAddRowButton:6;GridDeleteRowButton:6;InputField:26;PopupDialog:1,engine/mp/SRV_UI_MP_19_Q9;engine/mp/SRV_SP_UI_MP_19_POP_Q3;engine/mp/SRV_UI_MP_19_POP_Q10;engine/mp/SRV_UI_MP_19_POP_Q1;engine/mp/SRV_UI_MP_19_POP_Q12;engine/mp/SRV_UI_MP_19_POP_Q2;engine/mp/SRV_UI_MP_19_POP_Q9;engine/mp/SRV_SP_UI_MP_19_S4;engine/mp/SRV_SP_UI_MP_19_S6;engine/mp/SRV_UI_MP_19_S7;engine/mp/SRV_UI_MP_19_POP_S1;engine/mp/SRV_UI_MP_19_POP_S9;engine/mp/SRV_UI_MP_19_POP_S3;engine/mp/SRV_UI_MP_19_POP_S6;engine/mp/SRV_UI_MP_19_POP_S5;engine/mp/SRV_UI_MP_19_POP_S8;engine/mp/SRV_UI_MP_19_POP_S2;engine/mp/SRV_UI_MP_19_POP_S10;engine/mp/SRV_UI_MP_19_POP_S4;engine/mp/SRV_UI_MP_19_POP_S7,,SP_UI_MP_19_S4_P_RT_MSG;SP_UI_MP_19_POP_S5_P_RT_MSG;SP_UI_MP_19_POP_S8_P_RT_MSG;SP_UI_MP_19_POP_S2_P_RT_MSG;SP_UI_MP_19_POP_S10_P_RT_MSG;SP_UI_MP_19_POP_S4_P_RT_MSG;SP_UI_MP_19_POP_S7_P_RT_MSG,1705,/masterplan/planningsimulation/demandoverview/PopDemandOverview,view/masterplan/planningsimulation/demandoverview/PopDemandOverview.jsx
masterplan,planningsimulation,PopDemandOverviewBatchUpdate,N,Y,N,N,,POPUP,popup,,popup_form,high,Pop* file · grid=0,InputField:1;PopupDialog:1,engine/mp/SRV_UI_MP_19_BATCH,,SP_UI_MP_19_BATCH_P_RT_MSG,56,/masterplan/planningsimulation/demandoverview/PopDemandOverviewBatchUpdate,view/masterplan/planningsimulation/demandoverview/PopDemandOverviewBatchUpdate.jsx
masterplan,planningsimulation,PopLocation,N,Y,N,N,,POPUP,popup,,popup_grid,high,Pop* file · grid=1,BaseGrid:1;PopupDialog:1,engine/mp/SRV_UI_MP_19_POP_Q5,,,104,/masterplan/planningsimulation/demandoverview/PopLocation,view/masterplan/planningsimulation/demandoverview/PopLocation.jsx
masterplan,planningsimulation,PopMPSimulation,N,Y,N,N,,POPUP,popup,,popup_form,high,Pop* file · grid=0,InputField:12;PopupDialog:1,engine/mp/SRV_UI_CM_17_S2;engine/mp/SRV_UI_CM_17_Q3;engine/mp/SRV_UI_CM_17_S4;engine/mp/,,,296,/masterplan/planningsimulation/mpsimulation/PopMPSimulation,view/masterplan/planningsimulation/mpsimulation/PopMPSimulation.jsx
masterplan,planningsimulation,PopNewPlanPolicyVersion,N,Y,N,N,,POPUP,popup,,popup_form,high,Pop* file · grid=0,InputField:5;PopupDialog:1,engine/mp/SRV_UI_CM_15_S1,,SP_UI_CM_15_S1_P_RT_MSG,85,/masterplan/planningsimulation/planpolicy/PopNewPlanPolicyVersion,view/masterplan/planningsimulation/planpolicy/PopNewPlanPolicyVersion.jsx
masterplan,planningsimulation,PopOrderBomRate,N,Y,N,N,,POPUP,popup,,popup_grid,high,Pop* file · grid=2,BaseGrid:2;PopupDialog:1,engine/mp/SRV_UI_MP_19_POP_Q6;engine/mp/SRV_UI_MP_19_POP_Q8,,,169,/masterplan/planningsimulation/demandoverview/PopOrderBomRate,view/masterplan/planningsimulation/demandoverview/PopOrderBomRate.jsx
masterplan,planningsimulation,PopPlanPolicyVersion,N,Y,N,N,,POPUP,popup,,popup_grid,high,Pop* file · grid=1,BaseGrid:1;PopupDialog:1,engine/mp/SRV_UI_CM_15_Q2,,,108,/masterplan/planningsimulation/planpolicy/PopPlanPolicyVersion,view/masterplan/planningsimulation/planpolicy/PopPlanPolicyVersion.jsx
masterplan,planningsimulation,PopPlanProblem,N,Y,N,N,,POPUP,popup,,popup_grid,high,Pop* file · grid=1,BaseGrid:1;GridExcelExportButton:1;PopupDialog:1,engine/mp/GetPlanProblem,,,104,/masterplan/planningsimulation/problemanalysis/PopPlanProblem,view/masterplan/planningsimulation/problemanalysis/PopPlanProblem.jsx
masterplan,planningsimulation,PopResource,N,Y,N,N,,POPUP,popup,,popup_grid,high,Pop* file · grid=1,BaseGrid:1;PopupDialog:1,engine/mp/SRV_UI_MP_19_POP_Q7,,,92,/masterplan/planningsimulation/demandoverview/PopResource,view/masterplan/planningsimulation/demandoverview/PopResource.jsx
masterplan,planningsimulation,PopRoute,N,Y,N,N,,POPUP,popup,,popup_grid,high,Pop* file · grid=1,BaseGrid:1;PopupDialog:1,engine/mp/SRV_UI_MP_19_POP_Q13,,,92,/masterplan/planningsimulation/demandoverview/PopRoute,view/masterplan/planningsimulation/demandoverview/PopRoute.jsx
masterplan,planningsimulation,PopSelectLocation,N,Y,N,N,,POPUP,popup,,popup_grid,high,Pop* file · grid=1,BaseGrid:1;PopupDialog:1,engine/mp/SRV_UI_CM_15_Q8,,,72,/masterplan/planningsimulation/planpolicy/PopSelectLocation,view/masterplan/planningsimulation/planpolicy/PopSelectLocation.jsx
masterplan,planningsimulation,PopStock,N,Y,N,N,,POPUP,popup,,popup_grid,high,Pop* file · grid=1,BaseGrid:1;PopupDialog:1,engine/mp/SRV_SP_UI_MP_19_POP_Q4,,,99,/masterplan/planningsimulation/demandoverview/PopStock,view/masterplan/planningsimulation/demandoverview/PopStock.jsx
masterplan,planningsimulation,PopUiLinkSetting,N,Y,N,N,,POPUP,popup,,popup_grid,high,Pop* file · grid=1,BaseGrid:1;GridSaveButton:1;PopupDialog:1,engine/mp/SRV_UI_CM_16_Q2;engine/mp/SRV_UI_CM_01_POP_01_Q;engine/mp/SRV_UI_UI_LINK_S1,,SP_UI_UI_LINK_S1_P_RT_MSG,239,/masterplan/planningsimulation/shortlatereason/PopUiLinkSetting,view/masterplan/planningsimulation/shortlatereason/PopUiLinkSetting.jsx
masterplan,planningsimulation,PopWip,N,Y,N,N,,POPUP,popup,,popup_grid,high,Pop* file · grid=1,BaseGrid:1;PopupDialog:1,engine/mp/SRV_UI_MP_19_POP_Q11,,,97,/masterplan/planningsimulation/demandoverview/PopWip,view/masterplan/planningsimulation/demandoverview/PopWip.jsx
masterplan,planningsimulation,ProblemAnalysis,N,N,N,N,UI_MP_34,LAYOUT_SINGLE,search_grid,P02_search_grid,,high,SearchArea + 1 BaseGrid,ContentInner:1;SearchArea:1;SearchRow:1;WorkArea:1;BaseGrid:1;GridExcelExportButton:1;InputField:5;PlanScope:1;PopPersonalize:1,engine/mp/SRV_COMM_DEFAULT_VER;engine/mp/SRV_COMM_DEFAULT_DATE;engine/mp/GetProblemAnalysis,,,414,/masterplan/planningsimulation/ProblemAnalysis,view/masterplan/planningsimulation/problemanalysis/ProblemAnalysis.jsx
masterplan,planningsimulation,ShortLateReason,N,N,N,N,UI_MP_25,LAYOUT_V2,grid_chart_stacked,v2_chart_grid,,mid,Chart=2 Grid=1,ContentInner:1;SearchArea:1;SearchRow:1;WorkArea:1;BaseGrid:1;ChartComponent:2;GridExcelExportButton:1;InputField:6;PlanScope:1,engine/mp/GetPlanProblem;engine/mp/GetProblemSummary,,,744,/masterplan/planningsimulation/ShortLateReason,view/masterplan/planningsimulation/shortlatereason/ShortLateReason.jsx
masterplan,planningsimulation,SubPlanPriority,N,N,N,N,,LAYOUT_SINGLE,P02b_grid_only,,,mid,1 BaseGrid no SearchArea,BaseGrid:1,engine/mp/SRV_UI_CM_15_Q5;engine/mp/SRV_UI_CM_15_S3,,SP_UI_CM_15_S3_P_RT_MSG,166,/masterplan/planningsimulation/planpolicy/SubPlanPriority,view/masterplan/planningsimulation/planpolicy/SubPlanPriority.jsx
masterplan,widgets,AllDemand,Y,N,N,N,,WIDGET,widget_misc,,,high,widget folder · chart=0 grid=0,,common/data,,SP_UI_SA_MP_DASHBOARD,78,/masterplan/widgets/AllDemand,view/masterplan/widgets/alldemand/AllDemand.jsx
masterplan,widgets,AllSupply,Y,N,N,N,,WIDGET,widget_misc,,,high,widget folder · chart=0 grid=0,,common/data,,SP_UI_SA_MP_DASHBOARD,80,/masterplan/widgets/AllSupply,view/masterplan/widgets/allsupply/AllSupply.jsx
masterplan,widgets,Boh,Y,N,N,N,,WIDGET,widget_misc,,,high,widget folder · chart=0 grid=0,,common/data,,SP_UI_SA_MP_DASHBOARD,81,/masterplan/widgets/Boh,view/masterplan/widgets/boh/Boh.jsx
masterplan,widgets,CapacityLoadCondition,Y,N,N,N,,WIDGET,widget_chart,,,high,widget folder · chart=1 grid=0,ChartComponent:1;InputField:2,common/data,,SP_UI_SA_MP_DASHBOARD,399,/masterplan/widgets/CapacityLoadCondition,view/masterplan/widgets/capacityloadcondition/CapacityLoadCondition.jsx
masterplan,widgets,DemandFulfillment,Y,N,N,N,,WIDGET,widget_misc,,,high,widget folder · chart=0 grid=0,,common/data,,SP_UI_SA_MP_DASHBOARD,82,/masterplan/widgets/DemandFulfillment,view/masterplan/widgets/demandfulfillment/DemandFulfillment.jsx
masterplan,widgets,DemandFulfillmentRate,Y,N,N,N,,WIDGET,widget_misc,,,high,widget folder · chart=0 grid=0,,common/data,,SP_UI_SA_MP_DASHBOARD,82,/masterplan/widgets/DemandFulfillmentRate,view/masterplan/widgets/demandfulfillmentrate/DemandFulfillmentRate.jsx
masterplan,widgets,DemandSupplyFulfill,Y,N,N,N,,WIDGET,widget_chart,,,high,widget folder · chart=1 grid=0,ChartComponent:1,common/data,,SP_UI_SA_MP_DASHBOARD,322,/masterplan/widgets/DemandSupplyFulfill,view/masterplan/widgets/demandsupplyfulfill/DemandSupplyFulfill.jsx
masterplan,widgets,LocatInventoryTurnover,Y,N,N,N,,WIDGET,widget_misc,,,high,widget folder · chart=0 grid=0,,,,,59,/masterplan/widgets/LocatInventoryTurnover,view/masterplan/widgets/locatinventoryturnover/LocatInventoryTurnover.jsx
masterplan,widgets,LocatSkuStatus,Y,N,N,N,,WIDGET,widget_grid,,,high,widget folder · chart=0 grid=1,WorkArea:1;BaseGrid:1,,,,127,/masterplan/widgets/LocatSkuStatus,view/masterplan/widgets/locatskustatus/LocatSkuStatus.jsx
masterplan,widgets,LocatSupplyTrend,Y,N,N,N,,WIDGET,widget_chart,,,high,widget folder · chart=1 grid=0,ChartComponent:1,,,,191,/masterplan/widgets/LocatSupplyTrend,view/masterplan/widgets/locatsupplytrend/LocatSupplyTrend.jsx
masterplan,widgets,LocatTotalInventory,Y,N,N,N,,WIDGET,widget_misc,,,high,widget folder · chart=0 grid=0,,,,,59,/masterplan/widgets/LocatTotalInventory,view/masterplan/widgets/locattotalinventory/LocatTotalInventory.jsx
masterplan,widgets,LocatTotalShipment,Y,N,N,N,,WIDGET,widget_misc,,,high,widget folder · chart=0 grid=0,,,,,59,/masterplan/widgets/LocatTotalShipment,view/masterplan/widgets/locattotalshipment/LocatTotalShipment.jsx
masterplan,widgets,LocatTotalSupply,Y,N,N,N,,WIDGET,widget_misc,,,high,widget folder · chart=0 grid=0,,,,,59,/masterplan/widgets/LocatTotalSupply,view/masterplan/widgets/locattotalsupply/LocatTotalSupply.jsx
pages,,Loading,N,N,N,N,,LAYOUT_SINGLE,free_form,,,low,no recognized grid/chart/split components,,,,,21,/pages/Loading,view/pages/Loading.jsx
pages,,Login,N,N,N,N,,LAYOUT_SINGLE,free_form,,,low,no recognized grid/chart/split components,,,,,271,/pages/Login,view/pages/Login.jsx
pages,,NoContent,N,N,N,N,,LAYOUT_SINGLE,free_form,,,low,no recognized grid/chart/split components,,,,,31,/pages/NoContent,view/pages/NoContent.jsx
pages,,Password,N,N,N,N,,LAYOUT_SINGLE,free_form,,,low,no recognized grid/chart/split components,InputField:3,/password-rule;system/users/password/validate;system/users/password/init,,,188,/pages/Password,view/pages/Password.jsx
replenishmentplan,analysisreport,DemandOrderTracking,N,N,N,N,UI_RP_10,LAYOUT_SINGLE,free_form,,,low,no recognized grid/chart/split components,,,,,10,/replenishmentplan/analysisreport/DemandOrderTracking,view/replenishmentplan/analysisreport/demandordertracking/DemandOrderTracking.jsx
replenishmentplan,analysisreport,PoList,N,N,N,N,UI_RP_25,LAYOUT_SINGLE,search_grid,P02_search_grid,,high,SearchArea + 1 BaseGrid,ContentInner:1;SearchArea:1;SearchRow:1;WorkArea:1;BaseGrid:1;GridSaveButton:1;GridExcelExportButton:1;InputField:2;PlanScope:1,engine/mp/SRV_COMM_DEFAULT_VER;engine/mp/GetReplenishmentOrder;engine/mp/SRV_UI_RP_25_S1,,SP_UI_RP_25_S1_P_RT_MSG,423,/replenishmentplan/analysisreport/PoList,view/replenishmentplan/analysisreport/polist/PoList.jsx
replenishmentplan,analysisreport,RpComparative,N,N,N,N,UI_RP_14,LAYOUT_V2,grid_chart_stacked,v2_chart_grid,,mid,Chart=3 Grid=1,ContentInner:1;SearchArea:1;SearchRow:1;WorkArea:1;BaseGrid:1;ChartComponent:3;GridExcelExportButton:1;InputField:6;PlanScope:1,engine/mp/SRV_COMM_DEFAULT_VER;engine/mp/GetRPComparativeAnalysis,,,605,/replenishmentplan/analysisreport/RpComparative,view/replenishmentplan/analysisreport/rpcomparative/RpComparative.jsx
replenishmentplan,analysisreport,RpResult,N,N,N,N,UI_RP_15,LAYOUT_V2,grid_chart_stacked,v2_chart_grid,,mid,Chart=1 Grid=1,ContentInner:1;SearchArea:1;SearchRow:1;WorkArea:1;BaseGrid:1;ChartComponent:1;GridSaveButton:1;GridExcelExportButton:1;InputField:2;PlanScope:1;PopPersonalize:1,engine/mp/GetRPSimulationAnalysis;engine/mp/SRV_UI_CM_17_Q5;engine/mp/SRV_UI_CM_17_Q6;engine/mp/SRV_UI_RP_15_S1,,SP_UI_RP_15_S1_P_RT_MSG,734,/replenishmentplan/analysisreport/RpResult,view/replenishmentplan/analysisreport/rpresult/RpResult.jsx
replenishmentplan,analysisreport,RpSimulationComparison,N,N,N,N,,LAYOUT_SINGLE,free_form,,,low,no recognized grid/chart/split components,ContentInner:1;SearchArea:1;SearchRow:1;WorkArea:1;InputField:4;PlanScope:1;PopKpiWeightConfig:1,engine/mp/SRV_COMM_SRH_VER_Q;engine/mp/SRV_COMM_DEFAULT_VER;engine/mp/SRV_UI_RP_SIMUL_COMPARE;engine/mp/ConfirmPlanRP,,,365,/replenishmentplan/analysisreport/RpSimulationComparison,view/replenishmentplan/analysisreport/rpsimulationcomparison/RpSimulationComparison.jsx
replenishmentplan,master,InTransitStock,N,N,N,N,,LAYOUT_SINGLE,free_form,,,low,no recognized grid/chart/split components,,,,,10,/replenishmentplan/master/InTransitStock,view/replenishmentplan/master/intransitstock/InTransitStock.jsx
replenishmentplan,master,OrderCycleCalendar,N,N,N,N,UI_RP_04,LAYOUT_SINGLE,search_grid,P02_search_grid,,high,SearchArea + 1 BaseGrid,ContentInner:1;SearchArea:1;WorkArea:1;BaseGrid:1;GridAddRowButton:1;GridDeleteRowButton:1;GridSaveButton:1;GridExcelExportButton:1;PlanScope:1,engine/mp/SRV_UI_IM_06_Q1;engine/mp/SRV_UI_IM_06_S1,,SP_UI_IM_06_S1_P_RT_MSG,340,/replenishmentplan/master/OrderCycleCalendar,view/replenishmentplan/master/ordercyclecalendar/OrderCycleCalendar.jsx
replenishmentplan,master,PopExceptionSchedule,N,Y,N,N,,POPUP,popup,,popup_grid,high,Pop* file · grid=1,BaseGrid:1;GridAddRowButton:1;GridDeleteRowButton:1;PopupDialog:1,engine/mp/SRV_UI_IM_06_Q4;engine/mp/SRV_UI_IM_06_S2,,SP_UI_IM_06_S2_P_RT_MSG,201,/replenishmentplan/master/ordercyclecalendar/PopExceptionSchedule,view/replenishmentplan/master/ordercyclecalendar/PopExceptionSchedule.jsx
replenishmentplan,master,PopMonthlyExceptionSchedule,N,Y,N,N,,POPUP,popup,,popup_grid,high,Pop* file · grid=1,BaseGrid:1;GridAddRowButton:1;GridDeleteRowButton:1;PopupDialog:1,engine/mp/SRV_UI_IM_06_Q4;engine/mp/SRV_UI_IM_06_S2,,SP_UI_IM_06_S2_P_RT_MSG,194,/replenishmentplan/master/ordercyclecalendar/PopMonthlyExceptionSchedule,view/replenishmentplan/master/ordercyclecalendar/PopMonthlyExceptionSchedule.jsx
replenishmentplan,master,PopOrderCycleCalendar,N,Y,N,N,,POPUP,popup,,popup_grid,high,Pop* file · grid=1,BaseGrid:1;InputField:8;PopupDialog:1,engine/mp/SRV_UI_IM_06_Q2;engine/mp/SRV_UI_IM_06_Q3;engine/mp/SRV_UI_IM_06_S1,,SP_UI_IM_06_S1_P_RT_MSG,216,/replenishmentplan/master/ordercyclecalendar/PopOrderCycleCalendar,view/replenishmentplan/master/ordercyclecalendar/PopOrderCycleCalendar.jsx
replenishmentplan,master,PopOrderCycleCalendarNew,N,Y,N,N,,POPUP,popup,,popup_grid,high,Pop* file · grid=1,BaseGrid:1;TabContainer:1;InputField:4;PopupDialog:1,engine/mp/SRV_UI_IM_06_Q3;engine/mp/SRV_UI_IM_06_S1,,SP_UI_IM_06_S1_P_RT_MSG,218,/replenishmentplan/master/ordercyclecalendar/PopOrderCycleCalendarNew,view/replenishmentplan/master/ordercyclecalendar/PopOrderCycleCalendarNew.jsx
replenishmentplan,master,PopReplenishmentPolicyBatchUpdate,N,Y,N,N,,POPUP,popup,,popup_form,high,Pop* file · grid=0,InputField:2;PopupDialog:1,engine/mp/SRV_UI_RP_POLICY_BATCH_UPDATE,,SP_UI_RP_REPLSH_STRATEGY_BATCH_UPDATE_P_RT_MSG,103,/replenishmentplan/master/replenishmentpolicy/PopReplenishmentPolicyBatchUpdate,view/replenishmentplan/master/replenishmentpolicy/PopReplenishmentPolicyBatchUpdate.jsx
replenishmentplan,master,PopReplenishmentPolicyCreate,N,Y,N,N,,POPUP,popup,,popup_form,high,Pop* file · grid=0,InputField:1;PopupDialog:1,engine/mp/SRV_UI_RP_POLICY_BATCH_CREATE,,SP_UI_RP_REPLSH_STRATEGY_BATCH_P_RT_MSG,66,/replenishmentplan/master/replenishmentpolicy/PopReplenishmentPolicyCreate,view/replenishmentplan/master/replenishmentpolicy/PopReplenishmentPolicyCreate.jsx
replenishmentplan,master,PopWarehouseStock,N,Y,N,N,,POPUP,popup,,popup_grid,high,Pop* file · grid=1,BaseGrid:1;PopupDialog:1,engine/mp/SRV_UI_IM_12_Q2,,,123,/replenishmentplan/master/warehousestock/PopWarehouseStock,view/replenishmentplan/master/warehousestock/PopWarehouseStock.jsx
replenishmentplan,master,ReplenishmentPolicy,N,N,N,N,UI_RP_POLICY,LAYOUT_SINGLE,search_grid,P02_search_grid,,high,SearchArea + 1 BaseGrid,ContentInner:1;SearchArea:1;SearchRow:1;WorkArea:1;BaseGrid:1;GridSaveButton:1;GridExcelExportButton:1;InputField:1;PlanScope:1,engine/mp/SRV_UI_IM_TARGET_INV_VER_Q1;engine/mp/SRV_UI_RP_POLICY_Q1;common/json-save,,SP_UI_RP_REPLENISHMENT_POLICY_SAVE;SP_UI_RP_REPLENISHMENT_POLICY_SAVE_P_RT_MSG,434,/replenishmentplan/master/ReplenishmentPolicy,view/replenishmentplan/master/replenishmentpolicy/ReplenishmentPolicy.jsx
replenishmentplan,master,RpTarget,N,N,N,N,UI_RP_01,LAYOUT_SINGLE,search_grid,P02_search_grid,,high,SearchArea + 1 BaseGrid,ContentInner:1;SearchArea:1;SearchRow:1;WorkArea:1;BaseGrid:1;GridSaveButton:1;GridExcelExportButton:1;PlanScope:1,engine/mp/SRV_UI_IM_04_Q1;engine/mp/SRV_UI_IM_04_S1,,SP_UI_IM_04_S1_P_RT_MSG,384,/replenishmentplan/master/RpTarget,view/replenishmentplan/master/rptarget/RpTarget.jsx
replenishmentplan,master,WarehouseStock,N,N,N,N,,LAYOUT_SINGLE,free_form,,,low,no recognized grid/chart/split components,,,,,10,/replenishmentplan/master/WarehouseStock,view/replenishmentplan/master/warehousestock/WarehouseStock.jsx
replenishmentplan,planningsimulation,AllocationRulePartialPlan,N,N,N,N,,LAYOUT_SINGLE,free_form,,,low,no recognized grid/chart/split components,InputField:2,engine/mp/SRV_UI_CM_15_Q3;engine/mp/SRV_UI_CM_15_S2,,SP_UI_CM_15_S2_P_RT_MSG,172,/replenishmentplan/planningsimulation/planpolicy/AllocationRulePartialPlan,view/replenishmentplan/planningsimulation/planpolicy/AllocationRulePartialPlan.jsx
replenishmentplan,planningsimulation,DemandDistribution,N,N,N,N,UI_RP_30,LAYOUT_SINGLE,free_form,,,low,no recognized grid/chart/split components,,,,,11,/replenishmentplan/planningsimulation/DemandDistribution,view/replenishmentplan/planningsimulation/demanddistribution/DemandDistribution.jsx
replenishmentplan,planningsimulation,DemandOverview,N,N,N,N,UI_RP_07,LAYOUT_SINGLE,free_form,,,low,no recognized grid/chart/split components,,,,,11,/replenishmentplan/planningsimulation/DemandOverview,view/replenishmentplan/planningsimulation/demandoverview/DemandOverview.jsx
replenishmentplan,planningsimulation,General,N,N,N,N,,LAYOUT_SINGLE,free_form,,,low,no recognized grid/chart/split components,InputField:1,engine/mp/SRV_UI_CM_15_Q3;engine/mp/SRV_UI_CM_15_S2,,SP_UI_CM_15_S2_P_RT_MSG,259,/replenishmentplan/planningsimulation/planpolicy/General,view/replenishmentplan/planningsimulation/planpolicy/General.jsx
replenishmentplan,planningsimulation,InFinitePlanningLevel,N,N,N,N,,LAYOUT_SINGLE,P02b_grid_only,,,mid,1 BaseGrid no SearchArea,BaseGrid:1;GridAddRowButton:1;GridDeleteRowButton:1;PopLocatTp:1,engine/mp/SRV_UI_CM_15_Q11;engine/mp/SRV_UI_CM_15_Q10;engine/mp/SRV_UI_CM_15_S3;engine/mp/SRV_UI_CM_15_S4;engine/mp/SRV_UI_CM_15_S7,,SP_UI_CM_15_S3_P_RT_MSG;SP_UI_CM_15_S7_P_RT_MSG,311,/replenishmentplan/planningsimulation/planpolicy/InFinitePlanningLevel,view/replenishmentplan/planningsimulation/planpolicy/InFinitePlanningLevel.jsx
replenishmentplan,planningsimulation,PlanningMethod,N,N,N,N,,LAYOUT_SINGLE,free_form,,,low,no recognized grid/chart/split components,InputField:1,engine/mp/SRV_UI_CM_15_Q3;engine/mp/SRV_UI_CM_15_S2,,SP_UI_CM_15_S2_P_RT_MSG,242,/replenishmentplan/planningsimulation/planpolicy/PlanningMethod,view/replenishmentplan/planningsimulation/planpolicy/PlanningMethod.jsx
replenishmentplan,planningsimulation,PlanOption,N,N,N,N,,LAYOUT_SINGLE,free_form,,,low,no recognized grid/chart/split components,InputField:5,engine/mp/SRV_UI_CM_15_Q9;engine/mp/SRV_UI_CM_15_Q3;engine/mp/SRV_UI_CM_15_S2,,SP_UI_CM_15_S2_P_RT_MSG,323,/replenishmentplan/planningsimulation/planpolicy/PlanOption,view/replenishmentplan/planningsimulation/planpolicy/PlanOption.jsx
replenishmentplan,planningsimulation,PlanPolicy,N,N,N,N,UI_RP_08,LAYOUT_SINGLE,free_form,,,low,no recognized grid/chart/split components,ContentInner:1;SearchArea:1;SearchRow:1;InputField:2;PlanScope:1,engine/mp/SRV_UI_CM_15_Q4;engine/mp/SRV_UI_CM_15_Q2;engine/mp/SRV_UI_CM_15_Q1;engine/mp/SRV_UI_CM_15_S5,,SP_UI_CM_15_S5_P_RT_MSG,447,/replenishmentplan/planningsimulation/PlanPolicy,view/replenishmentplan/planningsimulation/planpolicy/PlanPolicy.jsx
replenishmentplan,planningsimulation,PlanPriority,N,N,N,N,,LAYOUT_SINGLE,free_form,,,low,no recognized grid/chart/split components,,engine/mp/SRV_UI_CM_15_Q5;engine/mp/SRV_UI_CM_15_S3,,SP_UI_CM_15_S3_P_RT_MSG,432,/replenishmentplan/planningsimulation/planpolicy/PlanPriority,view/replenishmentplan/planningsimulation/planpolicy/PlanPriority.jsx
replenishmentplan,planningsimulation,PlanScenario,N,N,N,N,UI_RP_28,LAYOUT_SINGLE,free_form,,,low,no recognized grid/chart/split components,,,,,11,/replenishmentplan/planningsimulation/PlanScenario,view/replenishmentplan/planningsimulation/planscenario/PlanScenario.jsx
replenishmentplan,planningsimulation,PopSelectLocation,N,Y,N,N,,POPUP,popup,,popup_grid,high,Pop* file · grid=1,BaseGrid:1;PopupDialog:1,engine/mp/SRV_UI_CM_15_Q8,,,72,/replenishmentplan/planningsimulation/planpolicy/PopSelectLocation,view/replenishmentplan/planningsimulation/planpolicy/PopSelectLocation.jsx
replenishmentplan,planningsimulation,RPSimulation,N,N,N,N,UI_RP_09,LAYOUT_V2,v2_dual_grid,,,mid,2 BaseGrid no SplitPanel,ContentInner:1;SearchArea:1;SearchRow:1;WorkArea:1;BaseGrid:2;InputField:6;PlanScope:1,common/json-save;engine/mp/SRV_UI_CM_17_Q1;engine/mp/SRV_COMM_SRH_DMND_VER;engine/mp/SRV_UI_IM_TARGET_INV_VER_CONFIRMED;engine/mp/SRV_UI_CM_17_Q8;engine/mp/SRV_UI_CM_17_Q2;engine/mp/SRV_UI_CM_17_Q7;engine/mp/SRV_RP_NEW_VERSION;engine/mp/SRV_UI_CM_17_S1,,SP_UI_CM_17_S1_P_RT_MSG,1107,/replenishmentplan/planningsimulation/RPSimulation,view/replenishmentplan/planningsimulation/rpsimulation/RPSimulation.jsx
snop,,Map,N,N,N,N,,LAYOUT_V2,grid_chart_stacked,v2_chart_grid,,mid,Chart=1 Grid=1,ContentInner:1;BaseGrid:1;ChartComponent:1;MyGoogleMap:1,,,,239,/snop/Map,view/snop/map/Map.jsx
snop,,Meeting,N,N,N,N,UI_SA_MEETING,LAYOUT_MIXED,mix_split,,,mid,splits=2 dirs=[unknown] tabs=0,ContentInner:1;SearchArea:1;SearchRow:1;WorkArea:1;SplitPanel:2;VLayoutBox:2;ZEditor:1;GridAddRowButton:2;GridDeleteRowButton:2;InputField:3,meeting/dates;meeting;meeting/check-repeat-type;meeting/agenda;meeting/menu;meeting/delete;meeting/agenda/delete;meeting/attendee;meeting/attendee/delete,,,803,/snop/Meeting,view/snop/meeting/Meeting.jsx
snop,,PsiBalance,N,N,N,N,,LAYOUT_SINGLE,P09_chart_view,,,mid,Chart=1,ContentInner:1;WorkArea:1;ChartComponent:1;InputField:3,common/data,,SP_UI_DP_00_ITEM_LV_DATA_Q1;SP_UI_DP_00_ITEM_LV_DATA_Q1_01;SP_UI_DP_00_ITEM_LV_DATA_Q1_02;SP_UI_DP_00_ITEM_LV_DATA_Q1_03;SP_UI_DP_00_ITEM_LV_DATA_Q1_04,1091,/snop/PsiBalance,view/snop/psibalance/PsiBalance.jsx
snop,,SnopCalendar,N,N,N,N,UI_UT_CALENDAR,LAYOUT_SINGLE,free_form,,,low,no recognized grid/chart/split components,ContentInner:1;WorkArea:1;InputField:1,calendar;calendar-category;calendar-category/delete,,,567,/snop/SnopCalendar,view/snop/snopcalendar/SnopCalendar.jsx
snop,,WidgetMgmt,N,N,N,N,UI_SA_WIDGET,LAYOUT_SINGLE,h2_tree_grid,P04_tree_grid,,high,TreeGrid=1,ContentInner:1;WorkArea:1;TreeGrid:1;GridAddRowButton:1;GridDeleteRowButton:1;GridSaveButton:1,system/widgets/delete;system/widgets;system/widgets?all-widgets=true,,,651,/snop/WidgetMgmt,view/snop/widgetmgmt/WidgetMgmt.jsx
snop,common,periodStepper,N,N,N,N,,LAYOUT_SINGLE,free_form,,,low,no recognized grid/chart/split components,,,,,260,/snop/common/periodStepper,view/snop/common/periodStepper.jsx
snop,dashboard,AggrMstList,N,N,N,N,UI_SA_AGGR_MST_LIST,LAYOUT_SINGLE,search_grid,P02_search_grid,,high,SearchArea + 1 BaseGrid,ContentInner:1;SearchArea:1;SearchRow:1;WorkArea:1;BaseGrid:1;GridAddRowButton:1;GridDeleteRowButton:1;InputField:2,dashboardfact/deleteAggrMst;dashboardfact/aggrmstlist,,,156,/snop/dashboard/AggrMstList,view/snop/dashboard/aggrmstlist/AggrMstList.jsx
snop,dashboard,ChartDashboard,N,N,N,N,,LAYOUT_SINGLE,widget_dashboard,P01_widget_dashboard,,high,DashboardPanel=1,ContentInner:1;DashboardPanel:1,,,,70,/snop/dashboard/ChartDashboard,view/snop/dashboard/chartdashboard/ChartDashboard.jsx
snop,dashboard,ChartExample,N,N,N,N,,LAYOUT_SINGLE,P09_chart_view,,,mid,Chart=3,ContentInner:1;ChartComponent:3,,,,935,/snop/dashboard/ChartExample,view/snop/dashboard/chartexample/ChartExample.jsx
snop,dashboard,ExecutiveDashboard,N,N,N,N,UI_SA_EXECUTIVE_DASHBOARD,LAYOUT_SINGLE,widget_dashboard,P01_widget_dashboard,,high,DashboardPanel=1,ContentInner:1;DashboardPanel:1,common/data,,SP_UI_SA_SALES_DP,78,/snop/dashboard/ExecutiveDashboard,view/snop/dashboard/executivedashboard/ExecutiveDashboard.jsx
snop,dashboard,Fact,N,N,N,N,,LAYOUT_V2,grid_chart_stacked,v2_chart_grid,,mid,Chart=1 Grid=2,ContentInner:1;WorkArea:1;BaseGrid:2;ChartComponent:1,,,,363,/snop/dashboard/Fact,view/snop/dashboard/fact/Fact.jsx
snop,dashboard,FlxReport,N,N,N,N,UI_SA_FLEXIBLE_REPORT,LAYOUT_MIXED,mix_split,,,mid,splits=2 dirs=[unknown] tabs=0,ContentInner:1;SearchArea:1;SearchRow:1;WorkArea:1;BaseGrid:2;PivotTable:1;SplitPanel:2;GridAddRowButton:2;GridDeleteRowButton:2;GridSaveButton:1;InputField:11,flxreport/saveflxreport;flxreport/deleteflxreport;flxreport/flxreport;dashboardfact/getAggrSqlList;flxreport/conditionItems,,,782,/snop/dashboard/FlxReport,view/snop/dashboard/flxreport/FlxReport.jsx
snop,dashboard,FlxReportView,N,N,N,N,UI_SA_FLEXIBLE_VIEW,LAYOUT_SINGLE,search_grid,P02_search_grid,,high,SearchArea + 1 BaseGrid,ContentInner:1;SearchArea:1;SearchRow:1;WorkArea:1;BaseGrid:1;PivotTable:1;InputField:7,common/data;flxreport/flxreport;snop/dashboardfact/fact;flxreport/conditionItems,,,511,/snop/dashboard/FlxReportView,view/snop/dashboard/flxreportview/FlxReportView.jsx
snop,dashboard,ItemMeetTarget,N,N,N,N,UI_SA_ITEMGRP_MEET_TARGET,LAYOUT_SINGLE,free_form,,,low,no recognized grid/chart/split components,ContentInner:1;SearchArea:1;SearchRow:1;WorkArea:1;InputField:1,common/data,,SP_UI_SA_ITEMGRP_MEET_TARGET,261,/snop/dashboard/ItemMeetTarget,view/snop/dashboard/itemmeettarget/ItemMeetTarget.jsx
snop,dashboard,ItemTree,N,N,N,N,,LAYOUT_SINGLE,free_form,,,low,no recognized grid/chart/split components,,snop/common/list-hierarch,,SP_UI_DP_00_POPUP_ITEM_TREE_Q2,177,/snop/dashboard/itemmeettarget/ItemTree,view/snop/dashboard/itemmeettarget/ItemTree.jsx
snop,dashboard,PopAggrField,N,Y,N,N,,POPUP,popup,,popup_grid,high,Pop* file · grid=2,BaseGrid:2;SplitPanel:1;PopupDialog:1,dashboardfact/aggrmstlist;dashboardfact/aggrfilddesc,,,146,/snop/dashboard/flxreport/PopAggrField,view/snop/dashboard/flxreport/PopAggrField.jsx
snop,dashboard,PopAggrList,N,Y,N,N,,POPUP,popup,,popup_grid,high,Pop* file · grid=1,BaseGrid:1;VLayoutBox:1;PopupDialog:1,dashboardfact/getAggrSqlList,,,120,/snop/dashboard/aggrmstlist/PopAggrList,view/snop/dashboard/aggrmstlist/PopAggrList.jsx
snop,dashboard,PopAggrSetting,N,Y,N,N,,POPUP,popup,,popup_grid,high,Pop* file · grid=1,BaseGrid:1;VLayoutBox:1;GridAddRowButton:1;GridDeleteRowButton:1;InputField:5;PopupDialog:1,dashboardfact/loadProc;dashboardfact/saveAggrMst;dashboardfact/saveFieldDesc;dashboardfact/deleteFieldDesc;dashboardfact/aggrmstlist;dashboardfact/aggrfilddesc,,,287,/snop/dashboard/aggrmstlist/PopAggrSetting,view/snop/dashboard/aggrmstlist/PopAggrSetting.jsx
snop,map,MyGoogleMap,N,N,N,N,,LAYOUT_SINGLE,free_form,,,low,no recognized grid/chart/split components,,,,,84,/snop/map/MyGoogleMap,view/snop/map/MyGoogleMap.jsx
snop,map,PopulationPopup,N,N,N,N,,LAYOUT_SINGLE,P09_chart_view,,,mid,Chart=1,ChartComponent:1;PopupDialog:1,,,,117,/snop/map/PopulationPopup,view/snop/map/PopulationPopup.jsx
snop,mdb,OntimeSales,N,N,N,N,,LAYOUT_SINGLE,widget_dashboard,P01_widget_dashboard,,high,DashboardPanel=1,ContentInner:1;DashboardPanel:1,,,,91,/snop/mdb/OntimeSales,view/snop/mdb/ontimesales/OntimeSales.jsx
snop,mdb,OntimeSalesDetail,N,N,N,N,,LAYOUT_SINGLE,widget_dashboard,P01_widget_dashboard,,high,DashboardPanel=1,ContentInner:1;DashboardPanel:1,,,,70,/snop/mdb/OntimeSalesDetail,view/snop/mdb/ontimesalesdetail/OntimeSalesDetail.jsx
snop,mdb,OntimeSalesPrbl,N,N,N,N,,LAYOUT_SINGLE,widget_dashboard,P01_widget_dashboard,,high,DashboardPanel=1,ContentInner:1;DashboardPanel:1,,,,70,/snop/mdb/OntimeSalesPrbl,view/snop/mdb/ontimesalesprbl/OntimeSalesPrbl.jsx
snop,mdb,SalesGrowthRate,N,N,N,N,,LAYOUT_SINGLE,widget_dashboard,P01_widget_dashboard,,high,DashboardPanel=1,ContentInner:1;DashboardPanel:1,,,,81,/snop/mdb/SalesGrowthRate,view/snop/mdb/salesgrowthrate/SalesGrowthRate.jsx
snop,mdb,SalesGrowthRateDetail,N,N,N,N,,LAYOUT_SINGLE,widget_dashboard,P01_widget_dashboard,,high,DashboardPanel=1,ContentInner:1;DashboardPanel:1,,,,65,/snop/mdb/SalesGrowthRateDetail,view/snop/mdb/salesgrowthratedetail/SalesGrowthRateDetail.jsx
snop,mdb,SalesMPPlan,N,N,N,N,,LAYOUT_SINGLE,widget_dashboard,P01_widget_dashboard,,high,DashboardPanel=1,ContentInner:1;DashboardPanel:1,,,,104,/snop/mdb/SalesMPPlan,view/snop/mdb/salesmpplan/SalesMPPlan.jsx
snop,mdb,SalesMPPlanDetail,N,N,N,N,,LAYOUT_SINGLE,widget_dashboard,P01_widget_dashboard,,high,DashboardPanel=1,ContentInner:1;DashboardPanel:1,,,,76,/snop/mdb/SalesMPPlanDetail,view/snop/mdb/salesmpplandetail/SalesMPPlanDetail.jsx
snop,mdb,SalesPlanState,N,N,N,N,,LAYOUT_V2,grid_chart_stacked,v2_chart_grid,,mid,Chart=2 Grid=1,ContentInner:1;WorkArea:1;BaseGrid:1;ChartComponent:2;InputField:3,common/data,,SP_UI_DP_00_ITEM_LV_DATA_Q1;SP_UI_DP_00_ITEM_LV_DATA_Q1_01;SP_UI_DP_00_ITEM_LV_DATA_Q1_02;SP_UI_DP_00_ITEM_LV_DATA_Q1_03;SP_UI_DP_00_ITEM_LV_DATA_Q1_04,1055,/snop/mdb/SalesPlanState,view/snop/mdb/salesplanstate/SalesPlanState.jsx
snop,mdb,SalesPlanStateDetail,N,N,N,N,,LAYOUT_SINGLE,widget_dashboard,P01_widget_dashboard,,high,DashboardPanel=1,ContentInner:1;DashboardPanel:1,,,,68,/snop/mdb/SalesPlanStateDetail,view/snop/mdb/salesplanstatedetail/SalesPlanStateDetail.jsx
snop,mdb,SupplyMatPsi,N,N,N,N,,LAYOUT_SINGLE,widget_dashboard,P01_widget_dashboard,,high,DashboardPanel=1,ContentInner:1;DashboardPanel:1,,,,73,/snop/mdb/SupplyMatPsi,view/snop/mdb/supplymatpsi/SupplyMatPsi.jsx
snop,mdb,SupplyMatPsiDetail,N,N,N,N,,LAYOUT_SINGLE,widget_dashboard,P01_widget_dashboard,,high,DashboardPanel=1,ContentInner:1;DashboardPanel:1,,,,64,/snop/mdb/SupplyMatPsiDetail,view/snop/mdb/supplymatpsidetail/SupplyMatPsiDetail.jsx
snop,mdb,SupplyPlanKpi,N,N,N,N,,LAYOUT_SINGLE,widget_dashboard,P01_widget_dashboard,,high,DashboardPanel=1,ContentInner:1;DashboardPanel:1,,,,110,/snop/mdb/SupplyPlanKpi,view/snop/mdb/supplyplankpi/SupplyPlanKpi.jsx
snop,mdb,SupplyPlanKpiDtl1,N,N,N,N,,LAYOUT_SINGLE,widget_dashboard,P01_widget_dashboard,,high,DashboardPanel=1,ContentInner:1;DashboardPanel:1,,,,73,/snop/mdb/SupplyPlanKpiDtl1,view/snop/mdb/supplyplankpidtl1/SupplyPlanKpiDtl1.jsx
snop,mdb,SupplyPlanKpiDtl2,N,N,N,N,,LAYOUT_SINGLE,widget_dashboard,P01_widget_dashboard,,high,DashboardPanel=1,ContentInner:1;DashboardPanel:1,,,,72,/snop/mdb/SupplyPlanKpiDtl2,view/snop/mdb/supplyplankpidtl2/SupplyPlanKpiDtl2.jsx
snop,mdb,SupplyPlanKpiDtl3,N,N,N,N,,LAYOUT_SINGLE,widget_dashboard,P01_widget_dashboard,,high,DashboardPanel=1,ContentInner:1;DashboardPanel:1,,,,74,/snop/mdb/SupplyPlanKpiDtl3,view/snop/mdb/supplyplankpidtl3/SupplyPlanKpiDtl3.jsx
snop,mdb,SupplyPlanKpiDtl4,N,N,N,N,,LAYOUT_SINGLE,widget_dashboard,P01_widget_dashboard,,high,DashboardPanel=1,ContentInner:1;DashboardPanel:1,,,,73,/snop/mdb/SupplyPlanKpiDtl4,view/snop/mdb/supplyplankpidtl4/SupplyPlanKpiDtl4.jsx
snop,mdb,SupplyPlanKpiDtl5,N,N,N,N,,LAYOUT_SINGLE,widget_dashboard,P01_widget_dashboard,,high,DashboardPanel=1,ContentInner:1;DashboardPanel:1,,,,73,/snop/mdb/SupplyPlanKpiDtl5,view/snop/mdb/supplyplankpidtl5/SupplyPlanKpiDtl5.jsx
snop,meeting,AgendaContentEditor,N,N,N,N,,LAYOUT_SINGLE,free_form,,,low,no recognized grid/chart/split components,ZEditor:1,,,,41,/snop/meeting/AgendaContentEditor,view/snop/meeting/AgendaContentEditor.jsx
snop,meeting,AgendaList,N,N,N,N,,LAYOUT_SINGLE,free_form,,,low,no recognized grid/chart/split components,,,,,244,/snop/meeting/AgendaList,view/snop/meeting/AgendaList.jsx
snop,meeting,EditableDiv,N,N,N,N,,LAYOUT_SINGLE,free_form,,,low,no recognized grid/chart/split components,,,,,96,/snop/meeting/EditableDiv,view/snop/meeting/EditableDiv.jsx
snop,meeting,FileList,N,N,N,N,,LAYOUT_SINGLE,free_form,,,low,no recognized grid/chart/split components,,meeting/files;meeting/files/delete,,,366,/snop/meeting/FileList,view/snop/meeting/FileList.jsx
snop,meeting,MenuList,N,N,N,N,,LAYOUT_SINGLE,free_form,,,low,no recognized grid/chart/split components,,meeting/menu/delete,,,236,/snop/meeting/MenuList,view/snop/meeting/MenuList.jsx
snop,meeting,PopBeforeSave,N,Y,N,N,,POPUP,popup,,popup_form,high,Pop* file · grid=0,InputField:1;PopupDialog:1,meeting/dates;meeting?repeatTp=,,,183,/snop/meeting/PopBeforeSave,view/snop/meeting/PopBeforeSave.jsx
snop,meeting,PopMettingCopy,N,Y,N,N,,POPUP,popup,,popup_form,high,Pop* file · grid=0,InputField:1;PopupDialog:1,meeting/dates;meeting/copy,,,167,/snop/meeting/PopMettingCopy,view/snop/meeting/PopMettingCopy.jsx
snop,meeting,PopSelectAttendee,N,Y,N,N,,POPUP,popup,,popup_grid,high,Pop* file · grid=1,SearchArea:1;WorkArea:1;BaseGrid:1;InputField:2;PopupDialog:1,system/users,,,126,/snop/meeting/PopSelectAttendee,view/snop/meeting/PopSelectAttendee.jsx
snop,meeting,PopSelectMenu,N,Y,N,N,,POPUP,popup,,popup_form,high,Pop* file · grid=0,InputField:3,,,,119,/snop/meeting/PopSelectMenu,view/snop/meeting/PopSelectMenu.jsx
snop,meeting,PopShowList,N,Y,N,N,,POPUP,popup,,popup_form,high,Pop* file · grid=0,InputField:5;PopupDialog:1,,,,114,/snop/meeting/PopShowList,view/snop/meeting/PopShowList.jsx
snop,meeting,SnopIssueList,N,N,N,N,,LAYOUT_SINGLE,P02b_grid_only,,,mid,1 BaseGrid no SearchArea,BaseGrid:1,,,,231,/snop/meeting/SnopIssueList,view/snop/meeting/SnopIssueList.jsx
snop,simulation,Demand,N,N,N,N,UI_SA_DPMP_SIMUL,LAYOUT_SINGLE,search_grid,P02_search_grid,,high,SearchArea + 1 BaseGrid,ContentInner:1;SearchArea:1;WorkArea:1;BaseGrid:1;GridCnt:1;InputField:2;PopPersonalize:1,/snop/simulation/create-version;/snop/simulation/version;engine/dp/GetSADemand;engine/dp/SetSADemand,,SP_UI_DP_CURRENCY_COMBO,1071,/snop/simulation/Demand,view/snop/simulation/demand/Demand.jsx
snop,simulation,DemandRisk,N,N,N,N,UI_SA_SNOP_DEMAND_RISK,LAYOUT_V2,grid_chart_stacked,v2_chart_grid,,mid,Chart=2 Grid=1,ContentInner:1;SearchArea:1;SearchRow:1;WorkArea:1;BaseGrid:1;ChartComponent:2;InputField:2,/snop/simulation/create-version;/snop/simulation/version;common/data,,SP_UI_DP_CURRENCY_COMBO;SP_UI_CM_CODE;SP_UI_SA_DEMAND_RISK_Q;SP_UI_SA_DEMAND_RISK_RANK_Q,543,/snop/simulation/DemandRisk,view/snop/simulation/demandrisk/DemandRisk.jsx
snop,simulation,Keymetrics,N,N,N,N,UI_SA_KEY_METRICS,LAYOUT_SINGLE,free_form,,,low,no recognized grid/chart/split components,,,,,330,/snop/simulation/Keymetrics,view/snop/simulation/keymetrics/Keymetrics.jsx
snop,simulation,Setup,N,N,N,N,,LAYOUT_SINGLE,free_form,,,low,no recognized grid/chart/split components,InputField:5,,,,167,/snop/simulation/keymetrics/Setup,view/snop/simulation/keymetrics/Setup.jsx
snop,snopcalendar,PopDeleteOption,N,Y,N,N,,POPUP,popup,,popup_form,high,Pop* file · grid=0,InputField:1;PopupDialog:1,,,,64,/snop/snopcalendar/PopDeleteOption,view/snop/snopcalendar/PopDeleteOption.jsx
snop,snopcalendar,PopSaveOption,N,Y,N,N,,POPUP,popup,,popup_form,high,Pop* file · grid=0,InputField:1;PopupDialog:1,,,,60,/snop/snopcalendar/PopSaveOption,view/snop/snopcalendar/PopSaveOption.jsx
snop,snopcalendar,PopSnopCalendar,N,Y,N,N,,POPUP,popup,,popup_form,high,Pop* file · grid=0,ZEditor:1;InputField:12;PopupDialog:1,calendar;calendar/delete;calendar/repeatdelete;file-storage/files;calendar-file,,,661,/snop/snopcalendar/PopSnopCalendar,view/snop/snopcalendar/PopSnopCalendar.jsx
snop,snopcalendar,PopSnopCalendarShowList,N,Y,N,N,,POPUP,popup,,popup_form,high,Pop* file · grid=0,InputField:4;PopupDialog:1,,,,105,/snop/snopcalendar/PopSnopCalendarShowList,view/snop/snopcalendar/PopSnopCalendarShowList.jsx
snop,snopcalendar,PopSnopCategory,N,Y,N,N,,POPUP,popup,,popup_form,high,Pop* file · grid=0,InputField:2;PopupDialog:1,calendar-category,,,87,/snop/snopcalendar/PopSnopCategory,view/snop/snopcalendar/PopSnopCategory.jsx
snop,snopcalendar,PopUserSearch,N,Y,N,N,,POPUP,popup,,popup_grid,high,Pop* file · grid=2,SearchArea:1;WorkArea:1;BaseGrid:2;InputField:3;PopupDialog:1,system/groups;system/users/group,,,258,/snop/snopcalendar/PopUserSearch,view/snop/snopcalendar/PopUserSearch.jsx
snop,snopcalendar,UserSearchInput,N,N,N,N,,LAYOUT_SINGLE,free_form,,,low,no recognized grid/chart/split components,InputField:1,,,,242,/snop/snopcalendar/UserSearchInput,view/snop/snopcalendar/UserSearchInput.jsx
snop,widgets,AopVsDp,Y,N,N,N,,WIDGET,widget_chart,,,high,widget folder · chart=1 grid=0,ChartComponent:1,common/data,,SP_UI_SA_SALES_DP,258,/snop/widgets/AopVsDp,view/snop/widgets/aopvsdp/AopVsDp.jsx
snop,widgets,DashboardWidget01,Y,N,N,N,,WIDGET,widget_chart,,,high,widget folder · chart=1 grid=0,ChartComponent:1,,,,295,/snop/widgets/DashboardWidget01,view/snop/widgets/dashboardwidget01/DashboardWidget01.jsx
snop,widgets,DashboardWidget02,Y,N,N,N,,WIDGET,widget_chart,,,high,widget folder · chart=2 grid=0,ChartComponent:2,,,,495,/snop/widgets/DashboardWidget02,view/snop/widgets/dashboardwidget02/DashboardWidget02.jsx
snop,widgets,DashboardWidget03,Y,N,N,N,,WIDGET,widget_chart,,,high,widget folder · chart=2 grid=0,ChartComponent:2,,,,484,/snop/widgets/DashboardWidget03,view/snop/widgets/dashboardwidget03/DashboardWidget03.jsx
snop,widgets,DashboardWidget04,Y,N,N,N,,WIDGET,widget_misc,,,high,widget folder · chart=0 grid=0,,,,,232,/snop/widgets/DashboardWidget04,view/snop/widgets/dashboardwidget04/DashboardWidget04.jsx
snop,widgets,DashboardWidget05,Y,N,N,N,,WIDGET,widget_chart,,,high,widget folder · chart=4 grid=0,ChartComponent:4,,,,534,/snop/widgets/DashboardWidget05,view/snop/widgets/dashboardwidget05/DashboardWidget05.jsx
snop,widgets,DashboardWidget06,Y,N,N,N,,WIDGET,widget_chart,,,high,widget folder · chart=2 grid=0,ChartComponent:2,,,,621,/snop/widgets/DashboardWidget06,view/snop/widgets/dashboardwidget06/DashboardWidget06.jsx
snop,widgets,DashboardWidget07,Y,N,N,N,,WIDGET,widget_chart,,,high,widget folder · chart=1 grid=0,ChartComponent:1,,,,709,/snop/widgets/DashboardWidget07,view/snop/widgets/dashboardwidget07/DashboardWidget07.jsx
snop,widgets,DashboardWidget08,Y,N,N,N,,WIDGET,widget_chart,,,high,widget folder · chart=4 grid=0,ChartComponent:4,,,,752,/snop/widgets/DashboardWidget08,view/snop/widgets/dashboardwidget08/DashboardWidget08.jsx
snop,widgets,DashboardWidget09,Y,N,N,N,,WIDGET,widget_chart,,,high,widget folder · chart=1 grid=0,ChartComponent:1,,,,347,/snop/widgets/DashboardWidget09,view/snop/widgets/dashboardwidget09/DashboardWidget09.jsx
snop,widgets,DashboardWidget10,Y,N,N,N,,WIDGET,widget_chart,,,high,widget folder · chart=2 grid=0,ChartComponent:2,,,,555,/snop/widgets/DashboardWidget10,view/snop/widgets/dashboardwidget10/DashboardWidget10.jsx
snop,widgets,DashboardWidget11,Y,N,N,N,,WIDGET,widget_chart,,,high,widget folder · chart=1 grid=0,ChartComponent:1,,,,372,/snop/widgets/DashboardWidget11,view/snop/widgets/dashboardwidget11/DashboardWidget11.jsx
snop,widgets,DashboardWidget12,Y,N,N,N,,WIDGET,widget_chart,,,high,widget folder · chart=1 grid=0,ChartComponent:1,,,,372,/snop/widgets/DashboardWidget12,view/snop/widgets/dashboardwidget12/DashboardWidget12.jsx
snop,widgets,DashboardWidget13,Y,N,N,N,,WIDGET,widget_chart,,,high,widget folder · chart=1 grid=0,ChartComponent:1,,,,376,/snop/widgets/DashboardWidget13,view/snop/widgets/dashboardwidget13/DashboardWidget13.jsx
snop,widgets,DashboardWidget14,Y,N,N,N,,WIDGET,widget_chart,,,high,widget folder · chart=1 grid=0,ChartComponent:1,,,,512,/snop/widgets/DashboardWidget14,view/snop/widgets/dashboardwidget14/DashboardWidget14.jsx
snop,widgets,DashboardWidget15,Y,N,N,N,,WIDGET,widget_chart,,,high,widget folder · chart=2 grid=0,ChartComponent:2,,,,630,/snop/widgets/DashboardWidget15,view/snop/widgets/dashboardwidget15/DashboardWidget15.jsx
snop,widgets,DashboardWidget16,Y,N,N,N,,WIDGET,widget_chart,,,high,widget folder · chart=1 grid=1,BaseGrid:1;ChartComponent:1,,,,212,/snop/widgets/DashboardWidget16,view/snop/widgets/dashboardwidget16/DashboardWidget16.jsx
snop,widgets,DashboardWidget17,Y,N,N,N,,WIDGET,widget_chart,,,high,widget folder · chart=1 grid=1,BaseGrid:1;ChartComponent:1,,,,205,/snop/widgets/DashboardWidget17,view/snop/widgets/dashboardwidget17/DashboardWidget17.jsx
snop,widgets,DashboardWidget18,Y,N,N,N,,WIDGET,widget_chart,,,high,widget folder · chart=1 grid=1,BaseGrid:1;ChartComponent:1,,,,217,/snop/widgets/DashboardWidget18,view/snop/widgets/dashboardwidget18/DashboardWidget18.jsx
snop,widgets,DashboardWidget19,Y,N,N,N,,WIDGET,widget_chart,,,high,widget folder · chart=3 grid=0,ChartComponent:3,,,,306,/snop/widgets/DashboardWidget19,view/snop/widgets/dashboardwidget19/DashboardWidget19.jsx
snop,widgets,DashboardWidget20,Y,N,N,N,,WIDGET,widget_chart,,,high,widget folder · chart=4 grid=0,ChartComponent:4,,,,260,/snop/widgets/DashboardWidget20,view/snop/widgets/dashboardwidget20/DashboardWidget20.jsx
snop,widgets,DashboardWidget21,Y,N,N,N,,WIDGET,widget_chart,,,high,widget folder · chart=1 grid=0,ChartComponent:1,,,,431,/snop/widgets/DashboardWidget21,view/snop/widgets/dashboardwidget21/DashboardWidget21.jsx
snop,widgets,DashboardWidget22,Y,N,N,N,,WIDGET,widget_chart,,,high,widget folder · chart=1 grid=0,ChartComponent:1,,,,227,/snop/widgets/DashboardWidget22,view/snop/widgets/dashboardwidget22/DashboardWidget22.jsx
snop,widgets,DashboardWidget23,Y,N,N,N,,WIDGET,widget_chart,,,high,widget folder · chart=1 grid=0,ChartComponent:1,,,,227,/snop/widgets/DashboardWidget23,view/snop/widgets/dashboardwidget23/DashboardWidget23.jsx
snop,widgets,DashboardWidget24,Y,N,N,N,,WIDGET,widget_chart,,,high,widget folder · chart=1 grid=0,ChartComponent:1,,,,227,/snop/widgets/DashboardWidget24,view/snop/widgets/dashboardwidget24/DashboardWidget24.jsx
snop,widgets,DashboardWidget25,Y,N,N,N,,WIDGET,widget_misc,,,high,widget folder · chart=0 grid=0,,,,,121,/snop/widgets/DashboardWidget25,view/snop/widgets/dashboardwidget25/DashboardWidget25.jsx
snop,widgets,DashboardWidget26,Y,N,N,N,,WIDGET,widget_chart,,,high,widget folder · chart=1 grid=0,ChartComponent:1,,,,210,/snop/widgets/DashboardWidget26,view/snop/widgets/dashboardwidget26/DashboardWidget26.jsx
snop,widgets,DashboardWidget27,Y,N,N,N,,WIDGET,widget_misc,,,high,widget folder · chart=0 grid=0,,,,,116,/snop/widgets/DashboardWidget27,view/snop/widgets/dashboardwidget27/DashboardWidget27.jsx
snop,widgets,DpItemGrp,Y,N,N,N,,WIDGET,widget_chart,,,high,widget folder · chart=1 grid=0,ChartComponent:1,common/data,,SP_UI_SA_DP_ITEMGRP,209,/snop/widgets/DpItemGrp,view/snop/widgets/dpitemgrp/DpItemGrp.jsx
snop,widgets,DpItemgrpRevenue,Y,N,N,N,,WIDGET,widget_chart,,,high,widget folder · chart=1 grid=0,ChartComponent:1,common/data,,SP_UI_SA_DP_ITEMGRP,145,/snop/widgets/DpItemgrpRevenue,view/snop/widgets/dpitemgrprevenue/DpItemgrpRevenue.jsx
snop,widgets,OntimeSales1,Y,N,N,N,,WIDGET,widget_chart,,,high,widget folder · chart=1 grid=0,ChartComponent:1,common/data,,SP_UI_SA_ONTIMESALES_MONTHLYONTIMESALES_01,212,/snop/widgets/OntimeSales1,view/snop/widgets/ontimesales1/OntimeSales1.jsx
snop,widgets,OntimeSales2,Y,N,N,N,,WIDGET,widget_pivot,,,high,widget folder · chart=0 grid=0,PivotTable:2,common/data,,SP_UI_SA_ONTIMESALES_SALESGRPMONTHLYSALESPRBL_01;SP_UI_SA_ONTIMESALES_TRADETYPEMONTHLYSALESPRBL_01,175,/snop/widgets/OntimeSales2,view/snop/widgets/ontimesales2/OntimeSales2.jsx
snop,widgets,OntimeSales3,Y,N,N,N,,WIDGET,widget_chart,,,high,widget folder · chart=1 grid=0,ChartComponent:1,common/data,,SP_UI_SA_ONTIMESALES_SALESPRBLCATCHART_01,125,/snop/widgets/OntimeSales3,view/snop/widgets/ontimesales3/OntimeSales3.jsx
snop,widgets,OntimeSales4,Y,N,N,N,,WIDGET,widget_grid,,,high,widget folder · chart=0 grid=1,BaseGrid:1;GridExcelExportButton:1,common/data,,SP_UI_SA_ONTIMESALES_MONTHLYSALESIMPL_01,186,/snop/widgets/OntimeSales4,view/snop/widgets/ontimesales4/OntimeSales4.jsx
snop,widgets,OntimeSalesAnalysis1,Y,N,N,N,,WIDGET,widget_chart,,,high,widget folder · chart=1 grid=0,ChartComponent:1,common/data,,SP_UI_SA_ONTIMESALES_SALESPROBLEMANALYSIS_01,174,/snop/widgets/OntimeSalesAnalysis1,view/snop/widgets/ontimesalesanalysis1/OntimeSalesAnalysis1.jsx
snop,widgets,OntimeSalesAnalysis2,Y,N,N,N,,WIDGET,widget_pivot,,,high,widget folder · chart=0 grid=0,PivotTable:1,common/data,,SP_UI_SA_ONTIMESALES_SALESPROBLEMANALYSIS_02,107,/snop/widgets/OntimeSalesAnalysis2,view/snop/widgets/ontimesalesanalysis2/OntimeSalesAnalysis2.jsx
snop,widgets,OntimeSalesDetail1,Y,N,N,N,,WIDGET,widget_chart,,,high,widget folder · chart=1 grid=0,ChartComponent:1,common/data,,SP_UI_SA_ONTIMESALES_MONTHLYONTIMESALES_01,214,/snop/widgets/OntimeSalesDetail1,view/snop/widgets/ontimesalesdetail1/OntimeSalesDetail1.jsx
snop,widgets,OntimeSalesDetail2,Y,N,N,N,,WIDGET,widget_pivot,,,high,widget folder · chart=0 grid=0,PivotTable:1,common/data,,SP_UI_SA_ONTIMESALES_MONTHLYONTIMESALES_02,114,/snop/widgets/OntimeSalesDetail2,view/snop/widgets/ontimesalesdetail2/OntimeSalesDetail2.jsx
snop,widgets,PivotTest,Y,N,N,N,,WIDGET,widget_pivot,,,high,widget folder · chart=0 grid=0,PivotTable:1,,,,449,/snop/widgets/PivotTest,view/snop/widgets/pivottest/PivotTest.jsx
snop,widgets,RTFAccountRate,Y,N,N,N,,WIDGET,widget_chart,,,high,widget folder · chart=1 grid=0,ChartComponent:1,common/data,,SP_UI_SA_SALESSUPPLY_MONTHLYSALESSUPPLY,101,/snop/widgets/RTFAccountRate,view/snop/widgets/rtfaccountrate/RTFAccountRate.jsx
snop,widgets,RTFItemRate,Y,N,N,N,,WIDGET,widget_chart,,,high,widget folder · chart=1 grid=0,ChartComponent:1,common/data,,SP_UI_SA_SALESSUPPLY_MONTHLYSALESSUPPLY,106,/snop/widgets/RTFItemRate,view/snop/widgets/rtfitemrate/RTFItemRate.jsx
snop,widgets,RTFSalesRate,Y,N,N,N,,WIDGET,widget_chart,,,high,widget folder · chart=1 grid=0,ChartComponent:1,common/data,,SP_UI_SA_SALESSUPPLY_MONTHLYSALESSUPPLY,102,/snop/widgets/RTFSalesRate,view/snop/widgets/rtfsalesrate/RTFSalesRate.jsx
snop,widgets,RTFSatisfactionAnalysis,Y,N,N,N,,WIDGET,widget_pivot,,,high,widget folder · chart=0 grid=0,PivotTable:1,common/data,,SP_UI_SA_SALESSUPPLY_WEEKLYSALESSUPPLY_02,129,/snop/widgets/RTFSatisfactionAnalysis,view/snop/widgets/rtfsatisfactionanalysis/RTFSatisfactionAnalysis.jsx
snop,widgets,RTFSatisfactionAnalysisDetail,Y,N,N,N,,WIDGET,widget_pivot,,,high,widget folder · chart=0 grid=0,PivotTable:1,common/data,,SP_UI_SA_SALESSUPPLY_WEEKLYSALESSUPPLY_02,138,/snop/widgets/RTFSatisfactionAnalysisDetail,view/snop/widgets/rtfsatisfactionanalysisdetail/RTFSatisfactionAnalysisDetail.jsx
snop,widgets,RTFSatisfactionRate,Y,N,N,N,,WIDGET,widget_chart,,,high,widget folder · chart=1 grid=0,ChartComponent:1,common/data,,SP_UI_SA_SALESSUPPLY_WEEKLYSALESSUPPLY_01,259,/snop/widgets/RTFSatisfactionRate,view/snop/widgets/rtfsatisfactionrate/RTFSatisfactionRate.jsx
snop,widgets,SalesGrowthRate1,Y,N,N,N,,WIDGET,widget_chart,,,high,widget folder · chart=1 grid=0,ChartComponent:1,common/data,,SP_UI_SALES_RT_01,231,/snop/widgets/SalesGrowthRate1,view/snop/widgets/salesgrowthrate1/SalesGrowthRate1.jsx
snop,widgets,SalesGrowthRate2,Y,N,N,N,,WIDGET,widget_chart,,,high,widget folder · chart=1 grid=0,ChartComponent:1,common/data,,SP_UI_SALES_RT_02,224,/snop/widgets/SalesGrowthRate2,view/snop/widgets/salesgrowthrate2/SalesGrowthRate2.jsx
snop,widgets,SalesGrowthRate3,Y,N,N,N,,WIDGET,widget_chart,,,high,widget folder · chart=1 grid=0,ChartComponent:1,common/data,,SP_UI_SALES_RT_03,162,/snop/widgets/SalesGrowthRate3,view/snop/widgets/salesgrowthrate3/SalesGrowthRate3.jsx
snop,widgets,SalesGrowthRateDetail1,Y,N,N,N,,WIDGET,widget_grid,,,high,widget folder · chart=0 grid=1,BaseGrid:1;GridExcelExportButton:1,common/data,,SP_UI_SALES_RT_04,148,/snop/widgets/SalesGrowthRateDetail1,view/snop/widgets/salesgrowthratedetail1/SalesGrowthRateDetail1.jsx
snop,widgets,SalesPlanDetailBar,Y,N,N,N,,WIDGET,widget_chart,,,high,widget folder · chart=1 grid=0,ChartComponent:1,common/data,,SP_UI_SA_SALESPLAN_WEEKLYSALESPLANHIT_01,186,/snop/widgets/SalesPlanDetailBar,view/snop/widgets/salesplandetailbar/SalesPlanDetailBar.jsx
snop,widgets,SalesPlanDetailGrid,Y,N,N,N,,WIDGET,widget_pivot,,,high,widget folder · chart=0 grid=0,PivotTable:1,common/data,,SP_UI_SA_SALESPLAN_WEEKLYSALESPLANHIT_03,116,/snop/widgets/SalesPlanDetailGrid,view/snop/widgets/salesplandetailgrid/SalesPlanDetailGrid.jsx
snop,widgets,SalesPlanStateBar1,Y,N,N,N,,WIDGET,widget_chart,,,high,widget folder · chart=1 grid=0,ChartComponent:1,common/data,,SP_UI_SA_SALESPLAN_WEEKLYSALESPLANHIT_01,204,/snop/widgets/SalesPlanStateBar1,view/snop/widgets/salesplanstatebar1/SalesPlanStateBar1.jsx
snop,widgets,SalesPlanStateBar2,Y,N,N,N,,WIDGET,widget_chart,,,high,widget folder · chart=1 grid=0,ChartComponent:1,common/data,,SP_UI_SA_SALESPLAN_WEEKLYSALESPLANHIT_02,180,/snop/widgets/SalesPlanStateBar2,view/snop/widgets/salesplanstatebar2/SalesPlanStateBar2.jsx
snop,widgets,SalesPlanStateGrid,Y,N,N,N,,WIDGET,widget_grid,,,high,widget folder · chart=0 grid=1,BaseGrid:1;GridExcelExportButton:1,common/data,,SP_UI_SA_SALESPLAN_BIZSALESRTCOMPR_03,212,/snop/widgets/SalesPlanStateGrid,view/snop/widgets/salesplanstategrid/SalesPlanStateGrid.jsx
snop,widgets,SalesPlanStatePie1,Y,N,N,N,,WIDGET,widget_chart,,,high,widget folder · chart=1 grid=0,ChartComponent:1,common/data,,SP_UI_SA_SALESPLAN_BIZSALESRTCOMPR_01,108,/snop/widgets/SalesPlanStatePie1,view/snop/widgets/salesplanstatepie1/SalesPlanStatePie1.jsx
snop,widgets,SalesPlanStatePie2,Y,N,N,N,,WIDGET,widget_chart,,,high,widget folder · chart=1 grid=0,ChartComponent:1,common/data,,SP_UI_SA_SALESPLAN_BIZSALESRTCOMPR_02,109,/snop/widgets/SalesPlanStatePie2,view/snop/widgets/salesplanstatepie2/SalesPlanStatePie2.jsx
snop,widgets,SupplyMatPsiChart,Y,N,N,N,,WIDGET,widget_chart,,,high,widget folder · chart=1 grid=0,ChartComponent:1,common/data,,SP_UI_SA_SUPPLYMATPSI_SUPPLYMATPSI_01,248,/snop/widgets/SupplyMatPsiChart,view/snop/widgets/supplymatpsichart/SupplyMatPsiChart.jsx
snop,widgets,SupplyMatPsiDetail,Y,N,N,N,,WIDGET,widget_grid,,,high,widget folder · chart=0 grid=1,BaseGrid:1;GridExcelExportButton:1,common/data,,SP_UI_SA_SUPPLYMATPSI_SUPPLYMATSHORT_01,111,/snop/widgets/SupplyMatPsiDetail,view/snop/widgets/supplymatpsidetail/SupplyMatPsiDetail.jsx
snop,widgets,SupplyMatPsiGrid,Y,N,N,N,,WIDGET,widget_pivot,,,high,widget folder · chart=0 grid=0,PivotTable:1,common/data,,SP_UI_SA_SUPPLYMATPSI_SUPPLYMATPSI_02,107,/snop/widgets/SupplyMatPsiGrid,view/snop/widgets/supplymatpsigrid/SupplyMatPsiGrid.jsx
snop,widgets,SupplyPlanKpi1,Y,N,N,N,,WIDGET,widget_chart,,,high,widget folder · chart=1 grid=0,ChartComponent:1,common/data,,SP_UI_SA_SUPPLYPLANKPI_FIXMPNOCHGRATE_04,113,/snop/widgets/SupplyPlanKpi1,view/snop/widgets/supplyplankpi1/SupplyPlanKpi1.jsx
snop,widgets,SupplyPlanKpi2,Y,N,N,N,,WIDGET,widget_chart,,,high,widget folder · chart=1 grid=0,ChartComponent:1,common/data,,SP_UI_SA_SUPPLYPLANKPI_FIXMPNOCHGRATE_01,147,/snop/widgets/SupplyPlanKpi2,view/snop/widgets/supplyplankpi2/SupplyPlanKpi2.jsx
snop,widgets,SupplyPlanKpi3,Y,N,N,N,,WIDGET,widget_chart,,,high,widget folder · chart=1 grid=0,ChartComponent:1,common/data,,SP_UI_SA_SUPPLYPLANKPI_FIXMPIMPLRATE_01,147,/snop/widgets/SupplyPlanKpi3,view/snop/widgets/supplyplankpi3/SupplyPlanKpi3.jsx
snop,widgets,SupplyPlanKpi4,Y,N,N,N,,WIDGET,widget_chart,,,high,widget folder · chart=1 grid=0,ChartComponent:1,common/data,,SP_UI_SA_SUPPLYPLANKPI_MPFPMATCHRATE_01,146,/snop/widgets/SupplyPlanKpi4,view/snop/widgets/supplyplankpi4/SupplyPlanKpi4.jsx
snop,widgets,SupplyPlanKpi5,Y,N,N,N,,WIDGET,widget_chart,,,high,widget folder · chart=1 grid=0,ChartComponent:1,common/data,,SP_UI_SA_SUPPLYPLANKPI_FIXFPIMPLRATE_01,147,/snop/widgets/SupplyPlanKpi5,view/snop/widgets/supplyplankpi5/SupplyPlanKpi5.jsx
snop,widgets,SupplyPlanKpi6,Y,N,N,N,,WIDGET,widget_chart,,,high,widget folder · chart=1 grid=0,ChartComponent:1,common/data,,SP_UI_SA_SUPPLYPLANKPI_FIXFPCOMPLRATE_01,148,/snop/widgets/SupplyPlanKpi6,view/snop/widgets/supplyplankpi6/SupplyPlanKpi6.jsx
snop,widgets,SupplyPlanKpiDtl1Bar,Y,N,N,N,,WIDGET,widget_chart,,,high,widget folder · chart=1 grid=0,ChartComponent:1,common/data,,SP_UI_SA_SUPPLYPLANKPI_FIXMPNOCHGRATE_02,184,/snop/widgets/SupplyPlanKpiDtl1Bar,view/snop/widgets/supplyplankpidtl1bar/SupplyPlanKpiDtl1Bar.jsx
snop,widgets,SupplyPlanKpiDtl1Grid,Y,N,N,N,,WIDGET,widget_pivot,,,high,widget folder · chart=0 grid=0,PivotTable:1,common/data,,SP_UI_SA_SUPPLYPLANKPI_FIXMPNOCHGRATE_03,106,/snop/widgets/SupplyPlanKpiDtl1Grid,view/snop/widgets/supplyplankpidtl1grid/SupplyPlanKpiDtl1Grid.jsx
snop,widgets,SupplyPlanKpiDtl2Bar,Y,N,N,N,,WIDGET,widget_chart,,,high,widget folder · chart=1 grid=0,ChartComponent:1,common/data,,SP_UI_SA_SUPPLYPLANKPI_FIXMPIMPLRATE_02,184,/snop/widgets/SupplyPlanKpiDtl2Bar,view/snop/widgets/supplyplankpidtl2bar/SupplyPlanKpiDtl2Bar.jsx
snop,widgets,SupplyPlanKpiDtl2Grid,Y,N,N,N,,WIDGET,widget_pivot,,,high,widget folder · chart=0 grid=0,PivotTable:1,common/data,,SP_UI_SA_SUPPLYPLANKPI_FIXMPIMPLRATE_03,105,/snop/widgets/SupplyPlanKpiDtl2Grid,view/snop/widgets/supplyplankpidtl2grid/SupplyPlanKpiDtl2Grid.jsx
snop,widgets,SupplyPlanKpiDtl3Bar,Y,N,N,N,,WIDGET,widget_chart,,,high,widget folder · chart=1 grid=0,ChartComponent:1,common/data,,SP_UI_SA_SUPPLYPLANKPI_MPFPMATCHRATE_02,184,/snop/widgets/SupplyPlanKpiDtl3Bar,view/snop/widgets/supplyplankpidtl3bar/SupplyPlanKpiDtl3Bar.jsx
snop,widgets,SupplyPlanKpiDtl3Grid,Y,N,N,N,,WIDGET,widget_pivot,,,high,widget folder · chart=0 grid=0,PivotTable:1,common/data,,SP_UI_SA_SUPPLYPLANKPI_MPFPMATCHRATE_03,106,/snop/widgets/SupplyPlanKpiDtl3Grid,view/snop/widgets/supplyplankpidtl3grid/SupplyPlanKpiDtl3Grid.jsx
snop,widgets,SupplyPlanKpiDtl4Bar,Y,N,N,N,,WIDGET,widget_chart,,,high,widget folder · chart=1 grid=0,ChartComponent:1,common/data,,SP_UI_SA_SUPPLYPLANKPI_FIXFPIMPLRATE_02,188,/snop/widgets/SupplyPlanKpiDtl4Bar,view/snop/widgets/supplyplankpidtl4bar/SupplyPlanKpiDtl4Bar.jsx
snop,widgets,SupplyPlanKpiDtl4Grid,Y,N,N,N,,WIDGET,widget_pivot,,,high,widget folder · chart=0 grid=0,PivotTable:1,common/data,,SP_UI_SA_SUPPLYPLANKPI_FIXFPIMPLRATE_03,133,/snop/widgets/SupplyPlanKpiDtl4Grid,view/snop/widgets/supplyplankpidtl4grid/SupplyPlanKpiDtl4Grid.jsx
snop,widgets,SupplyPlanKpiDtl5Bar,Y,N,N,N,,WIDGET,widget_chart,,,high,widget folder · chart=1 grid=0,ChartComponent:1,common/data,,SP_UI_SA_SUPPLYPLANKPI_FIXFPCOMPLRATE_02,188,/snop/widgets/SupplyPlanKpiDtl5Bar,view/snop/widgets/supplyplankpidtl5bar/SupplyPlanKpiDtl5Bar.jsx
snop,widgets,SupplyPlanKpiDtl5Grid,Y,N,N,N,,WIDGET,widget_pivot,,,high,widget folder · chart=0 grid=0,PivotTable:1,common/data,,SP_UI_SA_SUPPLYPLANKPI_FIXFPCOMPLRATE_03,134,/snop/widgets/SupplyPlanKpiDtl5Grid,view/snop/widgets/supplyplankpidtl5grid/SupplyPlanKpiDtl5Grid.jsx
supplychainmodel,,DemandMapping,N,N,N,N,UI_CM_12,LAYOUT_SINGLE,search_grid,P02_search_grid,,high,SearchArea + 1 BaseGrid,ContentInner:1;SearchArea:1;SearchRow:1;WorkArea:1;BaseGrid:1;GridAddRowButton:1;GridSaveButton:1;GridExcelExportButton:1;PlanScope:1,engine/mp/SRV_UI_CM_12_Q1;engine/mp/SRV_UI_CM_12_S1;engine/mp/SRV_UI_CM_12_POP_S1,,SP_UI_CM_12_S1_P_RT_MSG;SP_UI_CM_12_POP_S1_P_RT_MSG,397,/supplychainmodel/DemandMapping,view/supplychainmodel/demandmapping/DemandMapping.jsx
supplychainmodel,,Flo,N,N,N,N,,LAYOUT_ROUTELAYOUT,rl_layout_design,rl_layout,,high,route keyword · flo=1,ContentInner:1;SearchArea:1;SearchRow:1;WorkArea:1;BaseGrid:1;TreeGrid:1;TabContainer:1;FLODiagram:1;PlanScope:1,engine/mp/SRV_UI_CM_FLO_Q1;engine/mp/SRV_UI_CM_FLO_Q2;engine/mp/SRV_UI_CM_FLO_Q3,,,527,/supplychainmodel/Flo,view/supplychainmodel/flo/Flo.jsx
supplychainmodel,,GeneralConfig,N,N,N,N,UI_CM_01,LAYOUT_SINGLE,P02b_grid_only,,,mid,1 BaseGrid no SearchArea,ContentInner:1;WorkArea:1;BaseGrid:1,engine/mp/SRV_UI_CM_CODE;engine/mp/SRV_UI_CM_01_Q,,,182,/supplychainmodel/GeneralConfig,view/supplychainmodel/generalconfig/GeneralConfig.jsx
supplychainmodel,,Item,N,N,N,N,UI_CM_18,LAYOUT_SINGLE,search_grid,P02_search_grid,,high,SearchArea + 1 BaseGrid,ContentInner:1;SearchArea:1;SearchRow:1;WorkArea:1;BaseGrid:1;GridAddRowButton:1;GridDeleteRowButton:1;GridSaveButton:1;GridExcelExportButton:1;InputField:3;PlanScope:1,engine/mp/SRV_UI_CM_18_Q1;engine/mp/SRV_UI_CM_18_S1,,SP_UI_CM_18_S1_P_RT_MSG,437,/supplychainmodel/Item,view/supplychainmodel/item/Item.jsx
supplychainmodel,,ItemShipmentSchedule,N,N,N,N,UI_CM_19,LAYOUT_SINGLE,search_grid,P02_search_grid,,high,SearchArea + 1 BaseGrid,ContentInner:1;SearchArea:1;SearchRow:1;BaseGrid:1;GridSaveButton:1;GridExcelExportButton:1;PlanScope:1,engine/mp/SRV_UI_CM_19_Q1;engine/mp/SRV_UI_CM_19_S1,,SP_UI_CM_19_S1_P_RT_MSG,315,/supplychainmodel/ItemShipmentSchedule,view/supplychainmodel/itemshipmentschedule/ItemShipmentSchedule.jsx
supplychainmodel,,PlanningBom,N,N,N,N,UI_CM_11,LAYOUT_V2,v2_dual_grid,,,mid,2 BaseGrid no SplitPanel,ContentInner:1;SearchArea:1;SearchRow:1;WorkArea:1;BaseGrid:2;GridAddRowButton:2;GridDeleteRowButton:1;GridSaveButton:2;GridExcelExportButton:1;PlanScope:1,engine/mp/SRV_UI_CM_11_Q1;engine/mp/SRV_UI_CM_11_Q3;engine/mp/SRV_UI_CM_11_S2;engine/mp/SRV_UI_CM_11_S3,,SP_UI_CM_11_S2_P_RT_MSG;SP_UI_CM_11_S3_P_RT_MSG,643,/supplychainmodel/PlanningBom,view/supplychainmodel/planningbom/PlanningBom.jsx
supplychainmodel,,PlanScenario,N,N,N,N,,LAYOUT_V2,v2_dual_grid,,,mid,2 BaseGrid no SplitPanel,ContentInner:1;SearchArea:1;SearchRow:1;WorkArea:1;BaseGrid:2;GridAddRowButton:2;GridDeleteRowButton:2;GridSaveButton:1;InputField:1;PlanScope:1,engine/mp/SRV_UI_CM_16_Q2;engine/mp/SRV_UI_CM_16_Q1;engine/mp/SRV_UI_CM_16_Q3;engine/mp/SRV_UI_CM_16_S1;engine/mp/SRV_UI_CM_16_S4;engine/mp/SRV_UI_CM_16_S3,,SP_UI_CM_16_S1_P_RT_MSG;SP_UI_CM_16_S4_P_RT_MSG;SP_UI_CM_16_S3_P_RT_MSG,519,/supplychainmodel/PlanScenario,view/supplychainmodel/planscenario/PlanScenario.jsx
supplychainmodel,,ProductionBom,N,N,N,N,UI_CM_05,LAYOUT_ROUTELAYOUT,rl_layout_design,rl_layout,,high,route keyword · flo=1,ContentInner:1;SearchArea:1;SearchRow:1;WorkArea:1;BaseGrid:4;TreeGrid:1;TabContainer:1;FLODiagram:1;GridAddRowButton:4;GridDeleteRowButton:2;GridSaveButton:4;GridExcelExportButton:1;PlanScope:1,engine/mp/SRV_UI_CM_CODE;engine/mp/SRV_UI_CM_05_Q1;engine/mp/SRV_UI_CM_05_Q7;engine/mp/SRV_UI_CM_05_Q2;engine/mp/SRV_UI_CM_05_Q3;engine/mp/SRV_UI_CM_05_Q4;engine/mp/SRV_UI_CM_05_S1;engine/mp/SRV_UI_CM_05_S2;engine/mp/SRV_UI_CM_05_S3;engine/mp/SRV_UI_CM_05_S4,,SP_UI_CM_05_S1_P_RT_MSG;SP_UI_CM_05_S2_P_RT_MSG;SP_UI_CM_05_S3_P_RT_MSG;SP_UI_CM_05_S4_P_RT_MSG,1305,/supplychainmodel/ProductionBom,view/supplychainmodel/productionbom/ProductionBom.jsx
supplychainmodel,,ShipmentLt,N,N,N,N,UI_CM_07,LAYOUT_SINGLE,search_grid,P02_search_grid,,high,SearchArea + 1 BaseGrid,ContentInner:1;SearchArea:1;SearchRow:1;WorkArea:1;BaseGrid:1;GridAddRowButton:1;GridSaveButton:1;GridExcelExportButton:1;PlanScope:1,engine/mp/SRV_UI_CM_07_Q1;engine/mp/SRV_UI_CM_07_S1,,,456,/supplychainmodel/ShipmentLt,view/supplychainmodel/shipmentlt/ShipmentLt.jsx
supplychainmodel,,ShippingCalendar,N,N,N,N,UI_CM_14,LAYOUT_SINGLE,search_grid,P02_search_grid,,high,SearchArea + 1 BaseGrid,ContentInner:1;SearchArea:1;SearchRow:1;WorkArea:1;BaseGrid:1;GridSaveButton:1;GridExcelExportButton:1;PlanScope:1,engine/mp/SRV_UI_CM_14_Q1;engine/mp/SRV_UI_CM_14_S1,,SP_UI_CM_14_S1_P_RT_MSG,323,/supplychainmodel/ShippingCalendar,view/supplychainmodel/shippingcalendar/ShippingCalendar.jsx
supplychainmodel,,Site,N,N,N,N,UI_CM_02,LAYOUT_SINGLE,search_grid,P02_search_grid,,high,SearchArea + 1 BaseGrid,ContentInner:1;SearchArea:1;SearchRow:1;WorkArea:1;BaseGrid:1;GridAddRowButton:1;GridDeleteRowButton:1;GridSaveButton:1;GridExcelExportButton:1;PlanScope:1,engine/mp/SRV_UI_CM_02_Q1;engine/mp/SRV_UI_CM_02_S1,,SP_UI_CM_02_S1_P_RT_MSG,424,/supplychainmodel/Site,view/supplychainmodel/site/Site.jsx
supplychainmodel,,SiteBod,N,N,N,N,UI_CM_06,LAYOUT_V2,v2_dual_grid,,,mid,2 BaseGrid no SplitPanel,ContentInner:1;SearchArea:1;SearchRow:1;WorkArea:1;BaseGrid:2;GridAddRowButton:2;GridDeleteRowButton:2;GridSaveButton:2;GridExcelExportButton:1;PlanScope:1,engine/mp/SRV_UI_CM_06_Q1;engine/mp/SRV_UI_CM_06_Q2;engine/mp/SRV_UI_CM_06_POP_01_S;engine/mp/SRV_UI_CM_06_S2,,SP_UI_CM_06_POP_01_S_P_RT_MSG;SP_UI_CM_06_S2_P_RT_MSG,647,/supplychainmodel/SiteBod,view/supplychainmodel/sitebod/SiteBod.jsx
supplychainmodel,,SiteItem,N,N,N,N,UI_CM_04,LAYOUT_SINGLE,search_grid,P02_search_grid,,high,SearchArea + 1 BaseGrid,ContentInner:1;SearchArea:1;SearchRow:1;WorkArea:1;BaseGrid:1;GridAddRowButton:1;GridDeleteRowButton:1;GridSaveButton:1;GridExcelExportButton:1;PlanScope:1,engine/mp/SRV_UI_CM_04_Q1;engine/mp/SRV_UI_CM_04_S1,,SP_UI_CM_04_S1_P_RT_MSG,503,/supplychainmodel/SiteItem,view/supplychainmodel/siteitem/SiteItem.jsx
supplychainmodel,,SiteShipmentSchedule,N,N,N,N,UI_CM_08,LAYOUT_SINGLE,search_grid,P02_search_grid,,high,SearchArea + 1 BaseGrid,ContentInner:1;SearchArea:1;SearchRow:1;WorkArea:1;BaseGrid:1;GridSaveButton:1;GridExcelExportButton:1;PlanScope:1,engine/mp/SRV_UI_CM_08_S1;engine/mp/SRV_UI_CM_08_Q1,,SP_UI_CM_08_S1_P_RT_MSG,388,/supplychainmodel/SiteShipmentSchedule,view/supplychainmodel/siteshipmentschedule/SiteShipmentSchedule.jsx
supplychainmodel,,SiteWarehouse,N,N,N,N,,LAYOUT_SINGLE,search_grid,P02_search_grid,,high,SearchArea + 1 BaseGrid,ContentInner:1;SearchArea:1;SearchRow:1;WorkArea:1;BaseGrid:1;GridAddRowButton:1;GridDeleteRowButton:1;GridSaveButton:1;GridExcelExportButton:1,engine/mp/SRV_UI_CM_13_Q1;engine/mp/SRV_UI_CM_13_POP_02_S2;engine/mp/SRV_UI_CM_13_POP_02_S1,,SP_UI_CM_13_POP_02_S1_P_RT_MSG,292,/supplychainmodel/SiteWarehouse,view/supplychainmodel/sitewarehouse/SiteWarehouse.jsx
supplychainmodel,,SupplyChainViewer,N,N,N,N,UI_CM_SUPPLYCHAIN,LAYOUT_SINGLE,widget_dashboard,P01_widget_dashboard,,high,DashboardPanel=1,ContentInner:1;DashboardPanel:1,,,,54,/supplychainmodel/SupplyChainViewer,view/supplychainmodel/supplychainviewer/SupplyChainViewer.jsx
supplychainmodel,,Transportation,N,N,N,N,UI_CM_10,LAYOUT_V2,v2_dual_grid,,,mid,2 BaseGrid no SplitPanel,ContentInner:1;SearchArea:1;SearchRow:1;WorkArea:1;BaseGrid:2;GridAddRowButton:2;GridDeleteRowButton:2;GridSaveButton:2;GridExcelExportButton:1;PlanScope:1,engine/mp/SRV_UI_CM_10_Q2;engine/mp/SRV_UI_CM_10_D1;engine/mp/SRV_UI_CM_10_S1;engine/mp/SRV_UI_CM_01_POP_01_Q;engine/mp/SRV_UI_CM_10_Q3;engine/mp/SRV_UI_CM_10_S3;engine/mp/SRV_UI_CM_10_D3,,SP_UI_CM_10_D1_P_RT_MSG;SP_UI_CM_10_S1_P_RT_MSG;SP_UI_CM_10_S3_P_RT_MSG;SP_UI_CM_10_D3_P_RT_MSG,777,/supplychainmodel/Transportation,view/supplychainmodel/transportation/Transportation.jsx
supplychainmodel,common,AccountMultiSearchBox,N,N,N,N,,LAYOUT_SINGLE,free_form,,,low,no recognized grid/chart/split components,InputField:1;PopAccountMulti:1,,,,489,/supplychainmodel/common/AccountMultiSearchBox,view/supplychainmodel/common/AccountMultiSearchBox.jsx
supplychainmodel,common,AccountSearchCondition,N,N,N,N,,LAYOUT_SINGLE,free_form,,,low,no recognized grid/chart/split components,InputField:2,,,,75,/supplychainmodel/common/AccountSearchCondition,view/supplychainmodel/common/AccountSearchCondition.jsx
supplychainmodel,common,ItemMultiSearchBox,N,N,N,N,,LAYOUT_SINGLE,free_form,,,low,no recognized grid/chart/split components,InputField:1;PopItemMulti:1,,,,525,/supplychainmodel/common/ItemMultiSearchBox,view/supplychainmodel/common/ItemMultiSearchBox.jsx
supplychainmodel,common,ItemSearchBox,N,N,N,N,,LAYOUT_SINGLE,free_form,,,low,no recognized grid/chart/split components,InputField:2,,,,408,/supplychainmodel/common/ItemSearchBox,view/supplychainmodel/common/ItemSearchBox.jsx
supplychainmodel,common,ItemSearchCondition,N,N,N,N,,LAYOUT_SINGLE,free_form,,,low,no recognized grid/chart/split components,InputField:3,engine/mp/SRV_GET_ITEM_INFO,,,159,/supplychainmodel/common/ItemSearchCondition,view/supplychainmodel/common/ItemSearchCondition.jsx
supplychainmodel,common,LocationMultiSearchBox,N,N,N,N,,LAYOUT_SINGLE,free_form,,,low,no recognized grid/chart/split components,InputField:1;PopLocatTp:1,,,,516,/supplychainmodel/common/LocationMultiSearchBox,view/supplychainmodel/common/LocationMultiSearchBox.jsx
supplychainmodel,common,LocationSearchBox,N,N,N,N,,LAYOUT_SINGLE,free_form,,,low,no recognized grid/chart/split components,InputField:1;PopLocatTp:1,,,,409,/supplychainmodel/common/LocationSearchBox,view/supplychainmodel/common/LocationSearchBox.jsx
supplychainmodel,common,LocationSearchCondition,N,N,N,N,,LAYOUT_SINGLE,free_form,,,low,no recognized grid/chart/split components,InputField:4;PopLocatTp:1,engine/mp/SRV_GET_LOCAT_INFO,,,182,/supplychainmodel/common/LocationSearchCondition,view/supplychainmodel/common/LocationSearchCondition.jsx
supplychainmodel,common,PlanScope,N,N,N,N,,LAYOUT_SINGLE,free_form,,,low,no recognized grid/chart/split components,InputField:1,,,,77,/supplychainmodel/common/PlanScope,view/supplychainmodel/common/PlanScope.jsx
supplychainmodel,common,PopAccount,N,Y,N,N,,POPUP,popup,,popup_grid,high,Pop* file · grid=1,BaseGrid:1;PopupDialog:1,engine/mp/SRV_GET_ACCOUNT_GRID_LIST,,,102,/supplychainmodel/common/PopAccount,view/supplychainmodel/common/PopAccount.jsx
supplychainmodel,common,PopCommAccount,N,Y,N,N,,POPUP,popup,,popup_grid,high,Pop* file · grid=1,BaseGrid:1;PopupDialog:1,engine/mp/SRV_GET_ACCOUNT_GRID_LIST,,,115,/supplychainmodel/common/PopCommAccount,view/supplychainmodel/common/PopCommAccount.jsx
supplychainmodel,common,PopCommItem,N,Y,N,N,,POPUP,popup,,popup_grid,high,Pop* file · grid=1,SearchArea:1;WorkArea:1;BaseGrid:1;InputField:4;PopupDialog:1,engine/mp/SRV_GET_COMBO_LIST;engine/mp/,,,165,/supplychainmodel/common/PopCommItem,view/supplychainmodel/common/PopCommItem.jsx
supplychainmodel,common,PopCommItemClass,N,Y,N,N,,POPUP,popup,,popup_grid,high,Pop* file · grid=1,BaseGrid:1;PopupDialog:1,engine/mp/SRV_UI_COMM_DATA_Q,,,115,/supplychainmodel/common/PopCommItemClass,view/supplychainmodel/common/PopCommItemClass.jsx
supplychainmodel,common,PopCommItemLoc,N,Y,N,N,,POPUP,popup,,popup_grid,high,Pop* file · grid=1,SearchArea:1;WorkArea:1;BaseGrid:1;InputField:3;PopupDialog:1,engine/mp/SRV_GET_COMBO_LIST;engine/mp/SRV_UI_CM_11_POP_Q2,,,158,/supplychainmodel/common/PopCommItemLoc,view/supplychainmodel/common/PopCommItemLoc.jsx
supplychainmodel,common,PopCommItemLv,N,Y,N,N,,POPUP,popup,,popup_grid,high,Pop* file · grid=1,SearchArea:1;WorkArea:1;BaseGrid:1;InputField:3;PopupDialog:1,engine/mp/SRV_GET_COMBO_LIST;engine/mp/SRV_UI_CM_04_POP_01_Q,,,154,/supplychainmodel/common/PopCommItemLv,view/supplychainmodel/common/PopCommItemLv.jsx
supplychainmodel,common,PopCommItemTree,N,Y,N,N,,POPUP,popup,,popup_grid,high,Pop* file · grid=1,SearchArea:1;BaseGrid:1;TreeGrid:1;InputField:4;PopupDialog:1,engine/dp/SRV_GET_SP_UI_DP_00_CONF_Q1;engine/mp/SRV_UI_IM_00_POPUP_ITEM_TREE_Q2;engine/mp/SRV_GET_SP_UI_IM_00_ITEM_TREE_LV_DATA_Q1,,SP_UI_DP_00_CONF_Q1_01;SP_UI_DP_00_CONF_Q1_02;SP_UI_DP_00_CONF_Q1_03;SP_UI_DP_00_CONF_Q1;SP_UI_IM_00_ITEM_TREE_LV_DATA_Q1,292,/supplychainmodel/common/PopCommItemTree,view/supplychainmodel/common/PopCommItemTree.jsx
supplychainmodel,common,PopCommResource,N,Y,N,N,,POPUP,popup,,popup_grid,high,Pop* file · grid=1,SearchArea:1;WorkArea:1;BaseGrid:1;InputField:4;PopupDialog:1,engine/mp/SRV_GET_RES_GRID_LIST,,,130,/supplychainmodel/common/PopCommResource,view/supplychainmodel/common/PopCommResource.jsx
supplychainmodel,common,PopCommSimulationVersion,N,Y,N,N,,POPUP,popup,,popup_grid,high,Pop* file · grid=1,SearchArea:1;BaseGrid:1;InputField:4;PopupDialog:1,engine/T3SeriesSupplyNetServer/SRV_COMM_SRH_VER_Q,,,135,/supplychainmodel/common/PopCommSimulationVersion,view/supplychainmodel/common/PopCommSimulationVersion.jsx
supplychainmodel,common,PopCurcy,N,Y,N,N,,POPUP,popup,,popup_grid,high,Pop* file · grid=1,BaseGrid:1;PopupDialog:1,engine/mp/SRV_UI_CM_04_POP_01_Q,,,112,/supplychainmodel/common/PopCurcy,view/supplychainmodel/common/PopCurcy.jsx
supplychainmodel,common,PopCyclCalendar,N,Y,N,N,,POPUP,popup,,popup_grid,high,Pop* file · grid=1,BaseGrid:1;PopupDialog:1,engine/mp/SRV_SP_UI_IM_26_Q4,,,124,/supplychainmodel/common/PopCyclCalendar,view/supplychainmodel/common/PopCyclCalendar.jsx
supplychainmodel,common,PopDemandAccount,N,Y,N,N,,POPUP,popup,,popup_grid,high,Pop* file · grid=1,BaseGrid:1;PopupDialog:1,engine/mp/SRV_GET_ACCOUNT_GRID_LIST,,,124,/supplychainmodel/common/PopDemandAccount,view/supplychainmodel/common/PopDemandAccount.jsx
supplychainmodel,common,PopDemandItem,N,Y,N,N,,POPUP,popup,,popup_grid,high,Pop* file · grid=1,SearchArea:1;BaseGrid:1;InputField:4;PopupDialog:1,engine/mp/SRV_GET_COMBO_LIST;engine/mp/SRV_GET_ITEM_GRID_LIST,,,166,/supplychainmodel/common/PopDemandItem,view/supplychainmodel/common/PopDemandItem.jsx
supplychainmodel,common,PopDemanditem02,N,Y,N,N,,POPUP,popup,,popup_grid,high,Pop* file · grid=1,BaseGrid:1;PopupDialog:1,engine/mp/SRV_UI_COMM_DATA_Q,,,112,/supplychainmodel/common/PopDemanditem02,view/supplychainmodel/common/PopDemanditem02.jsx
supplychainmodel,common,PopDemandItem03,N,Y,N,N,,POPUP,popup,,popup_grid,high,Pop* file · grid=1,SearchArea:1;BaseGrid:1;InputField:3;PopupDialog:1,engine/mp/SRV_GET_COMBO_LIST;engine/mp/SRV_UI_COMM_DATA_Q,,,137,/supplychainmodel/common/PopDemandItem03,view/supplychainmodel/common/PopDemandItem03.jsx
supplychainmodel,common,PopDemandItem04,N,Y,N,N,,POPUP,popup,,popup_grid,high,Pop* file · grid=1,SearchArea:1;BaseGrid:1;InputField:3;PopupDialog:1,engine/mp/SRV_GET_COMBO_LIST;engine/mp/SRV_UI_COMM_DATA_Q,,,145,/supplychainmodel/common/PopDemandItem04,view/supplychainmodel/common/PopDemandItem04.jsx
supplychainmodel,common,PopDemandLocat,N,Y,N,N,,POPUP,popup,,popup_grid,high,Pop* file · grid=1,BaseGrid:1;PopupDialog:1,engine/mp/SRV_GET_LOCAT_GRID_LIST,,,108,/supplychainmodel/common/PopDemandLocat,view/supplychainmodel/common/PopDemandLocat.jsx
supplychainmodel,common,PopDemandSalesLevel,N,Y,N,N,,POPUP,popup,,popup_grid,high,Pop* file · grid=1,BaseGrid:1;PopupDialog:1,engine/mp/SRV_UI_COMM_DATA_Q,,,112,/supplychainmodel/common/PopDemandSalesLevel,view/supplychainmodel/common/PopDemandSalesLevel.jsx
supplychainmodel,common,PopLocationItem,N,Y,N,N,,POPUP,popup,,popup_grid,high,Pop* file · grid=1,SearchArea:1;WorkArea:1;BaseGrid:1;InputField:4;PopupDialog:1,engine/mp/SRV_GET_LOCAT_ITEM_LIST,,,113,/supplychainmodel/common/PopLocationItem,view/supplychainmodel/common/PopLocationItem.jsx
supplychainmodel,common,PopPeggingAttr,N,Y,N,N,,POPUP,popup,,popup_grid,high,Pop* file · grid=1,BaseGrid:1;PopupDialog:1,engine/mp/,,,100,/supplychainmodel/common/PopPeggingAttr,view/supplychainmodel/common/PopPeggingAttr.jsx
supplychainmodel,common,PopPoCycleCalendar,N,Y,N,N,,POPUP,popup,,popup_grid,high,Pop* file · grid=1,BaseGrid:1;PopupDialog:1,common/data,,SP_UI_RP_PO_CYCLE_CALENDAR_Q1,111,/supplychainmodel/common/PopPoCycleCalendar,view/supplychainmodel/common/PopPoCycleCalendar.jsx
supplychainmodel,common,PopSABC,N,Y,N,N,,POPUP,popup,,popup_grid,high,Pop* file · grid=1,BaseGrid:1;PopupDialog:1,engine/mp/SRV_UI_IM_08_Q3,,,93,/supplychainmodel/common/PopSABC,view/supplychainmodel/common/PopSABC.jsx
supplychainmodel,common,PopStockType,N,Y,N,N,,POPUP,popup,,popup_grid,high,Pop* file · grid=1,BaseGrid:1;PopupDialog:1,engine/mp/SRV_UI_IM_12_S3,,SP_UI_IM_12_S3_P_RT_MSG,166,/supplychainmodel/common/PopStockType,view/supplychainmodel/common/PopStockType.jsx
supplychainmodel,common,PopWhType,N,Y,N,N,,POPUP,popup,,popup_grid,high,Pop* file · grid=1,BaseGrid:1;PopupDialog:1,engine/mp/SRV_UI_IM_11_Q2,,,101,/supplychainmodel/common/PopWhType,view/supplychainmodel/common/PopWhType.jsx
supplychainmodel,common,ResourceMultiSearchBox,N,N,N,N,,LAYOUT_SINGLE,free_form,,,low,no recognized grid/chart/split components,InputField:1;PopResourceMulti:1,,,,489,/supplychainmodel/common/ResourceMultiSearchBox,view/supplychainmodel/common/ResourceMultiSearchBox.jsx
supplychainmodel,common,RouteMultiSearchBox,N,N,N,N,,LAYOUT_ROUTELAYOUT,rl_layout_design,rl_layout,,mid,route keyword · flo=0,InputField:1;PopRouteMulti:1,,,,489,/supplychainmodel/common/RouteMultiSearchBox,view/supplychainmodel/common/RouteMultiSearchBox.jsx
supplychainmodel,common,SimulationVersionCondition,N,N,N,N,,LAYOUT_SINGLE,free_form,,,low,no recognized grid/chart/split components,InputField:3,engine/mp/SRV_COMM_DEFAULT_VER,,,104,/supplychainmodel/common/SimulationVersionCondition,view/supplychainmodel/common/SimulationVersionCondition.jsx
supplychainmodel,demandmapping,PopDemandMappingCreate,N,Y,N,N,,POPUP,popup,,popup_form,high,Pop* file · grid=0,TabContainer:1;InputField:25;PopupDialog:1,engine/mp/SRV_UI_CM_12_BATCH,,SP_UI_CM_CODE;SP_UI_CM_12_BATCH_P_RT_MSG,351,/supplychainmodel/demandmapping/PopDemandMappingCreate,view/supplychainmodel/demandmapping/PopDemandMappingCreate.jsx
supplychainmodel,demandmapping,PopDemandMappingNew,N,Y,N,N,,POPUP,popup,,popup_form,high,Pop* file · grid=0,TabContainer:1;InputField:12;PopupDialog:1,,,,133,/supplychainmodel/demandmapping/PopDemandMappingNew,view/supplychainmodel/demandmapping/PopDemandMappingNew.jsx
supplychainmodel,generalconfig,PopGeneralConfig,N,Y,N,N,,POPUP,popup,,popup_grid,high,Pop* file · grid=1,BaseGrid:1;GridAddRowButton:1;GridDeleteRowButton:1;GridSaveButton:1;PlanScope:1;PopupDialog:1,engine/mp/SRV_UI_CM_CODE,,,478,/supplychainmodel/generalconfig/PopGeneralConfig,view/supplychainmodel/generalconfig/PopGeneralConfig.jsx
supplychainmodel,generalconfig,PopGeneralConfigMulti,N,Y,N,N,,POPUP,popup,,popup_grid,high,Pop* file · grid=2,BaseGrid:2;GridAddRowButton:2;GridDeleteRowButton:2;GridSaveButton:2;PlanScope:1;PopupDialog:1,engine/mp/SRV_UI_CM_CODE,,,658,/supplychainmodel/generalconfig/PopGeneralConfigMulti,view/supplychainmodel/generalconfig/PopGeneralConfigMulti.jsx
supplychainmodel,generalconfig,PopGeneralConfigTab,N,Y,N,N,,POPUP,popup,,popup_grid,high,Pop* file · grid=3,BaseGrid:3;TabContainer:1;GridAddRowButton:3;GridDeleteRowButton:3;PopupDialog:1,engine/mp/SRV_UI_CM_CODE,,SP_UI_IM_01_POP_05_S2_P_RT_MSG;SP_UI_IM_01_POP_05_S1_P_RT_MSG,326,/supplychainmodel/generalconfig/PopGeneralConfigTab,view/supplychainmodel/generalconfig/PopGeneralConfigTab.jsx
supplychainmodel,generalconfig,PopPlanScenario,N,Y,N,N,,POPUP,popup,,popup_grid,high,Pop* file · grid=1,BaseGrid:1;PopupDialog:1,engine/mp/SRV_UI_CM_16_Q1,,,101,/supplychainmodel/generalconfig/PopPlanScenario,view/supplychainmodel/generalconfig/PopPlanScenario.jsx
supplychainmodel,planningbom,PopPlanningBomBundleCreate,N,Y,N,N,,POPUP,popup,,popup_form,high,Pop* file · grid=0,InputField:4;PopupDialog:1,engine/mp/SRV_UI_CM_11_BATCH,,SP_UI_CM_11_BATCH_P_RT_MSG,133,/supplychainmodel/planningbom/PopPlanningBomBundleCreate,view/supplychainmodel/planningbom/PopPlanningBomBundleCreate.jsx
supplychainmodel,planningbom,PopPlanningBomGrid1New,N,Y,N,N,,POPUP,popup,,popup_form,high,Pop* file · grid=0,InputField:10;PopupDialog:1,engine/mp/SRV_UI_CM_11_POP_S2,,SP_UI_CM_11_POP_S2_P_RT_MSG,173,/supplychainmodel/planningbom/PopPlanningBomGrid1New,view/supplychainmodel/planningbom/PopPlanningBomGrid1New.jsx
supplychainmodel,planningbom,PopPlanningBomGrid2New,N,Y,N,N,,POPUP,popup,,popup_grid,high,Pop* file · grid=1,BaseGrid:1;TabContainer:1;InputField:10;PopupDialog:1,engine/mp/SRV_UI_CM_11_POP_Q1;engine/mp/SRV_UI_CM_11_S3,,SP_UI_CM_11_S3_P_RT_MSG,175,/supplychainmodel/planningbom/PopPlanningBomGrid2New,view/supplychainmodel/planningbom/PopPlanningBomGrid2New.jsx
supplychainmodel,planscenario,PopConfirmSubjectPlan,N,Y,N,N,,POPUP,popup,,popup_grid,high,Pop* file · grid=1,BaseGrid:1;PopupDialog:1,engine/mp/SRV_UI_CM_16_Q2,,,84,/supplychainmodel/planscenario/PopConfirmSubjectPlan,view/supplychainmodel/planscenario/PopConfirmSubjectPlan.jsx
supplychainmodel,planscenario,PopPlanPolicy,N,Y,N,N,,POPUP,popup,,popup_grid,high,Pop* file · grid=1,BaseGrid:1;PopupDialog:1,engine/mp/SRV_UI_CM_16_Q2,,,85,/supplychainmodel/planscenario/PopPlanPolicy,view/supplychainmodel/planscenario/PopPlanPolicy.jsx
supplychainmodel,planscenario,PopPlanScenario,N,Y,N,N,,POPUP,popup,,popup_form,high,Pop* file · grid=0,InputField:4;PopupDialog:1,engine/mp/SRV_UI_CM_15_Q1;engine/mp/SRV_UI_CM_16_S1,,SP_UI_CM_16_S1_P_RT_MSG,93,/supplychainmodel/planscenario/PopPlanScenario,view/supplychainmodel/planscenario/PopPlanScenario.jsx
supplychainmodel,planscenario,PopPlanScenarioStep,N,Y,N,N,,POPUP,popup,,popup_grid,high,Pop* file · grid=1,BaseGrid:1;TabContainer:1;GridAddRowButton:1;GridDeleteRowButton:1;InputField:12;PopupDialog:1,engine/mp/SRV_UI_CM_15_Q1;engine/mp/SRV_UI_CM_16_Q2;engine/mp/SRV_UI_CM_16_S2,,SP_UI_CM_16_S2_P_RT_MSG,443,/supplychainmodel/planscenario/PopPlanScenarioStep,view/supplychainmodel/planscenario/PopPlanScenarioStep.jsx
supplychainmodel,planscenario,PopProcedure,N,Y,N,N,,POPUP,popup,,popup_grid,high,Pop* file · grid=1,BaseGrid:1;PopupDialog:1,engine/mp/SRV_UI_CM_16_Q2,,,84,/supplychainmodel/planscenario/PopProcedure,view/supplychainmodel/planscenario/PopProcedure.jsx
supplychainmodel,planscenario,PopUILink,N,Y,N,N,,POPUP,popup,,popup_grid,high,Pop* file · grid=1,BaseGrid:1;PopupDialog:1,engine/mp/SRV_UI_CM_16_Q2,,,109,/supplychainmodel/planscenario/PopUILink,view/supplychainmodel/planscenario/PopUILink.jsx
supplychainmodel,productionbom,PopComponentItem,N,Y,N,N,,POPUP,popup,,popup_grid,high,Pop* file · grid=1,BaseGrid:1;PopupDialog:1,engine/mp/SRV_UI_CM_05_Q2,,,124,/supplychainmodel/productionbom/PopComponentItem,view/supplychainmodel/productionbom/PopComponentItem.jsx
supplychainmodel,productionbom,PopNewChildBom,N,Y,N,N,,POPUP,popup,,popup_form,high,Pop* file · grid=0,InputField:18;PopupDialog:1,engine/mp/SRV_UI_CM_05_S2,,SP_UI_CM_05_S2_P_RT_MSG,193,/supplychainmodel/productionbom/PopNewChildBom,view/supplychainmodel/productionbom/PopNewChildBom.jsx
supplychainmodel,productionbom,PopNewParentBom,N,Y,N,N,,POPUP,popup,,popup_form,high,Pop* file · grid=0,InputField:11;PopupDialog:1,engine/mp/SRV_UI_CM_05_S1,,SP_UI_CM_05_S1_P_RT_MSG,116,/supplychainmodel/productionbom/PopNewParentBom,view/supplychainmodel/productionbom/PopNewParentBom.jsx
supplychainmodel,productionbom,PopNewPeriodActiveBom,N,Y,N,N,,POPUP,popup,,popup_form,high,Pop* file · grid=0,TabContainer:1;InputField:10;PopupDialog:1,engine/mp/SRV_UI_CM_05_S3,,SP_UI_CM_05_S3_P_RT_MSG,100,/supplychainmodel/productionbom/PopNewPeriodActiveBom,view/supplychainmodel/productionbom/PopNewPeriodActiveBom.jsx
supplychainmodel,productionbom,PopNewPeriodBomRate,N,Y,N,N,,POPUP,popup,,popup_form,high,Pop* file · grid=0,TabContainer:1;InputField:16;PopupDialog:1,engine/mp/SRV_UI_CM_05_S4,,SP_UI_CM_05_S4_P_RT_MSG,153,/supplychainmodel/productionbom/PopNewPeriodBomRate,view/supplychainmodel/productionbom/PopNewPeriodBomRate.jsx
supplychainmodel,productionbom,PopParentComponentItem,N,Y,N,N,,POPUP,popup,,popup_grid,high,Pop* file · grid=1,SearchArea:1;BaseGrid:1;InputField:4;PopupDialog:1,engine/mp/SRV_GET_COMBO_LIST;engine/mp/SRV_UI_CM_05_POP_01_Q,,,161,/supplychainmodel/productionbom/PopParentComponentItem,view/supplychainmodel/productionbom/PopParentComponentItem.jsx
supplychainmodel,productionbom,PopPopParentComponentItem,N,Y,N,N,,POPUP,popup,,popup_grid,high,Pop* file · grid=2,SearchArea:1;WorkArea:1;BaseGrid:2;InputField:4;PopupDialog:1,engine/mp/SRV_GET_COMBO_LIST;engine/mp/SRV_UI_CM_05_POP_01_Q;engine/mp/SRV_UI_CM_05_Q6,,,270,/supplychainmodel/productionbom/PopPopParentComponentItem,view/supplychainmodel/productionbom/PopPopParentComponentItem.jsx
supplychainmodel,productionbom,PopProductionBomBundleCreate,N,Y,N,N,,POPUP,popup,,popup_form,high,Pop* file · grid=0,InputField:4;PopupDialog:1,engine/mp/SRV_UI_CM_05_BATCH,,SP_UI_CM_05_BATCH_P_RT_MSG,137,/supplychainmodel/productionbom/PopProductionBomBundleCreate,view/supplychainmodel/productionbom/PopProductionBomBundleCreate.jsx
supplychainmodel,shipmentlt,PopShipmentLtBundleCreate,N,Y,N,N,,POPUP,popup,,popup_form,high,Pop* file · grid=0,InputField:8;PopLocatTp:1;PopupDialog:1,engine/mp/SRV_UI_CM_07_BATCH,,SP_UI_CM_07_BATCH_P_RT_MSG,144,/supplychainmodel/shipmentlt/PopShipmentLtBundleCreate,view/supplychainmodel/shipmentlt/PopShipmentLtBundleCreate.jsx
supplychainmodel,shipmentlt,PopShipmentLtGridNew,N,Y,N,N,,POPUP,popup,,popup_grid,high,Pop* file · grid=2,BaseGrid:2;TabContainer:1;PopupDialog:1,engine/mp/SRV_UI_CM_07_POP_S1;engine/mp/SRV_UI_CM_07_POP_S2,,SP_UI_CM_07_POP_S1_P_RT_MSG;SP_UI_CM_07_POP_S2_P_RT_MSG,294,/supplychainmodel/shipmentlt/PopShipmentLtGridNew,view/supplychainmodel/shipmentlt/PopShipmentLtGridNew.jsx
supplychainmodel,site,PopLocationBundleCreate,N,Y,N,N,,POPUP,popup,,popup_form,high,Pop* file · grid=0,InputField:5;PopLocatMst:1;PopupDialog:1,engine/mp/SRV_UI_CM_02_BATCH,,SP_UI_CM_02_BATCH_P_RT_MSG,111,/supplychainmodel/site/PopLocationBundleCreate,view/supplychainmodel/site/PopLocationBundleCreate.jsx
supplychainmodel,site,PopLocationMaster,N,Y,N,N,,POPUP,popup,,popup_grid,high,Pop* file · grid=1,BaseGrid:1;PopupDialog:1,engine/mp/SRV_UI_CM_01_POP_01_Q,,,103,/supplychainmodel/site/PopLocationMaster,view/supplychainmodel/site/PopLocationMaster.jsx
supplychainmodel,sitebod,PopPeriodSourcingPolicy,N,Y,N,N,,POPUP,popup,,popup_grid,high,Pop* file · grid=1,BaseGrid:1;TabContainer:1;InputField:6;PopupDialog:1,engine/mp/SRV_UI_CM_06_POP_02_Q;engine/mp/SRV_UI_CM_06_S2,,SP_UI_CM_06_S2_P_RT_MSG,168,/supplychainmodel/sitebod/PopPeriodSourcingPolicy,view/supplychainmodel/sitebod/PopPeriodSourcingPolicy.jsx
supplychainmodel,sitebod,PopSiteBod,N,Y,N,N,,POPUP,popup,,popup_grid,high,Pop* file · grid=1,BaseGrid:1;TabContainer:1;GridAddRowButton:1;GridDeleteRowButton:1;InputField:4;PopLocatTp:1;PopupDialog:1,engine/mp/SRV_UI_CM_06_POP_02_Q;engine/mp/SRV_UI_CM_06_POP_01_S,,SP_UI_CM_06_POP_01_S_P_RT_MSG,247,/supplychainmodel/sitebod/PopSiteBod,view/supplychainmodel/sitebod/PopSiteBod.jsx
supplychainmodel,sitebod,PopSiteBodBundleCreate,N,Y,N,N,,POPUP,popup,,popup_form,high,Pop* file · grid=0,InputField:3;PopupDialog:1,engine/mp/SRV_UI_CM_06_BATCH,,SP_UI_CM_06_BATCH_P_RT_MSG,88,/supplychainmodel/sitebod/PopSiteBodBundleCreate,view/supplychainmodel/sitebod/PopSiteBodBundleCreate.jsx
supplychainmodel,sitebod,PopSupplyLocation,N,Y,N,N,,POPUP,popup,,popup_grid,high,Pop* file · grid=1,BaseGrid:1;PopupDialog:1,engine/mp/SRV_UI_CM_06_POP_Q1,,,85,/supplychainmodel/sitebod/PopSupplyLocation,view/supplychainmodel/sitebod/PopSupplyLocation.jsx
supplychainmodel,siteitem,PopDifGrade,N,Y,N,N,,POPUP,popup,,popup_grid,high,Pop* file · grid=1,BaseGrid:1;PopupDialog:1,engine/dp/SRV_UI_CM_01_POP_01_Q,,,108,/supplychainmodel/siteitem/PopDifGrade,view/supplychainmodel/siteitem/PopDifGrade.jsx
supplychainmodel,siteitem,PopSiteItemBatchUpdate,N,Y,N,N,,POPUP,popup,,popup_form,high,Pop* file · grid=0,TabContainer:1;InputField:63;PopLocatTp:2;PopupDialog:1,engine/mp/SRV_UI_CM_04_BATCH_UPDATE,,SP_UI_CM_04_BATCH_UPDATE_P_RT_MSG,540,/supplychainmodel/siteitem/PopSiteItemBatchUpdate,view/supplychainmodel/siteitem/PopSiteItemBatchUpdate.jsx
supplychainmodel,siteitem,PopSiteItemBundleCreate,N,Y,N,N,,POPUP,popup,,popup_form,high,Pop* file · grid=0,InputField:11;PopLocatTp:1;PopupDialog:1,engine/mp/SRV_UI_CM_04_BATCH,,SP_UI_CM_04_BATCH_P_RT_MSG,197,/supplychainmodel/siteitem/PopSiteItemBundleCreate,view/supplychainmodel/siteitem/PopSiteItemBundleCreate.jsx
supplychainmodel,siteitem,PopSiteItemNew,N,Y,N,N,,POPUP,popup,,popup_form,high,Pop* file · grid=0,TabContainer:1;InputField:34;PopLocatTp:1;PopupDialog:1,engine/mp/SRV_UI_CM_04_S2,,SP_UI_CM_04_S2_P_RT_MSG,305,/supplychainmodel/siteitem/PopSiteItemNew,view/supplychainmodel/siteitem/PopSiteItemNew.jsx
supplychainmodel,siteshipmentschedule,PopDailyExceptionSchedule,N,Y,N,N,,POPUP,popup,,popup_grid,high,Pop* file · grid=1,BaseGrid:1;GridAddRowButton:1;GridDeleteRowButton:1;PopupDialog:1,engine/mp/SRV_UI_CM_08_POP_01_Q;engine/mp/SRV_UI_CM_08_POP_02_S,,SP_UI_CM_08_POP_02_S_P_RT_MSG,188,/supplychainmodel/siteshipmentschedule/PopDailyExceptionSchedule,view/supplychainmodel/siteshipmentschedule/PopDailyExceptionSchedule.jsx
supplychainmodel,siteshipmentschedule,PopHoliday,N,Y,N,N,,POPUP,popup,,popup_grid,high,Pop* file · grid=1,BaseGrid:1;GridAddRowButton:1;GridDeleteRowButton:1;PopupDialog:1,engine/mp/SRV_UI_CM_08_POP_01_Q;engine/mp/SRV_UI_CM_08_POP_04_S,,SP_UI_CM_08_POP_04_S_P_RT_MSG,185,/supplychainmodel/siteshipmentschedule/PopHoliday,view/supplychainmodel/siteshipmentschedule/PopHoliday.jsx
supplychainmodel,siteshipmentschedule,PopMonthlyExceptionSchedule,N,Y,N,N,,POPUP,popup,,popup_grid,high,Pop* file · grid=1,BaseGrid:1;GridAddRowButton:1;GridDeleteRowButton:1;PopupDialog:1,engine/mp/SRV_UI_CM_08_POP_01_Q;engine/mp/SRV_UI_CM_08_POP_03_S,,SP_UI_CM_08_POP_03_S_P_RT_MSG,191,/supplychainmodel/siteshipmentschedule/PopMonthlyExceptionSchedule,view/supplychainmodel/siteshipmentschedule/PopMonthlyExceptionSchedule.jsx
supplychainmodel,siteshipmentschedule,PopShipmentSchedule,N,Y,N,N,,POPUP,popup,,popup_grid,high,Pop* file · grid=1,BaseGrid:1;InputField:9;PopupDialog:1,engine/mp/SRV_UI_CM_08_POP_01_Q;engine/mp/SRV_UI_CM_08_POP_01_S,,SP_UI_CM_08_POP_01_S_P_RT_MSG,275,/supplychainmodel/siteshipmentschedule/PopShipmentSchedule,view/supplychainmodel/siteshipmentschedule/PopShipmentSchedule.jsx
supplychainmodel,sitewarehouse,PopPopLocat,N,Y,N,N,,POPUP,popup,,popup_grid,high,Pop* file · grid=1,BaseGrid:1;PopupDialog:1,engine/mp/SRV_UI_CM_13_POP_01_Q,,,107,/supplychainmodel/sitewarehouse/PopPopLocat,view/supplychainmodel/sitewarehouse/PopPopLocat.jsx
supplychainmodel,sitewarehouse,PopSiteWarehouse,N,Y,N,N,,POPUP,popup,,popup_grid,high,Pop* file · grid=1,BaseGrid:1;TabContainer:1;GridAddRowButton:1;GridDeleteRowButton:1;InputField:9;PopLocatTp:1;PopupDialog:1,engine/mp/SRV_UI_CM_13_POP_03_Q;engine/mp/SRV_UI_CM_13_POP_02_S1;engine/mp/SRV_UI_CM_13_POP_02_S2,,SP_UI_CM_13_POP_02_S1_P_RT_MSG,289,/supplychainmodel/sitewarehouse/PopSiteWarehouse,view/supplychainmodel/sitewarehouse/PopSiteWarehouse.jsx
supplychainmodel,transportation,PopTransportationBundleCreate,N,Y,N,N,,POPUP,popup,,popup_form,high,Pop* file · grid=0,TabContainer:1;InputField:11;PopupDialog:1,engine/mp/SRV_UI_CM_10_BATCH,,SP_UI_CM_10_BATCH_P_RT_MSG,171,/supplychainmodel/transportation/PopTransportationBundleCreate,view/supplychainmodel/transportation/PopTransportationBundleCreate.jsx
supplychainmodel,transportation,PopTransportationGridNew,N,Y,N,N,,POPUP,popup,,popup_grid,high,Pop* file · grid=2,BaseGrid:2;TabContainer:1;InputField:8;PopupDialog:1,engine/mp/SRV_UI_COMM_DATA_Q;engine/mp/SRV_UI_CM_10_POP_S1;engine/mp/SRV_UI_CM_10_POP_S2,,SP_UI_CM_10_POP_S1_P_RT_MSG;SP_UI_CM_10_POP_S2_P_RT_MSG,394,/supplychainmodel/transportation/PopTransportationGridNew,view/supplychainmodel/transportation/PopTransportationGridNew.jsx
supplychainmodel,widgets,SupplyChainMap,Y,N,N,N,,WIDGET,widget_misc,,,high,widget folder · chart=0 grid=0,,,,,129,/supplychainmodel/widgets/supplychainview/SupplyChainMap,view/supplychainmodel/widgets/supplychainview/SupplyChainMap.jsx
supplychainmodel,widgets,SupplyChainView,Y,N,N,N,,WIDGET,widget_misc,,,high,widget folder · chart=0 grid=0,,common/data,,SP_UI_CM_SUPPLYCHAIN,134,/supplychainmodel/widgets/SupplyChainView,view/supplychainmodel/widgets/supplychainview/SupplyChainView.jsx
supplyorder,,DpAnalysis,N,N,N,N,UI_SO_DPANALYSIS,LAYOUT_V2,grid_chart_stacked,v2_chart_grid,,mid,Chart=1 Grid=1,ContentInner:1;SearchArea:1;SearchRow:1;WorkArea:1;BaseGrid:1;ChartComponent:1;GridCnt:1;InputField:1;PlanScope:1,engine/dp/GetDpAnalysisChart;engine/dp/GetDpAnalysis,,SP_UI_SO_TRANS_VER,816,/supplyorder/DpAnalysis,view/supplyorder/dpanalysis/DpAnalysis.jsx
supplyorder,,SoAdjust,N,N,N,N,UI_SO_ADJUST,LAYOUT_V2,grid_chart_stacked,v2_chart_grid,,mid,Chart=1 Grid=1,ContentInner:1;SearchArea:1;SearchRow:1;WorkArea:1;BaseGrid:1;ChartComponent:1;GridDeleteRowButton:1;GridSaveButton:1;InputField:2;PlanScope:1;PopSelectItem:1,engine/dp/SRV_GET_SP_UI_SO_ADJUST_CHART_Q1;engine/dp/SRV_GET_SP_UI_SO_ADJUST_CHART_Q2;so/adjust;engine/dp/SRV_SET_SP_UI_SO_ADJUST_D1,,SP_UI_SO_ADJUST_DMD_TP;SP_UI_SO_ADJUST_CONFIG;SP_UI_SO_URGENT_TP;SP_UI_SO_DEMAND_CLASS;SP_UI_SO_ADJUST_MERGE;SP_UI_SO_ADJUST_CHART_Q1;SP_UI_SO_ADJUST_CHART_Q2;SP_UI_SO_ADJUST_S1;SP_UI_SO_ADJUST_S1_P_RT_MSG;SP_UI_SO_ADJUST_D1;SP_UI_SO_ADJUST_D1_P_RT_MSG,1297,/supplyorder/SoAdjust,view/supplyorder/soadjust/SoAdjust.jsx
supplyorder,,SoAnalysis,N,N,N,N,UI_SO_ANALYSIS,LAYOUT_V2,grid_chart_stacked,v2_chart_grid,,mid,Chart=1 Grid=1,ContentInner:1;SearchArea:1;SearchRow:1;WorkArea:1;BaseGrid:1;ChartComponent:1;PlanScope:1;PopPersonalize:1,engine/dp/SRV_GET_SP_UI_SO_ANALYSIS_Q2;engine/dp/SRV_GET_SP_UI_SO_ANALYSIS_CHART_Q1,,SP_UI_SO_ANALYSIS_Q2;SP_UI_SO_ANALYSIS_CHART_Q1,667,/supplyorder/SoAnalysis,view/supplyorder/soanalysis/SoAnalysis.jsx
supplyorder,,SoItemTrend,N,N,N,N,UI_SO_ITEMTREND,LAYOUT_SINGLE,search_grid,P02_search_grid,,high,SearchArea + 1 BaseGrid,ContentInner:1;SearchArea:1;SearchRow:1;WorkArea:1;BaseGrid:1;PlanScope:1,engine/dp/SRV_UI_DP_00_POPUP_ITEM_TREE_Q2;engine/dp/SRV_GET_SP_UI_SO_ITEM_TREND_Q1,,SP_UI_SO_ADJUST_DMD_TP;SP_UI_SO_ITEM_TREND_Q1,607,/supplyorder/SoItemTrend,view/supplyorder/soitemtrend/SoItemTrend.jsx
supplyorder,,SoTransform,N,N,N,N,UI_SO_TRANSFORM,LAYOUT_SINGLE,free_form,,,low,no recognized grid/chart/split components,ContentInner:1;WorkArea:1;PlanScope:1,engine/dp/,SRV_GET_SP_UI_SO_TRANS_VER;SRV_GET_SP_UI_SO_TRANS_CONFIG;SRV_SET_SP_UI_SO_TRANS_CONFIRM;SRV_GET_SP_UI_SO_TRANS_GEN,SP_UI_SO_TRANS_LOC;SP_UI_SO_TRANS_VER;SP_UI_SO_TRANS_CONFIG;SP_UI_SO_TRANS_CONFIRM;SP_UI_SO_TRANS_CONFIRM_P_RT_MSG;SP_UI_SO_TRANS_GEN;SP_UI_SO_TRANS_GEN_P_RT_MSG,688,/supplyorder/SoTransform,view/supplyorder/sotransform/SoTransform.jsx
supplyorder,soadjust,SoPopRegister,N,N,N,N,,LAYOUT_SINGLE,search_tab,P03_search_tabs,tabs=1,high,TabContainer=1,TabContainer:1;InputField:9;PopSelectItem:1;PopSelectAccount:1;PopupDialog:1,,,SP_UI_SO_ADJUST_S1;SP_UI_SO_ADJUST_S1_P_RT_MSG,169,/supplyorder/soadjust/SoPopRegister,view/supplyorder/soadjust/SoPopRegister.jsx
supplyorder,soadjust,SoSplitDialog,N,N,N,N,,LAYOUT_SINGLE,free_form,,,low,no recognized grid/chart/split components,,,,SP_UI_SO_ADJUST_SEPERATE;SP_UI_SO_ADJUST_SEPERATE_P_RT_MSG,88,/supplyorder/soadjust/SoSplitDialog,view/supplyorder/soadjust/SoSplitDialog.jsx
system,,CommonCode,N,N,N,N,UI_AD_01,LAYOUT_MIXED,mix_split,,,mid,splits=1 dirs=[unknown] tabs=0,ContentInner:1;SearchArea:1;SearchRow:1;WorkArea:1;BaseGrid:2;SplitPanel:1;VLayoutBox:2;GridAddRowButton:2;GridDeleteRowButton:2;GridSaveButton:2;InputField:2,system/common/,,,400,/system/CommonCode,view/system/commoncode/CommonCode.jsx
system,,JobScheduleMgmt,N,N,N,N,,LAYOUT_SINGLE,search_grid,P02_search_grid,,high,SearchArea + 1 BaseGrid,ContentInner:1;SearchArea:1;SearchRow:1;WorkArea:1;BaseGrid:1;InputField:1,engine/T3SeriesDataServer/InitializeJobSchedule;engine/T3SeriesDataServer/TerminateJobSchedule;engine/T3SeriesDataServer/PauseJob;engine/T3SeriesDataServer/ResumeJob,,,222,/system/JobScheduleMgmt,view/system/jobschedulemgmt/JobScheduleMgmt.jsx
system,,MenuMgmt,N,N,N,N,UI_AD_MENU_MST,LAYOUT_SINGLE,h2_tree_grid,P04_tree_grid,,high,TreeGrid=1,ContentInner:1;WorkArea:1;TreeGrid:1;GridAddRowButton:1;GridDeleteRowButton:1;GridSaveButton:1,system/menus/delete;system/menus;system/menus?all-menus=true,,,624,/system/MenuMgmt,view/system/menumgmt/MenuMgmt.jsx
system,,Multilingual,N,N,N,N,UI_AD_07,LAYOUT_SINGLE,search_grid,P02_search_grid,,high,SearchArea + 1 BaseGrid,ContentInner:1;SearchArea:1;SearchRow:1;WorkArea:1;BaseGrid:1;GridAddRowButton:1;GridDeleteRowButton:1;GridSaveButton:1;GridExcelExportButton:1;GridExcelImportButton:1;InputField:3,system/lang-packs/delete;system/lang-packs;system/lang-packs/language-codes;system/lang-packs/,,,313,/system/Multilingual,view/system/multilingual/Multilingual.jsx
system,,ThemeMgmt,N,N,N,N,UI_AD_THEME,LAYOUT_SINGLE,search_grid,P02_search_grid,,high,SearchArea + 1 BaseGrid,ContentInner:1;SearchArea:1;SearchRow:1;WorkArea:1;BaseGrid:1;GridAddRowButton:1;GridDeleteRowButton:1;GridSaveButton:1;InputField:2,system/themes/;system/themes/delete,,,516,/system/ThemeMgmt,view/system/thememgmt/ThemeMgmt.jsx
system,permission,GroupPermission,N,N,N,N,UI_AD_04,LAYOUT_V2,v2_dual_grid,,,mid,2 BaseGrid no SplitPanel,ContentInner:1;SearchArea:1;SearchRow:1;WorkArea:1;BaseGrid:2;GridSaveButton:1;InputField:1,system/groups/permissions;system/groups;system/groups/,,,354,/system/permission/GroupPermission,view/system/permission/grouppermission/GroupPermission.jsx
system,permission,TotalPermission,N,N,N,N,UI_AD_22,LAYOUT_V4,v4_multi_grid,,,mid,4 BaseGrid no SplitPanel,ContentInner:1;WorkArea:1;BaseGrid:4,/system/users;/system/users/groups;/system/users/;system/user/permissions/union,,,247,/system/permission/TotalPermission,view/system/permission/totalpermission/TotalPermission.jsx
system,permission,UserDelegation,N,N,N,N,UI_AD_18,LAYOUT_SINGLE,search_grid,P02_search_grid,,high,SearchArea + 1 BaseGrid,ContentInner:1;SearchArea:1;SearchRow:1;WorkArea:1;BaseGrid:1;GridAddRowButton:1;GridDeleteRowButton:1;GridSaveButton:1;InputField:2,system/users/delegations/delete;system/users/delegations;system/users,,,299,/system/permission/UserDelegation,view/system/permission/userdelegation/UserDelegation.jsx
system,permission,UserPermission,N,N,N,N,UI_AD_05,LAYOUT_V2,v2_dual_grid,,,mid,2 BaseGrid no SplitPanel,ContentInner:1;SearchArea:1;SearchRow:1;WorkArea:1;BaseGrid:2;GridSaveButton:1;InputField:3,system/users/permissions;system/users;system/users/,,,323,/system/permission/UserPermission,view/system/permission/userpermission/UserPermission.jsx
system,planscope,PlanScope,N,N,N,N,UI_AD_PLAN_SCOPE,LAYOUT_SINGLE,search_tab,P03_search_tabs,tabs=1,high,TabContainer=1,ContentInner:1;WorkArea:1;BaseGrid:3;TabContainer:1;GridAddRowButton:3;GridDeleteRowButton:2;GridSaveButton:3,common/planscope;common/planscope/modules;common/planscope/link,,,343,/system/planscope/PlanScope,view/system/planscope/planscope/PlanScope.jsx
system,planscope,PlanScopeUser,N,N,N,N,UI_AD_PLAN_SCOPE_USER,LAYOUT_V2,v2_dual_grid,,,mid,2 BaseGrid no SplitPanel,ContentInner:1;SearchArea:1;SearchRow:1;WorkArea:1;BaseGrid:2;GridSaveButton:1;InputField:3,system/users/planscope;system/users;system/users/,,,207,/system/planscope/PlanScopeUser,view/system/planscope/planscopeuser/PlanScopeUser.jsx
system,planscope,PlanScopeUserGroup,N,N,N,N,UI_AD_PLAN_SCOPE_USER_GRP,LAYOUT_V2,v2_dual_grid,,,mid,2 BaseGrid no SplitPanel,ContentInner:1;SearchArea:1;SearchRow:1;WorkArea:1;BaseGrid:2;GridSaveButton:1;InputField:1,/system/groups/planscope;system/groups;system/groups/,,,217,/system/planscope/PlanScopeUserGroup,view/system/planscope/planscopeusergroup/PlanScopeUserGroup.jsx
system,schedulerjob,SchedulerJobHistory,N,N,N,N,UI_AD_SCHEDULER_JOB_HISTORY,LAYOUT_SINGLE,search_grid,P02_search_grid,,high,SearchArea + 1 BaseGrid,ContentInner:1;SearchArea:1;SearchRow:1;WorkArea:1;BaseGrid:1;InputField:3,/scheduler-history/histories;system/common/codes,,,281,/system/schedulerjob/SchedulerJobHistory,view/system/schedulerjob/schedulerjobhistory/SchedulerJobHistory.jsx
system,schedulerjob,SchedulerJobMgmt,N,N,N,N,UI_AD_SCHEDULER_JOB_MGMT,LAYOUT_SINGLE,P02b_grid_only,,,mid,1 BaseGrid no SearchArea,ContentInner:1;WorkArea:1;BaseGrid:1;GridAddRowButton:1;GridDeleteRowButton:1;GridSaveButton:1;InputField:5,scheduler-mgmt/jobs;scheduler-mgmt/synchronize;scheduler-mgmt/cron-check;scheduler-mgmt/job/updates;scheduler-mgmt/job/reschedule;scheduler-mgmt/job;scheduler-mgmt/jobs-delete;/scheduler-mgmt/execute;scheduler-mgmt/server-info;system/common/codes;scheduler-mgmt/timezone;common/planscope/modules/module,,,1514,/system/schedulerjob/SchedulerJobMgmt,view/system/schedulerjob/schedulerjobmgmt/SchedulerJobMgmt.jsx
system,servermgmt,EngineHistory,N,N,N,N,,LAYOUT_SINGLE,search_grid,P02_search_grid,,high,SearchArea + 1 BaseGrid,ContentInner:1;SearchArea:1;SearchRow:1;WorkArea:1;BaseGrid:1;InputField:3,common/data,,SP_UI_CM_LOG,166,/system/servermgmt/EngineHistory,view/system/servermgmt/enginehistory/EngineHistory.jsx
system,servermgmt,License,N,N,N,N,UI_AD_06,LAYOUT_MIXED,mix_split,,,mid,splits=1 dirs=[unknown] tabs=0,ContentInner:1;WorkArea:1;BaseGrid:2;SplitPanel:1,engine/LicenseServer/GetLicenseResultInfo;engine/LicenseServer/GetLicensePossessionInfo;engine/LicenseServer/GetServerLicenseInfo,,,186,/system/servermgmt/License,view/system/servermgmt/license/License.jsx
system,servermgmt,ServerStatus,N,N,N,N,UI_AD_15,LAYOUT_SINGLE,P02b_grid_only,,,mid,1 BaseGrid no SearchArea,ContentInner:1;WorkArea:1;BaseGrid:1,engine/;system/server/server-status,,,122,/system/servermgmt/ServerStatus,view/system/servermgmt/serverstatus/ServerStatus.jsx
system,systemanalysis,AdminHistory,N,N,N,N,,LAYOUT_SINGLE,search_grid,P02_search_grid,,high,SearchArea + 1 BaseGrid,ContentInner:1;SearchArea:1;SearchRow:1;WorkArea:1;BaseGrid:1;InputField:3,system/logs/admin-action,,,139,/system/systemanalysis/AdminHistory,view/system/systemanalysis/adminhistory/AdminHistory.jsx
system,systemanalysis,LoginHistory,N,N,N,N,UI_AD_10,LAYOUT_SINGLE,search_grid,P02_search_grid,,high,SearchArea + 1 BaseGrid,ContentInner:1;SearchArea:1;SearchRow:1;WorkArea:1;BaseGrid:1;InputField:2,system/logs/system-access,,,114,/system/systemanalysis/LoginHistory,view/system/systemanalysis/loginhistory/LoginHistory.jsx
system,systemanalysis,TimeHistory,N,N,N,N,,LAYOUT_SINGLE,search_grid,P02_search_grid,,high,SearchArea + 1 BaseGrid,ContentInner:1;SearchArea:1;SearchRow:1;WorkArea:1;BaseGrid:1;GridExcelExportButton:1;InputField:4,system/logs/view-execution,,,158,/system/systemanalysis/TimeHistory,view/system/systemanalysis/timehistory/TimeHistory.jsx
system,systemconfig,MenuBadge,N,N,N,N,,LAYOUT_SINGLE,search_grid,P02_search_grid,,high,SearchArea + 1 BaseGrid,ContentInner:1;SearchArea:1;SearchRow:1;WorkArea:1;BaseGrid:1;GridAddRowButton:1;GridDeleteRowButton:1;GridSaveButton:1;InputField:1,system/menus/badges;system/menus/badges/general,,,168,/system/systemconfig/MenuBadge,view/system/systemconfig/menubadge/MenuBadge.jsx
system,systemconfig,PopPreferenceOptions,N,Y,N,N,,POPUP,popup,,popup_grid,high,Pop* file · grid=1,BaseGrid:1;GridAddRowButton:1;GridDeleteRowButton:1;GridSaveButton:1;PopupDialog:1,system/common/code-name-maps;system/users/preference-options;system/users/preference-options/delete,,,178,/system/systemconfig/preference/PopPreferenceOptions,view/system/systemconfig/preference/PopPreferenceOptions.jsx
system,systemconfig,Preference,N,N,N,N,UI_AD_GROUP_PREF,LAYOUT_V2,v2_dual_grid,,,mid,2 BaseGrid no SplitPanel,ContentInner:1;SearchArea:1;SearchRow:1;WorkArea:1;BaseGrid:2;GridCnt:1;GridAddRowButton:2;GridDeleteRowButton:2;GridSaveButton:2;InputField:5,system/groups;system/common/code-name-maps;system/users/preference-masters/delete;system/users/preference-details/delete;system/config/preference-details/copy;system/users/preference-masters;system/users/preference-details,,SP_UI_AD_GRID_DEFAULT_PREF_COPY,520,/system/systemconfig/Preference,view/system/systemconfig/preference/Preference.jsx
system,thememgmt,PopColorPicker,N,Y,N,N,,POPUP,popup,,popup_form,high,Pop* file · grid=0,InputField:2;PopupDialog:1,,,,110,/system/thememgmt/PopColorPicker,view/system/thememgmt/PopColorPicker.jsx
system,thememgmt,PropertiesPanal,N,N,N,N,,LAYOUT_SINGLE,P02b_grid_only,,,mid,1 BaseGrid no SearchArea,BaseGrid:1;GridAddRowButton:1;GridDeleteRowButton:1;GridSaveButton:1;InputField:2,system/themes/;system/themes/delete,,,271,/system/thememgmt/PropertiesPanal,view/system/thememgmt/PropertiesPanal.jsx
system,usermgmt,PopSelectUser,N,Y,N,N,,POPUP,popup,,popup_grid,high,Pop* file · grid=1,SearchArea:1;WorkArea:1;BaseGrid:1;InputField:2;PopupDialog:1,system/users/,,,104,/system/usermgmt/usergroup/PopSelectUser,view/system/usermgmt/usergroup/PopSelectUser.jsx
system,usermgmt,UserGroup,N,N,N,N,UI_AD_03,LAYOUT_V2,v2_dual_grid,,,mid,2 BaseGrid no SplitPanel,ContentInner:1;SearchArea:1;SearchRow:1;WorkArea:1;BaseGrid:2;GridAddRowButton:1;GridDeleteRowButton:2;GridSaveButton:2;InputField:1,system/groups;system/groups/;system/groups/delete,,,470,/system/usermgmt/UserGroup,view/system/usermgmt/usergroup/UserGroup.jsx
system,usermgmt,Users,N,N,N,N,UI_AD_02,LAYOUT_SINGLE,search_grid,P02_search_grid,,high,SearchArea + 1 BaseGrid,ContentInner:1;SearchArea:1;SearchRow:1;WorkArea:1;BaseGrid:1;GridAddRowButton:1;GridDeleteRowButton:1;GridSaveButton:1;InputField:3,system/users/delete;system/users/password-reset;system/users/login-unlock;system/users,,,234,/system/usermgmt/Users,view/system/usermgmt/users/Users.jsx
util,,DashboardTool,N,N,N,N,UI_UT_DASHBOARD_MGMT,LAYOUT_SINGLE,widget_dashboard,P01_widget_dashboard,,high,DashboardPanel=1,ContentInner:1;DashboardPanel:1,,,,74,/util/DashboardTool,view/util/dashboardtool/DashboardTool.jsx
util,,DataImport,N,N,N,N,UI_DATA_IMPORT,LAYOUT_SINGLE,search_tab,P03_search_tabs,tabs=1,high,TabContainer=1,ContentInner:1;TabContainer:1;InputField:5,data/bulk/import/files,,,482,/util/DataImport,view/util/dataimport/DataImport.jsx
util,,DataImportHistory,N,N,N,N,UI_DATA_IMPORT_HISTORY,LAYOUT_SINGLE,search_grid,P02_search_grid,,high,SearchArea + 1 BaseGrid,ContentInner:1;SearchArea:1;SearchRow:1;BaseGrid:1;GridCnt:1;InputField:2,,,,181,/util/DataImportHistory,view/util/dataimporthistory/DataImportHistory.jsx
util,,DeptMgmt,N,N,N,N,,LAYOUT_SINGLE,search_grid,P02_search_grid,,high,SearchArea + 1 BaseGrid,ContentInner:1;SearchArea:1;SearchRow:1;WorkArea:1;BaseGrid:1;GridCnt:1;GridAddRowButton:1;GridDeleteRowButton:1;GridSaveButton:1;GridExcelExportButton:1;InputField:4,util/dept-mgmt/delete;util/dept-mgmt,,,183,/util/DeptMgmt,view/util/deptmgmt/DeptMgmt.jsx
util,,FlowDiagram,N,N,N,N,UI_UT_FLOWDIAGRAM,LAYOUT_SINGLE,free_form,,,low,no recognized grid/chart/split components,ContentInner:1;WorkArea:1;WidgetFlowDiagram:1,,,,83,/util/FlowDiagram,view/util/flowdiagram/FlowDiagram.jsx
util,,IssueMgmt,N,N,N,N,UI_UT_ISSUE_MGMT,LAYOUT_SINGLE,search_grid,P02_search_grid,,high,SearchArea + 1 BaseGrid,ContentInner:1;SearchArea:1;SearchRow:1;WorkArea:1;BaseGrid:1;GridDeleteRowButton:1;InputField:4,,,,279,/util/IssueMgmt,view/util/issuemgmt/IssueMgmt.jsx
util,,NoticeBoard,N,N,N,N,UI_UT_01,LAYOUT_SINGLE,search_grid,P02_search_grid,,high,SearchArea + 1 BaseGrid,ContentInner:1;SearchArea:1;SearchRow:1;WorkArea:1;BaseGrid:1;GridAddRowButton:1;GridDeleteRowButton:1;InputField:2,noticeboard/delete;noticeboard;file-storage/files,,,322,/util/NoticeBoard,view/util/noticeboard/NoticeBoard.jsx
util,,SalesDashboard,N,N,N,N,,LAYOUT_H2,h2_master_detail,,,high,splits=1 dirs=[horizontal] tabs=0,ContentInner:1;SearchArea:1;SearchRow:1;WorkArea:1;BaseGrid:3;SplitPanel:1;GridCnt:3;InputField:2,util/sales-dashboard/kpi;util/sales-dashboard/notices;util/sales-dashboard/issues;util/sales-dashboard/schedules,,,549,/util/SalesDashboard,view/util/salesdashboard/SalesDashboard.jsx
util,,T3Composer,N,N,N,N,,LAYOUT_SINGLE,free_form,,,low,no recognized grid/chart/split components,ContentInner:4;WorkArea:4,,,,586,/util/T3Composer,view/util/t3composer/T3Composer.jsx
util,,T3ComposerDict,N,N,N,N,,LAYOUT_SINGLE,free_form,,,low,no recognized grid/chart/split components,ContentInner:1;WorkArea:1,,,,138,/util/T3ComposerDict,view/util/t3composerdict/T3ComposerDict.jsx
util,,T3ComposerHistory,N,N,N,N,,LAYOUT_SINGLE,free_form,,,low,no recognized grid/chart/split components,ContentInner:1;WorkArea:1,,,,1030,/util/T3ComposerHistory,view/util/t3composerhistory/T3ComposerHistory.jsx
util,,T3ComposerPatterns,N,N,N,N,,LAYOUT_ROUTELAYOUT,rl_layout_design,rl_layout,,mid,route keyword · flo=0,ContentInner:1;WorkArea:1,,,,703,/util/T3ComposerPatterns,view/util/t3composerpatterns/T3ComposerPatterns.jsx
util,,T3Mockup,N,N,N,N,,LAYOUT_SINGLE,free_form,,,low,no recognized grid/chart/split components,ContentInner:2,,,,168,/util/T3Mockup,view/util/t3mockup/T3Mockup.jsx
util,,UserInfo,N,N,N,N,,LAYOUT_SINGLE,search_grid,P02_search_grid,,high,SearchArea + 1 BaseGrid,ContentInner:1;SearchArea:1;SearchRow:1;WorkArea:1;BaseGrid:1;GridCnt:1;GridAddRowButton:1;GridDeleteRowButton:1;GridSaveButton:1;GridExcelExportButton:1;InputField:5;PopDepartment:2,util/user-infos;util/user-infos/delete,,,408,/util/UserInfo,view/util/userinfo/UserInfo.jsx
util,dataimport,DataImportback,N,N,N,N,,LAYOUT_SINGLE,free_form,,,low,no recognized grid/chart/split components,ContentInner:1;InputField:5,data/bulk/import/files,,,393,/util/dataimport/DataImportback,view/util/dataimport/DataImportback.jsx
util,flowdiagram,WorkFlowlist,N,N,N,N,,LAYOUT_SINGLE,free_form,,,low,no recognized grid/chart/split components,,,,,201,/util/flowdiagram/WorkFlowlist,view/util/flowdiagram/WorkFlowlist.jsx
util,noticeboard,PopNoticeDetail,N,Y,N,N,,POPUP,popup,,popup_form,high,Pop* file · grid=0,VLayoutBox:1;ZEditor:1;InputField:4;PopupDialog:1,noticeboard-file;file-storage/files,,,413,/util/noticeboard/PopNoticeDetail,view/util/noticeboard/PopNoticeDetail.jsx
util,noticeboard,PopNoticeSetting,N,Y,N,N,,POPUP,popup,,popup_form,high,Pop* file · grid=0,InputField:2;PopupDialog:1,system/menus/badges/noticeboard,,,84,/util/noticeboard/PopNoticeSetting,view/util/noticeboard/PopNoticeSetting.jsx
util,t3composer,ApiKeyDialog,N,N,N,N,,LAYOUT_SINGLE,free_form,,,low,no recognized grid/chart/split components,,,,,122,/util/t3composer/ApiKeyDialog,view/util/t3composer/ApiKeyDialog.jsx
util,t3composer,ArtifactApplyDialog,N,N,N,N,,LAYOUT_SINGLE,free_form,,,low,no recognized grid/chart/split components,,,,,616,/util/t3composer/ArtifactApplyDialog,view/util/t3composer/ArtifactApplyDialog.jsx
util,t3composer,ArtifactPanel,N,N,N,N,,LAYOUT_SINGLE,free_form,,,low,no recognized grid/chart/split components,,,,,353,/util/t3composer/ArtifactPanel,view/util/t3composer/ArtifactPanel.jsx
util,t3composer,ChatPanel,N,N,N,N,,LAYOUT_SINGLE,free_form,,,low,no recognized grid/chart/split components,,auth/validate,,,304,/util/t3composer/ChatPanel,view/util/t3composer/ChatPanel.jsx
util,t3composer,ComposerWorkspace,N,N,N,N,,LAYOUT_SINGLE,free_form,,,low,no recognized grid/chart/split components,,auth/validate,,,376,/util/t3composer/ComposerWorkspace,view/util/t3composer/ComposerWorkspace.jsx
util,t3composer,KpiChartPickerDialog,N,N,N,N,,LAYOUT_SINGLE,free_form,,,low,no recognized grid/chart/split components,,,,,242,/util/t3composer/KpiChartPickerDialog,view/util/t3composer/KpiChartPickerDialog.jsx
util,t3composer,LayerSpStep,N,N,N,N,,LAYOUT_SINGLE,free_form,,,low,no recognized grid/chart/split components,,,,SP_UI_CM_03_Q1,168,/util/t3composer/LayerSpStep,view/util/t3composer/LayerSpStep.jsx
util,t3composer,LayoutDesigner,N,N,N,N,,LAYOUT_SINGLE,free_form,,,low,no recognized grid/chart/split components,,,,SP_UI_CM_50_S1;SP_COMM_SRH_;SP_UI_CM_50_Q1,2971,/util/t3composer/LayoutDesigner,view/util/t3composer/LayoutDesigner.jsx
util,t3composer,MenuPickerDialog,N,N,N,N,,LAYOUT_SINGLE,free_form,,,low,no recognized grid/chart/split components,,,,,314,/util/t3composer/MenuPickerDialog,view/util/t3composer/MenuPickerDialog.jsx
util,t3composer,MenuRegistrationDialog,N,N,N,N,,LAYOUT_SINGLE,free_form,,,low,no recognized grid/chart/split components,,,,,965,/util/t3composer/MenuRegistrationDialog,view/util/t3composer/MenuRegistrationDialog.jsx
util,t3composer,MenuTreeBrowser,N,N,N,N,,LAYOUT_SINGLE,free_form,,,low,no recognized grid/chart/split components,,,,,233,/util/t3composer/MenuTreeBrowser,view/util/t3composer/MenuTreeBrowser.jsx
util,t3composer,ModeExistingModify,N,N,N,N,,LAYOUT_SINGLE,free_form,,,low,no recognized grid/chart/split components,,,,,482,/util/t3composer/ModeExistingModify,view/util/t3composer/ModeExistingModify.jsx
util,t3composer,ModeNewFromCopy,N,N,N,N,,LAYOUT_SINGLE,free_form,,,low,no recognized grid/chart/split components,,,,,643,/util/t3composer/ModeNewFromCopy,view/util/t3composer/ModeNewFromCopy.jsx
util,t3composer,ModeNewFromDesign,N,N,N,N,,LAYOUT_MIXED,mix_split,,with_tabs,high,"splits=5 dirs=[vertical,horizontal,horizontal,${dir},horizontal|vertical] tabs=1",BaseGrid:6;SplitPanel:5;TabContainer:1,,,,2984,/util/t3composer/ModeNewFromDesign,view/util/t3composer/ModeNewFromDesign.jsx
util,t3composer,ModeNewGeneral,N,N,N,N,,LAYOUT_SINGLE,free_form,,,low,no recognized grid/chart/split components,,,,,764,/util/t3composer/ModeNewGeneral,view/util/t3composer/ModeNewGeneral.jsx
util,t3composer,ModuleSelector,N,N,N,N,,LAYOUT_SINGLE,free_form,,,low,no recognized grid/chart/split components,,,,,116,/util/t3composer/ModuleSelector,view/util/t3composer/ModuleSelector.jsx
util,t3composer,OntologyPickerDialog,N,N,N,N,,LAYOUT_SINGLE,free_form,,,low,no recognized grid/chart/split components,,,,,299,/util/t3composer/OntologyPickerDialog,view/util/t3composer/OntologyPickerDialog.jsx
util,t3composer,PatternPickerDialog,N,N,N,N,,LAYOUT_SINGLE,free_form,,,low,no recognized grid/chart/split components,,,,,96,/util/t3composer/PatternPickerDialog,view/util/t3composer/PatternPickerDialog.jsx
util,t3composer,PatternPreview,N,N,N,N,,LAYOUT_SINGLE,free_form,,,low,no recognized grid/chart/split components,SearchArea:13,,,,6501,/util/t3composer/PatternPreview,view/util/t3composer/PatternPreview.jsx
util,t3composer,PatternSelector,N,N,N,N,,LAYOUT_ROUTELAYOUT,rl_layout_design,rl_layout,,mid,route keyword · flo=0,,,,,320,/util/t3composer/PatternSelector,view/util/t3composer/PatternSelector.jsx
util,t3composer,ScreenOverviewForm,N,N,N,N,,LAYOUT_SINGLE,free_form,,,low,no recognized grid/chart/split components,,,,,389,/util/t3composer/ScreenOverviewForm,view/util/t3composer/ScreenOverviewForm.jsx
util,t3composer,Step1Layout,N,N,N,N,,LAYOUT_SINGLE,free_form,,,low,no recognized grid/chart/split components,,,,,140,/util/t3composer/steps/Step1Layout,view/util/t3composer/steps/Step1Layout.jsx
util,t3composer,Step2Overview,N,N,N,N,,LAYOUT_SINGLE,free_form,,,low,no recognized grid/chart/split components,,,,,232,/util/t3composer/steps/Step2Overview,view/util/t3composer/steps/Step2Overview.jsx
util,t3composer,Step3Components,N,N,N,N,,LAYOUT_SINGLE,free_form,,,low,no recognized grid/chart/split components,,,,,227,/util/t3composer/steps/Step3Components,view/util/t3composer/steps/Step3Components.jsx
util,t3composer,Step4DataBinding,N,N,N,N,,LAYOUT_SINGLE,free_form,,,low,no recognized grid/chart/split components,,,,,367,/util/t3composer/steps/Step4DataBinding,view/util/t3composer/steps/Step4DataBinding.jsx
util,t3composer,Step5Columns,N,N,N,N,,LAYOUT_SINGLE,free_form,,,low,no recognized grid/chart/split components,,,,,235,/util/t3composer/steps/Step5Columns,view/util/t3composer/steps/Step5Columns.jsx
util,t3composer,Step6Cascade,N,N,N,N,,LAYOUT_SINGLE,free_form,,,low,no recognized grid/chart/split components,,,,,136,/util/t3composer/steps/Step6Cascade,view/util/t3composer/steps/Step6Cascade.jsx
util,t3composer,Step7FilterBar,N,N,N,N,,LAYOUT_SINGLE,free_form,,,low,no recognized grid/chart/split components,,,,,190,/util/t3composer/steps/Step7FilterBar,view/util/t3composer/steps/Step7FilterBar.jsx
util,t3composer,Step8FilterCascade,N,N,N,N,,LAYOUT_SINGLE,free_form,,,low,no recognized grid/chart/split components,,,,,167,/util/t3composer/steps/Step8FilterCascade,view/util/t3composer/steps/Step8FilterCascade.jsx
util,t3composer,Step9Generate,N,N,N,N,,LAYOUT_SINGLE,free_form,,,low,no recognized grid/chart/split components,,,,,171,/util/t3composer/steps/Step9Generate,view/util/t3composer/steps/Step9Generate.jsx
util,t3composer,StepByStepWizard,N,N,N,N,,LAYOUT_SINGLE,free_form,,,low,no recognized grid/chart/split components,,,,,492,/util/t3composer/StepByStepWizard,view/util/t3composer/StepByStepWizard.jsx
util,t3composer,StepDataInspector,N,N,N,N,,LAYOUT_SINGLE,free_form,,,low,no recognized grid/chart/split components,,,,,90,/util/t3composer/StepDataInspector,view/util/t3composer/StepDataInspector.jsx
util,t3composer,StepLayout,N,N,N,N,,LAYOUT_SINGLE,free_form,,,low,no recognized grid/chart/split components,,,,,297,/util/t3composer/StepLayout,view/util/t3composer/StepLayout.jsx
util,t3composer,TablePickerDialog,N,N,N,N,,LAYOUT_SINGLE,free_form,,,low,no recognized grid/chart/split components,,,,,284,/util/t3composer/TablePickerDialog,view/util/t3composer/TablePickerDialog.jsx
util,t3composerdict,ChartTypeTab,N,N,N,N,,LAYOUT_SINGLE,free_form,,,low,no recognized grid/chart/split components,,,,,410,/util/t3composerdict/ChartTypeTab,view/util/t3composerdict/ChartTypeTab.jsx
util,t3composerdict,GridTypeTab,N,N,N,N,,LAYOUT_SINGLE,free_form,,,low,no recognized grid/chart/split components,,,,,435,/util/t3composerdict/GridTypeTab,view/util/t3composerdict/GridTypeTab.jsx
util,t3composerdict,KpiDictTab,N,N,N,N,,LAYOUT_SINGLE,free_form,,,low,no recognized grid/chart/split components,,,,,710,/util/t3composerdict/KpiDictTab,view/util/t3composerdict/KpiDictTab.jsx
util,t3composerpatterns,PatternFormDialog,N,N,N,N,,LAYOUT_ROUTELAYOUT,rl_layout_design,rl_layout,,mid,route keyword · flo=0,,,,,334,/util/t3composerpatterns/PatternFormDialog,view/util/t3composerpatterns/PatternFormDialog.jsx
util,t3mockup,BaseWrapperMockup,N,N,Y,N,,BASE,base_wrapper,,,high,Base*.jsx wrapper,,,,,58,/util/t3mockup/base_wrapper/BaseWrapperMockup,view/util/t3mockup/base_wrapper/BaseWrapperMockup.jsx
util,t3mockup,CbChartMockup,N,N,N,N,,LAYOUT_SINGLE,free_form,,,low,no recognized grid/chart/split components,,,,,88,/util/t3mockup/cb_chart_master/CbChartMockup,view/util/t3mockup/cb_chart_master/CbChartMockup.jsx
util,t3mockup,CbGanttMockup,N,N,N,N,,LAYOUT_SINGLE,free_form,,,low,no recognized grid/chart/split components,,,,,94,/util/t3mockup/cb_gantt_master/CbGanttMockup,view/util/t3mockup/cb_gantt_master/CbGanttMockup.jsx
util,t3mockup,ChartViewMockup,N,N,N,N,,LAYOUT_SINGLE,free_form,,,low,no recognized grid/chart/split components,,,,,92,/util/t3mockup/P09_chart_view/ChartViewMockup,view/util/t3mockup/P09_chart_view/ChartViewMockup.jsx
util,t3mockup,ControlBoardMockup,N,N,N,N,,LAYOUT_SINGLE,free_form,,,low,no recognized grid/chart/split components,,,,,136,/util/t3mockup/cb_master_dashboard/ControlBoardMockup,view/util/t3mockup/cb_master_dashboard/ControlBoardMockup.jsx
util,t3mockup,FreeFormMockup,N,N,N,N,,LAYOUT_SINGLE,free_form,,,low,no recognized grid/chart/split components,,,,,69,/util/t3mockup/free_form/FreeFormMockup,view/util/t3mockup/free_form/FreeFormMockup.jsx
util,t3mockup,GanttViewMockup,N,N,N,N,,LAYOUT_SINGLE,free_form,,,low,no recognized grid/chart/split components,,,,,89,/util/t3mockup/gantt_view/GanttViewMockup,view/util/t3mockup/gantt_view/GanttViewMockup.jsx
util,t3mockup,GridChartStackedMockup,N,N,N,N,,LAYOUT_SINGLE,free_form,,,low,no recognized grid/chart/split components,,,,,152,/util/t3mockup/grid_chart_stacked/GridChartStackedMockup,view/util/t3mockup/grid_chart_stacked/GridChartStackedMockup.jsx
util,t3mockup,GridOnlyMockup,N,N,N,N,,LAYOUT_SINGLE,free_form,,,low,no recognized grid/chart/split components,,,,,66,/util/t3mockup/P02b_grid_only/GridOnlyMockup,view/util/t3mockup/P02b_grid_only/GridOnlyMockup.jsx
util,t3mockup,H2MasterDetailMockup,N,N,N,N,,LAYOUT_SINGLE,free_form,,,low,no recognized grid/chart/split components,,,,,113,/util/t3mockup/h2_master_detail/H2MasterDetailMockup,view/util/t3mockup/h2_master_detail/H2MasterDetailMockup.jsx
util,t3mockup,MasterDetailMockup,N,N,N,N,,LAYOUT_SINGLE,free_form,,,low,no recognized grid/chart/split components,,,,,133,/util/t3mockup/split_master_detail/MasterDetailMockup,view/util/t3mockup/split_master_detail/MasterDetailMockup.jsx
util,t3mockup,MixSplitMockup,N,N,N,N,,LAYOUT_SINGLE,free_form,,,low,no recognized grid/chart/split components,,,,,121,/util/t3mockup/mix_split/MixSplitMockup,view/util/t3mockup/mix_split/MixSplitMockup.jsx
util,t3mockup,MnGridAlertMockup,N,N,N,N,,LAYOUT_SINGLE,free_form,,,low,no recognized grid/chart/split components,,,,,84,/util/t3mockup/mn_grid_alert/MnGridAlertMockup,view/util/t3mockup/mn_grid_alert/MnGridAlertMockup.jsx
util,t3mockup,MnKpiMockup,N,N,N,N,,LAYOUT_SINGLE,free_form,,,low,no recognized grid/chart/split components,,,,,98,/util/t3mockup/mn_kpi_dashboard/MnKpiMockup,view/util/t3mockup/mn_kpi_dashboard/MnKpiMockup.jsx
util,t3mockup,MnSimpleMockup,N,N,N,N,,LAYOUT_SINGLE,free_form,,,low,no recognized grid/chart/split components,,,,,75,/util/t3mockup/mn_simple/MnSimpleMockup,view/util/t3mockup/mn_simple/MnSimpleMockup.jsx
util,t3mockup,MockShell,N,N,N,N,,LAYOUT_SINGLE,free_form,,,low,no recognized grid/chart/split components,ContentInner:1,,,,63,/util/t3mockup/_shared/MockShell,view/util/t3mockup/_shared/MockShell.jsx
util,t3mockup,PeGanttEditMockup,N,N,N,N,,LAYOUT_SINGLE,free_form,,,low,no recognized grid/chart/split components,,,,,109,/util/t3mockup/pe_gantt_edit/PeGanttEditMockup,view/util/t3mockup/pe_gantt_edit/PeGanttEditMockup.jsx
util,t3mockup,PeGridEditMockup,N,N,N,N,,LAYOUT_SINGLE,free_form,,,low,no recognized grid/chart/split components,,,,,81,/util/t3mockup/pe_grid_edit/PeGridEditMockup,view/util/t3mockup/pe_grid_edit/PeGridEditMockup.jsx
util,t3mockup,PePivotEditMockup,N,N,N,N,,LAYOUT_SINGLE,free_form,,,low,no recognized grid/chart/split components,,,,,93,/util/t3mockup/pe_pivot_grid_edit/PePivotEditMockup,view/util/t3mockup/pe_pivot_grid_edit/PePivotEditMockup.jsx
util,t3mockup,PivotTableMockup,N,N,N,N,,LAYOUT_SINGLE,free_form,,,low,no recognized grid/chart/split components,,,,,97,/util/t3mockup/pivot_table/PivotTableMockup,view/util/t3mockup/pivot_table/PivotTableMockup.jsx
util,t3mockup,PopupMockup,N,N,N,N,,LAYOUT_SINGLE,free_form,,,low,no recognized grid/chart/split components,,,,,81,/util/t3mockup/popup/PopupMockup,view/util/t3mockup/popup/PopupMockup.jsx
util,t3mockup,RouteLayoutMockup,N,N,N,N,,LAYOUT_ROUTELAYOUT,rl_layout_design,rl_layout,,mid,route keyword · flo=0,,,,,99,/util/t3mockup/rl_layout_design/RouteLayoutMockup,view/util/t3mockup/rl_layout_design/RouteLayoutMockup.jsx
util,t3mockup,SearchGridMockup,N,N,N,N,,LAYOUT_SINGLE,free_form,,,low,no recognized grid/chart/split components,,,,,104,/util/t3mockup/search_grid/SearchGridMockup,view/util/t3mockup/search_grid/SearchGridMockup.jsx
util,t3mockup,SearchTabMockup,N,N,N,N,,LAYOUT_SINGLE,free_form,,,low,no recognized grid/chart/split components,,,,,122,/util/t3mockup/search_tab/SearchTabMockup,view/util/t3mockup/search_tab/SearchTabMockup.jsx
util,t3mockup,SubcomponentMockup,N,N,N,N,,LAYOUT_SINGLE,free_form,,,low,no recognized grid/chart/split components,,,,,67,/util/t3mockup/subcomponent/SubcomponentMockup,view/util/t3mockup/subcomponent/SubcomponentMockup.jsx
util,t3mockup,TreeGridMockup,N,N,N,N,,LAYOUT_SINGLE,free_form,,,low,no recognized grid/chart/split components,,,,,128,/util/t3mockup/h2_tree_grid/TreeGridMockup,view/util/t3mockup/h2_tree_grid/TreeGridMockup.jsx
util,t3mockup,V2DualGridMockup,N,N,N,N,,LAYOUT_SINGLE,free_form,,,low,no recognized grid/chart/split components,,,,,112,/util/t3mockup/v2_dual_grid/V2DualGridMockup,view/util/t3mockup/v2_dual_grid/V2DualGridMockup.jsx
util,t3mockup,V3MultiGridMockup,N,N,N,N,,LAYOUT_SINGLE,free_form,,,low,no recognized grid/chart/split components,,,,,109,/util/t3mockup/v3_multi_grid/V3MultiGridMockup,view/util/t3mockup/v3_multi_grid/V3MultiGridMockup.jsx
util,t3mockup,V4MultiGridMockup,N,N,N,N,,LAYOUT_SINGLE,free_form,,,low,no recognized grid/chart/split components,,,,,120,/util/t3mockup/v4_multi_grid/V4MultiGridMockup,view/util/t3mockup/v4_multi_grid/V4MultiGridMockup.jsx
util,t3mockup,WidgetChartMockup,N,N,N,N,,LAYOUT_SINGLE,free_form,,,low,no recognized grid/chart/split components,,,,,64,/util/t3mockup/widget_chart/WidgetChartMockup,view/util/t3mockup/widget_chart/WidgetChartMockup.jsx
util,t3mockup,WidgetDashboardMockup,N,N,N,N,,LAYOUT_SINGLE,free_form,,,low,no recognized grid/chart/split components,,,,,135,/util/t3mockup/widget_dashboard/WidgetDashboardMockup,view/util/t3mockup/widget_dashboard/WidgetDashboardMockup.jsx
util,t3mockup,WidgetGridMockup,N,N,N,N,,LAYOUT_SINGLE,free_form,,,low,no recognized grid/chart/split components,,,,,53,/util/t3mockup/widget_grid/WidgetGridMockup,view/util/t3mockup/widget_grid/WidgetGridMockup.jsx
util,t3mockup,WidgetMiscMockup,N,N,N,N,,LAYOUT_SINGLE,free_form,,,low,no recognized grid/chart/split components,,,,,61,/util/t3mockup/widget_misc/WidgetMiscMockup,view/util/t3mockup/widget_misc/WidgetMiscMockup.jsx
util,t3mockup,WidgetPanelMockup,N,N,N,N,,LAYOUT_SINGLE,free_form,,,low,no recognized grid/chart/split components,,,,,58,/util/t3mockup/widget_panel/WidgetPanelMockup,view/util/t3mockup/widget_panel/WidgetPanelMockup.jsx
util,t3mockup,WidgetPivotMockup,N,N,N,N,,LAYOUT_SINGLE,free_form,,,low,no recognized grid/chart/split components,,,,,69,/util/t3mockup/widget_pivot/WidgetPivotMockup,view/util/t3mockup/widget_pivot/WidgetPivotMockup.jsx